Order_ID,Distance_km,Weather,Traffic_Level,Time_of_Day,Vehicle_Type,Preparation_Time_min,Courier_Experience_yrs,Delivery_Time
1,9.99,Clear,Medium,Morning,Scooter,14,1.6,57.6
2,23.82,Clear,Low,Evening,Bike,14,9.6,82.1
3,18.57,Clear,Medium,Afternoon,Scooter,11,2.2,97.5
4,15.37,Rainy,Medium,Morning,Bike,24,1.9,110.1
5,4.74,Clear,Medium,Afternoon,Scooter,18,3.9,34.2
6,4.74,Foggy,Medium,Morning,Bike,29,1.4,61.9
7,2.39,Clear,High,Morning,Scooter,34,2.0,53.8
8,21.79,Rainy,Low,Morning,Car,12,8.5,90.0
9,15.43,Rainy,Medium,Night,Bike,30,2.1,108.6
10,17.99,Rainy,Low,Night,Bike,13,1.6,85.5
11,1.49,Foggy,Medium,Morning,Bike,28,8.9,45.7
12,24.28,Rainy,Low,Morning,Bike,9,4.7,109.4
13,20.98,Foggy,Low,Morning,Car,29,2.0,114.0
14,6.1,Clear,Medium,Morning,Bike,25,6.0,38.4
15,5.36,Clear,Medium,Evening,Bike,12,0.9,32.0
16,5.4,Clear,High,Evening,Scooter,24,4.6,47.9
17,8.3,Clear,Medium,Evening,Bike,33,6.1,56.7
18,13.59,Clear,High,Night,Bike,9,9.6,76.8
19,11.37,Clear,Medium,Afternoon,Bike,31,3.6,76.2
20,7.99,Clear,Low,Morning,Scooter,24,7.8,33.0
21,15.68,Clear,Medium,Evening,Bike,22,1.8,94.0
22,4.35,Clear,Medium,Evening,Scooter,8,4.6,23.1
23,8.01,Foggy,Medium,Evening,Bike,15,2.6,59.9
24,9.79,Clear,Medium,Morning,Bike,25,5.2,67.6
25,11.95,Rainy,Medium,Morning,Bike,26,4.5,89.7
26,19.84,Clear,Medium,Afternoon,Car,24,9.8,94.3
27,5.79,Foggy,Low,Night,Bike,15,9.2,33.7
28,13.34,Foggy,Low,Afternoon,Bike,18,6.0,75.1
29,15.22,Rainy,Low,Morning,Car,30,2.2,87.5
30,2.11,Rainy,Low,Afternoon,Car,17,5.8,21.8
31,15.58,Clear,High,Evening,Scooter,32,8.0,106.9
32,5.09,Stormy,Low,Afternoon,Bike,8,0.9,43.9
33,2.56,Foggy,Medium,Evening,Bike,20,4.6,45.5
34,23.77,Foggy,Medium,Afternoon,Bike,10,0.9,147.3
35,24.18,Rainy,Low,Evening,Scooter,27,2.8,119.7
36,20.4,Clear,High,Afternoon,Bike,17,1.4,137.8
37,8.31,Foggy,Medium,Night,Bike,27,9.6,73.4
38,3.34,Clear,Low,Afternoon,Bike,24,2.1,27.7
39,17.42,Rainy,High,Morning,Bike,9,1.9,132.9
40,11.56,Clear,Low,Morning,Scooter,23,9.7,48.2
41,3.93,Foggy,Low,Evening,Scooter,25,5.4,33.9
42,12.88,Clear,High,Morning,Scooter,14,7.7,79.3
43,1.83,Clear,Medium,Evening,Bike,9,3.6,21.5
44,22.82,Rainy,Low,Night,Car,18,5.6,104.1
45,7.21,Rainy,Low,Morning,Bike,8,0.6,31.8
46,16.9,Rainy,High,Morning,Bike,10,4.4,118.4
47,8.48,Clear,Medium,Evening,Bike,9,5.8,48.1
48,13.48,Clear,Low,Night,Bike,28,5.4,65.3
49,14.12,Rainy,Medium,Night,Bike,33,4.4,106.1
50,5.44,Stormy,High,Afternoon,Bike,33,8.0,101.7
51,24.27,Foggy,Low,Evening,Car,6,5.3,112.8
52,19.6,Clear,High,Evening,Car,10,6.5,115.7
53,23.55,Foggy,Medium,Night,Bike,6,2.3,129.8
54,22.48,Clear,Medium,Evening,Bike,16,8.7,104.1
55,15.35,Clear,Medium,Morning,Bike,26,3.9,90.3
56,23.12,Clear,High,Morning,Bike,8,5.1,137.0
57,3.12,Clear,Low,Morning,Bike,17,3.8,22.8
58,5.7,Rainy,Low,Evening,Bike,21,9.0,43.8
59,2.09,Clear,High,Afternoon,Scooter,10,9.1,23.5
60,8.81,Clear,Medium,Afternoon,Bike,7,2.6,38.2
61,10.33,Clear,Medium,Night,Bike,17,7.7,60.1
62,7.51,Clear,Medium,Evening,Scooter,27,1.5,62.6
63,20.89,Rainy,Medium,Night,Scooter,7,0.8,113.4
64,9.56,Clear,High,Evening,Bike,30,8.4,81.8
65,7.74,Clear,High,Afternoon,Bike,24,1.7,82.7
66,14.02,Rainy,Medium,Morning,Car,13,2.0,84.1
67,4.38,Rainy,Low,Evening,Scooter,27,6.3,43.8
68,20.25,Rainy,Medium,Afternoon,Bike,8,8.3,96.0
69,2.79,Clear,Medium,Afternoon,Scooter,6,2.3,14.7
70,24.69,Foggy,Medium,Afternoon,Bike,9,1.6,152.5
71,19.53,Foggy,Medium,Morning,Scooter,12,1.2,125.7
72,5.77,Foggy,Low,Afternoon,Bike,6,0.7,31.1
73,1.13,Rainy,Medium,Night,Bike,29,1.6,48.3
74,20.57,Clear,Medium,Afternoon,Scooter,9,9.5,80.3
75,17.96,Stormy,High,Afternoon,Scooter,10,1.4,176.9
76,18.5,Clear,Medium,Evening,Bike,11,6.2,85.8
77,19.51,Clear,Low,Evening,Bike,17,9.2,66.2
78,2.78,Clear,Medium,Evening,Bike,13,6.5,25.3
79,9.6,Clear,High,Afternoon,Bike,11,0.8,72.4
80,3.78,Stormy,Medium,Afternoon,Bike,8,6.2,35.0
81,21.71,Rainy,Medium,Night,Scooter,9,9.1,104.3
82,15.96,Rainy,Medium,Morning,Bike,32,3.6,114.0
83,8.94,Rainy,Low,Afternoon,Scooter,7,3.5,28.6
84,2.53,Clear,High,Morning,Scooter,21,2.9,44.3
85,8.46,Clear,Low,Afternoon,Bike,23,5.3,45.5
86,8.8,Rainy,Medium,Morning,Scooter,17,2.8,62.9
87,18.51,Rainy,Low,Evening,Car,5,7.4,65.0
88,16.3,Clear,Low,Afternoon,Bike,9,6.6,63.4
89,22.29,Rainy,Medium,Night,Car,27,4.3,137.6
90,12.33,Clear,Medium,Morning,Scooter,13,7.4,62.3
91,3.87,Clear,Medium,Evening,Bike,8,1.4,24.4
92,18.12,Clear,Medium,Night,Bike,14,7.6,74.6
93,19.26,Clear,Medium,Evening,Scooter,18,6.2,99.1
94,14.47,Foggy,Medium,Afternoon,Bike,14,6.5,96.1
95,19.5,Foggy,Medium,Night,Scooter,5,1.1,119.3
96,12.85,Clear,Medium,Morning,Scooter,27,6.4,76.8
97,13.55,Rainy,Medium,Morning,Bike,23,5.2,85.0
98,11.26,Rainy,Medium,Night,Bike,21,5.1,82.2
99,1.61,Clear,High,Morning,Bike,24,3.6,48.6
100,3.59,Clear,Low,Evening,Bike,34,0.6,40.0
101,1.75,Stormy,High,Night,Car,31,4.5,74.5
102,16.27,Rainy,Low,Morning,Bike,29,4.3,84.5
103,8.54,Stormy,Medium,Evening,Bike,19,4.5,73.7
104,13.21,Clear,Low,Morning,Bike,26,6.3,58.9
105,22.78,Rainy,Medium,Evening,Car,10,3.3,132.5
106,6.98,Clear,Low,Afternoon,Bike,11,3.1,38.4
107,10.85,Clear,High,Evening,Car,5,5.2,61.6
108,19.13,Clear,High,Morning,Scooter,9,6.1,109.9
109,6.49,Clear,Medium,Evening,Car,24,5.9,41.7
110,2.85,Clear,Medium,Morning,Bike,24,8.9,32.2
111,7.95,Clear,High,Night,Bike,11,7.8,49.1
112,4.87,Clear,High,Night,Bike,6,1.0,34.7
113,23.31,Rainy,Medium,Afternoon,Bike,25,5.9,137.5
114,20.39,Clear,Medium,Evening,Scooter,27,4.5,106.9
115,16.2,Clear,Medium,Afternoon,Bike,7,3.9,78.3
116,21.92,Clear,Medium,Night,Bike,34,9.6,121.0
117,20.29,Clear,Medium,Evening,Scooter,6,4.8,87.1
118,5.48,Rainy,Medium,Evening,Bike,20,7.3,54.1
119,22.42,Clear,Low,Afternoon,Bike,32,9.7,82.7
120,13.94,Rainy,Medium,Afternoon,Bike,21,1.9,95.1
121,20.38,Clear,Medium,Evening,Scooter,25,1.0,106.0
122,22.51,Clear,High,Evening,Bike,16,3.5,137.3
123,8.63,Foggy,High,Evening,Scooter,32,0.9,118.1
124,3.64,Rainy,Medium,Afternoon,Bike,9,1.6,34.8
125,6.47,Clear,Medium,Morning,Bike,8,9.9,27.0
126,11.25,Foggy,Low,Night,Scooter,28,9.6,71.0
127,20.63,Clear,Medium,Night,Scooter,20,7.1,104.7
128,21.66,Foggy,Low,Afternoon,Bike,22,7.7,112.8
129,1.17,Rainy,Low,Evening,Scooter,17,1.8,22.0
130,13.26,Rainy,Medium,Night,Bike,32,6.2,95.0
131,11.02,Stormy,Medium,Night,Car,24,2.0,108.6
132,6.33,Clear,Low,Night,Scooter,25,4.1,35.3
133,3.88,Rainy,High,Night,Bike,13,3.8,43.3
134,9.1,Clear,Medium,Evening,Car,20,6.3,50.0
135,23.63,Clear,Low,Afternoon,Bike,7,1.3,90.0
136,8.76,Clear,Low,Evening,Scooter,33,1.5,56.9
137,13.45,Clear,Low,Evening,Car,21,6.3,58.8
138,17.87,Rainy,Low,Night,Bike,34,6.5,88.0
139,9.73,Rainy,High,Night,Bike,24,3.7,96.7
140,24.32,Rainy,Medium,Evening,Scooter,14,1.9,138.1
141,24.1,Clear,High,Evening,Bike,26,8.9,156.6
142,7.04,Clear,Low,Evening,Car,27,1.0,39.1
143,12.93,Foggy,Medium,Morning,Bike,24,7.3,92.2
144,8.22,Clear,Medium,Night,Scooter,8,1.8,44.7
145,7.84,Rainy,Medium,Afternoon,Bike,26,6.6,60.3
146,1.89,Rainy,Medium,Afternoon,Bike,5,6.8,23.9
147,15.63,Rainy,High,Afternoon,Car,25,8.1,135.8
148,13.06,Clear,Low,Morning,Scooter,20,4.3,53.4
149,2.24,Foggy,Medium,Morning,Bike,15,0.7,28.9
150,7.69,Clear,High,Afternoon,Bike,23,8.2,74.3
151,22.8,Foggy,Low,Afternoon,Scooter,12,4.7,115.0
152,6.75,Clear,Low,Afternoon,Scooter,9,8.5,25.0
153,4.48,Clear,Low,Evening,Scooter,27,7.9,35.0
154,12.75,Clear,Medium,Night,Scooter,28,5.2,70.3
155,24.66,Rainy,Low,Morning,Bike,12,10.0,108.8
156,6.81,Clear,Low,Morning,Car,33,4.9,46.9
157,17.13,Clear,Medium,Evening,Scooter,22,7.1,89.5
158,19.28,Clear,Medium,Morning,Bike,33,6.9,100.5
159,6.7,Foggy,Low,Afternoon,Bike,19,5.4,40.5
160,18.48,Foggy,Medium,Morning,Bike,22,6.1,123.7
161,9.83,Rainy,Medium,Evening,Scooter,17,8.1,72.8
162,16.18,Rainy,High,Night,Scooter,19,5.9,123.0
163,16.2,Clear,Medium,Afternoon,Car,30,4.8,88.7
164,13.86,Clear,High,Morning,Bike,25,6.8,100.0
165,3.17,Foggy,Medium,Afternoon,Scooter,17,0.8,47.8
166,21.05,Clear,Low,Night,Car,7,1.5,74.3
167,8.7,Clear,Medium,Morning,Bike,16,1.7,51.4
168,5.48,Clear,High,Afternoon,Bike,16,4.5,51.9
169,1.98,Clear,Medium,Evening,Scooter,14,8.8,24.4
170,15.18,Clear,High,Evening,Car,5,6.6,80.9
171,17.26,Clear,High,Night,Bike,28,9.7,118.7
172,1.4,Clear,Low,Night,Bike,10,0.9,15.4
173,13.29,Clear,Low,Night,Bike,23,7.4,57.8
174,6.44,Clear,Low,Morning,Bike,28,3.5,47.1
175,16.48,Clear,Medium,Night,Bike,17,0.7,92.0
176,5.18,Clear,Low,Morning,Bike,31,8.3,32.4
177,17.58,Rainy,High,Afternoon,Car,5,2.0,129.5
178,10.28,Clear,Low,Evening,Scooter,23,2.5,54.1
179,23.48,Rainy,Medium,Afternoon,Bike,29,3.7,156.2
180,4.3,Rainy,Low,Evening,Car,10,8.0,24.6
181,9.19,Rainy,High,Night,Scooter,5,6.4,64.0
182,3.72,Clear,Medium,Afternoon,Bike,29,3.0,45.2
183,23.19,Clear,High,Afternoon,Bike,27,2.1,162.0
184,22.06,Clear,High,Night,Scooter,21,1.5,154.7
185,7.19,Rainy,Medium,Afternoon,Scooter,21,1.9,63.5
186,16.84,Clear,Low,Morning,Bike,25,8.7,68.5
187,20.61,Foggy,Low,Evening,Bike,15,9.3,99.2
188,14.32,Foggy,Low,Night,Scooter,24,9.7,79.2
189,13.71,Clear,Medium,Morning,Bike,16,8.4,81.2
190,6.8,Clear,Low,Morning,Scooter,28,8.9,41.5
191,3.23,Rainy,Low,Night,Scooter,17,8.3,32.4
192,22.53,Clear,Medium,Afternoon,Bike,22,9.6,107.6
193,22.61,Clear,Medium,Evening,Bike,26,8.5,98.7
194,16.19,Foggy,Medium,Morning,Bike,28,4.9,115.4
195,9.14,Clear,Medium,Afternoon,Bike,5,3.6,40.4
196,9.38,Foggy,High,Night,Bike,7,6.1,65.1
197,18.42,Rainy,Medium,Night,Scooter,21,6.3,108.4
198,22.53,Rainy,Low,Evening,Bike,11,6.0,88.9
199,22.29,Clear,High,Night,Bike,21,7.2,129.8
200,19.72,Clear,High,Evening,Scooter,20,7.1,122.8
201,16.41,Clear,Low,Night,Scooter,16,1.3,78.5
202,3.02,Clear,Medium,Night,Car,29,3.2,33.4
203,4.88,Clear,Medium,Morning,Bike,12,9.0,22.8
204,22.57,Clear,Low,Afternoon,Bike,15,6.1,80.0
205,15.55,Clear,High,Morning,Bike,7,3.6,90.1
206,1.22,Clear,Low,Evening,Bike,32,8.6,18.3
207,3.44,Rainy,High,Morning,Scooter,33,2.9,67.1
208,16.92,Clear,Medium,Night,Bike,16,4.4,80.1
209,1.12,Clear,Medium,Night,Scooter,8,3.1,13.9
210,4.86,Rainy,Low,Afternoon,Bike,13,8.8,30.7
211,14.17,Stormy,Low,Evening,Bike,30,7.4,103.9
212,17.61,Clear,Low,Night,Car,26,4.9,74.5
213,16.65,Clear,Low,Afternoon,Bike,25,9.4,63.7
214,6.38,Rainy,Medium,Afternoon,Bike,33,9.3,63.2
215,18.09,Foggy,High,Night,Bike,25,7.3,149.4
216,6.69,Rainy,Medium,Night,Car,21,9.0,59.9
217,8.81,Rainy,High,Evening,Bike,20,7.3,72.6
218,18.92,Clear,Medium,Afternoon,Bike,16,6.5,85.9
219,16.59,Clear,High,Afternoon,Scooter,34,4.5,131.6
220,21.38,Clear,High,Afternoon,Scooter,19,3.1,135.4
221,16.78,Rainy,Low,Evening,Scooter,19,1.1,90.6
222,14.64,Rainy,High,Afternoon,Bike,5,8.1,101.8
223,3.25,Stormy,Medium,Morning,Car,7,1.7,37.2
224,9.83,Clear,High,Morning,Scooter,6,4.4,52.6
225,7.36,Clear,Medium,Afternoon,Bike,30,2.7,53.9
226,6.86,Clear,Medium,Morning,Bike,34,4.8,58.5
227,24.35,Rainy,Low,Morning,Car,21,3.5,118.2
228,10.43,Rainy,Low,Evening,Scooter,16,8.4,57.7
229,22.41,Clear,Medium,Afternoon,Scooter,9,9.8,87.4
230,16.15,Clear,High,Evening,Scooter,34,9.4,112.6
231,20.08,Clear,Medium,Afternoon,Bike,34,6.4,108.9
232,13.06,Clear,Medium,Night,Bike,15,9.8,60.2
233,14.85,Foggy,High,Morning,Bike,23,4.3,144.4
234,12.82,Clear,High,Evening,Bike,19,5.5,87.7
235,5.69,Rainy,Low,Evening,Bike,34,2.9,54.8
236,18.34,Rainy,Low,Night,Bike,11,9.0,80.3
237,7.74,Rainy,Low,Night,Scooter,12,2.2,50.5
238,1.58,Clear,High,Morning,Bike,14,6.3,24.1
239,16.49,Foggy,High,Morning,Bike,10,8.1,126.4
240,5.25,Clear,Low,Afternoon,Scooter,32,6.2,49.0
241,23.57,Clear,Low,Afternoon,Scooter,25,1.2,100.1
242,23.89,Clear,High,Night,Bike,19,6.3,140.3
243,22.96,Clear,High,Morning,Scooter,14,7.8,140.3
244,9.88,Clear,High,Morning,Scooter,32,2.3,98.6
245,1.37,Clear,Medium,Night,Bike,25,7.5,27.6
246,23.28,Stormy,Low,Night,Bike,21,8.8,139.7
247,11.28,Clear,Medium,Evening,Bike,32,9.9,64.0
248,24.2,Rainy,Low,Night,Scooter,26,4.4,123.8
249,24.13,Stormy,High,Evening,Bike,10,0.7,225.2
250,21.47,Clear,Medium,Afternoon,Bike,23,4.5,114.4
251,8.07,Rainy,High,Night,Car,24,6.8,78.2
252,10.24,Clear,Medium,Night,Bike,24,9.0,51.2
253,21.43,Clear,High,Night,Bike,10,9.4,104.1
254,8.61,Clear,Medium,Evening,Bike,18,9.1,45.7
255,5.07,Foggy,Medium,Night,Bike,28,6.8,62.1
256,14.36,Clear,Medium,Night,Scooter,32,7.0,77.9
257,23.47,Rainy,Low,Morning,Scooter,17,0.5,107.9
258,17.7,Clear,High,Morning,Bike,17,4.0,111.2
259,14.68,Foggy,Medium,Morning,Bike,13,9.1,90.7
260,3.33,Clear,Medium,Night,Bike,13,7.1,29.3
261,15.76,Rainy,High,Morning,Car,25,4.9,134.4
262,24.76,Rainy,High,Afternoon,Scooter,28,1.5,209.6
263,4.36,Rainy,Medium,Morning,Bike,33,2.8,63.3
264,13.44,Foggy,High,Night,Bike,12,5.8,105.5
265,22.06,Foggy,Low,Morning,Bike,14,9.0,104.0
266,18.78,Clear,Low,Morning,Bike,24,1.4,76.7
267,17.73,Clear,Medium,Morning,Car,8,2.0,85.4
268,17.86,Clear,Medium,Afternoon,Scooter,7,6.7,70.8
269,9.63,Clear,Medium,Afternoon,Scooter,17,3.3,56.9
270,8.05,Clear,Medium,Evening,Bike,25,2.1,64.4
271,20.42,Clear,Medium,Night,Bike,12,2.2,99.1
272,20.44,Clear,High,Afternoon,Bike,28,5.2,138.5
273,21.81,Stormy,Medium,Afternoon,Bike,13,6.0,159.0
274,22.92,Clear,High,Afternoon,Bike,18,9.1,134.0
275,13.27,Foggy,High,Night,Bike,5,5.5,106.9
276,13.04,Clear,Low,Evening,Bike,18,7.1,56.9
277,20.16,Rainy,Low,Night,Bike,16,2.2,94.2
278,16.6,Foggy,Medium,Morning,Car,8,7.3,92.3
279,17.85,Clear,High,Evening,Car,26,6.7,115.3
280,20.1,Clear,Low,Morning,Bike,25,2.6,80.6
281,22.36,Clear,Low,Afternoon,Bike,8,6.9,63.7
282,9.11,Clear,High,Night,Bike,17,2.5,67.7
283,10.01,Foggy,Medium,Morning,Scooter,20,6.1,68.3
284,3.26,Foggy,Low,Evening,Car,15,6.9,27.8
285,14.88,Clear,Low,Morning,Car,7,7.1,49.0
286,1.86,Clear,High,Morning,Scooter,6,9.1,10.2
287,12.17,Clear,High,Afternoon,Bike,29,9.5,79.8
288,14.02,Clear,Low,Morning,Bike,30,8.2,62.3
289,7.88,Rainy,Medium,Morning,Bike,7,8.8,34.4
290,15.18,Clear,High,Afternoon,Scooter,24,0.7,118.0
291,1.73,Clear,High,Evening,Bike,21,3.9,35.7
292,1.9,Clear,High,Afternoon,Scooter,5,0.9,15.7
293,20.74,Clear,Medium,Morning,Scooter,30,2.6,123.3
294,9.64,Rainy,High,Night,Bike,29,4.1,102.7
295,4.05,Clear,Medium,Afternoon,Car,15,8.7,30.4
296,13.53,Stormy,Low,Afternoon,Bike,20,5.4,96.6
297,19.48,Foggy,Medium,Morning,Car,24,6.7,125.1
298,6.18,Clear,Medium,Night,Car,14,3.9,36.1
299,15.95,Clear,High,Evening,Bike,24,6.2,109.1
300,3.05,Foggy,Low,Night,Bike,10,8.2,14.6
301,2.24,Foggy,High,Afternoon,Bike,6,3.4,33.9
302,13.75,Foggy,Low,Night,Scooter,26,9.4,77.8
303,13.98,Clear,Medium,Evening,Bike,33,2.5,89.6
304,16.3,Stormy,Low,Night,Car,11,9.2,101.2
305,18.43,Clear,Medium,Night,Bike,21,0.8,94.9
306,24.42,Rainy,Medium,Night,Scooter,12,5.7,138.1
307,13.39,Foggy,Medium,Afternoon,Car,17,9.9,87.7
308,8.75,Clear,Low,Morning,Scooter,26,6.3,52.2
309,20.08,Foggy,Medium,Morning,Bike,29,5.8,137.8
310,7.5,Clear,High,Night,Bike,33,7.0,75.7
311,11.54,Stormy,Medium,Afternoon,Bike,8,3.2,87.4
312,2.88,Clear,Low,Afternoon,Bike,15,1.0,26.7
313,1.61,Stormy,Low,Afternoon,Bike,6,2.9,17.9
314,24.1,Clear,High,Morning,Bike,29,2.2,163.6
315,21.06,Rainy,Medium,Afternoon,Scooter,12,9.3,105.0
316,17.7,Clear,Low,Night,Bike,22,8.6,69.2
317,10.81,Clear,High,Morning,Scooter,12,3.5,70.3
318,5.16,Clear,Medium,Afternoon,Bike,15,8.4,40.0
319,4.75,Rainy,Low,Night,Bike,28,2.5,49.1
320,7.01,Clear,High,Morning,Bike,9,2.4,53.0
321,14.18,Rainy,Medium,Afternoon,Bike,11,7.8,78.6
322,18.15,Clear,Medium,Evening,Bike,27,3.6,96.5
323,16.84,Stormy,Medium,Night,Scooter,8,1.1,132.0
324,7.72,Clear,High,Evening,Car,26,7.3,57.6
325,23.92,Clear,Low,Morning,Bike,14,9.9,81.7
326,18.71,Clear,Low,Afternoon,Bike,10,5.9,62.9
327,14.3,Clear,Low,Night,Bike,17,3.0,56.3
328,15.68,Clear,High,Night,Car,20,4.0,104.3
329,11.07,Clear,Medium,Night,Scooter,26,6.7,66.5
330,6.95,Foggy,Medium,Evening,Scooter,29,7.2,68.8
331,9.54,Rainy,Low,Afternoon,Bike,6,8.9,43.7
332,19.19,Rainy,Medium,Afternoon,Bike,30,9.1,117.2
333,1.35,Clear,High,Afternoon,Bike,28,8.7,37.2
334,3.79,Rainy,Medium,Evening,Car,19,6.7,31.4
335,2.1,Clear,High,Morning,Bike,12,4.8,18.8
336,1.98,Rainy,Medium,Evening,Scooter,21,7.0,33.3
337,21.53,Clear,High,Morning,Bike,31,6.8,147.1
338,17.89,Clear,Low,Evening,Bike,33,2.6,84.2
339,12.38,Clear,Medium,Afternoon,Bike,18,5.3,71.1
340,3.35,Foggy,High,Afternoon,Scooter,34,2.5,70.9
341,12.8,Clear,High,Afternoon,Bike,22,9.0,88.4
342,12.36,Rainy,Low,Evening,Car,33,3.6,74.8
343,5.16,Clear,Medium,Night,Bike,18,8.2,30.9
344,11.41,Rainy,Low,Evening,Bike,8,4.1,48.4
345,10.56,Foggy,High,Morning,Bike,25,7.8,104.2
346,15.78,Clear,Medium,Evening,Scooter,25,2.6,92.6
347,16.24,Clear,Medium,Morning,Bike,26,7.8,87.5
348,2.09,Foggy,Low,Evening,Bike,27,2.2,34.9
349,9.99,Clear,High,Night,Bike,5,5.2,60.6
350,16.02,Clear,Medium,Night,Bike,27,1.6,103.2
351,13.08,Rainy,Low,Afternoon,Scooter,10,5.5,58.6
352,21.56,Rainy,Medium,Night,Bike,9,8.3,109.0
353,16.81,Clear,Low,Evening,Scooter,19,7.7,62.4
354,4.91,Foggy,Medium,Night,Scooter,34,1.0,69.1
355,2.69,Clear,High,Afternoon,Car,20,5.2,43.7
356,16.42,Clear,High,Evening,Bike,26,8.6,115.4
357,1.64,Rainy,Medium,Morning,Bike,31,6.7,40.2
358,15.06,Clear,High,Evening,Car,12,1.1,100.5
359,23.57,Clear,Medium,Afternoon,Scooter,33,3.6,133.4
360,14.81,Rainy,Low,Night,Bike,32,5.8,82.6
361,10.32,Foggy,High,Night,Bike,10,2.1,82.3
362,16.44,Foggy,Medium,Evening,Car,9,7.0,97.6
363,12.0,Stormy,Medium,Morning,Bike,10,6.5,94.7
364,14.09,Foggy,High,Morning,Scooter,29,2.4,149.1
365,23.6,Clear,Low,Morning,Bike,32,5.7,97.1
366,10.27,Clear,High,Morning,Bike,5,8.2,63.7
367,24.07,Foggy,High,Evening,Bike,18,4.1,194.0
368,22.73,Clear,Medium,Night,Bike,23,2.8,111.6
369,5.7,Rainy,Low,Morning,Bike,23,7.2,33.1
370,2.66,Rainy,Medium,Evening,Car,29,1.2,46.4
371,3.42,Clear,Low,Evening,Scooter,19,8.4,24.9
372,1.44,Foggy,Medium,Evening,Scooter,23,9.5,31.2
373,3.27,Clear,High,Morning,Scooter,10,9.7,36.6
374,17.39,Clear,Medium,Morning,Bike,29,4.6,99.9
375,2.71,Stormy,Medium,Evening,Bike,30,6.4,55.7
376,8.66,Clear,Medium,Evening,Car,9,8.6,29.5
377,21.28,Clear,Medium,Evening,Bike,30,2.6,119.5
378,1.56,Clear,High,Night,Bike,20,0.8,38.9
379,20.55,Foggy,Medium,Night,Car,31,4.2,156.6
380,7.76,Rainy,High,Afternoon,Bike,13,8.9,61.5
381,3.84,Rainy,Medium,Afternoon,Car,29,5.3,59.2
382,17.72,Rainy,Medium,Morning,Car,19,5.5,99.5
383,16.09,Clear,Low,Night,Bike,26,7.1,67.2
384,22.06,Foggy,Medium,Afternoon,Bike,12,6.0,123.3
385,18.64,Foggy,Medium,Evening,Car,29,1.0,145.5
386,20.28,Clear,Low,Evening,Bike,29,5.8,79.5
387,7.77,Clear,High,Morning,Bike,12,6.7,55.0
388,5.26,Stormy,Medium,Morning,Bike,33,6.6,74.5
389,19.01,Foggy,High,Afternoon,Scooter,8,7.4,143.7
390,20.36,Foggy,Low,Evening,Scooter,28,5.4,110.0
391,24.77,Foggy,Medium,Morning,Car,6,9.1,130.3
392,10.9,Clear,Low,Morning,Car,20,4.9,41.2
393,9.93,Rainy,Low,Night,Car,7,5.4,37.0
394,19.63,Clear,High,Afternoon,Bike,13,7.9,107.7
395,9.18,Clear,Low,Morning,Scooter,30,8.4,53.3
396,23.34,Rainy,Medium,Afternoon,Bike,8,6.7,122.2
397,21.6,Clear,Low,Evening,Bike,6,1.7,83.8
398,11.3,Rainy,Medium,Afternoon,Scooter,23,3.7,74.6
399,19.02,Clear,High,Morning,Bike,27,0.7,142.1
400,19.11,Clear,Medium,Night,Car,29,3.3,104.2
401,3.47,Clear,Medium,Afternoon,Bike,19,5.9,27.1
402,22.66,Clear,Medium,Afternoon,Scooter,11,8.1,94.1
403,13.13,Clear,High,Evening,Bike,12,6.1,80.2
404,20.83,Clear,Medium,Night,Bike,7,0.9,100.1
405,8.68,Stormy,Medium,Afternoon,Bike,27,3.0,104.9
406,22.49,Clear,Medium,Night,Bike,19,6.0,109.4
407,10.34,Clear,High,Morning,Bike,5,7.2,60.5
408,1.26,Rainy,Medium,Night,Car,20,8.7,35.7
409,22.73,Rainy,Medium,Morning,Scooter,32,9.7,138.3
410,3.19,Clear,Medium,Evening,Bike,26,9.0,33.5
411,8.66,Rainy,Low,Evening,Bike,7,4.9,42.8
412,23.8,Rainy,Medium,Evening,Bike,6,7.6,125.6
413,23.81,Clear,Medium,Morning,Bike,34,2.8,128.0
414,14.76,Clear,Medium,Afternoon,Scooter,19,1.1,80.0
415,16.16,Foggy,Medium,Morning,Bike,8,1.0,108.0
416,11.76,Foggy,Low,Night,Scooter,31,2.8,80.7
417,8.04,Rainy,High,Night,Bike,18,0.9,84.4
418,8.89,Clear,High,Morning,Bike,13,8.6,64.3
419,17.14,Clear,High,Evening,Scooter,26,5.2,112.9
420,19.06,Rainy,Medium,Evening,Bike,32,8.2,119.4
421,20.0,Clear,Medium,Night,Scooter,13,9.4,92.4
422,19.95,Clear,High,Night,Scooter,18,9.9,114.1
423,3.19,Rainy,Medium,Afternoon,Scooter,19,9.4,23.9
424,12.87,Clear,Medium,Afternoon,Bike,28,7.3,72.5
425,2.38,Rainy,High,Afternoon,Car,9,4.7,31.7
426,14.19,Foggy,Medium,Night,Scooter,28,6.2,112.6
427,11.6,Clear,Medium,Afternoon,Bike,6,8.3,49.9
428,22.3,Foggy,Low,Night,Bike,28,9.0,115.4
429,9.42,Clear,Low,Night,Bike,21,9.6,40.8
430,3.81,Foggy,Low,Morning,Bike,15,7.4,33.8
431,4.43,Clear,High,Afternoon,Car,17,5.6,49.8
432,19.28,Clear,Medium,Morning,Bike,16,9.7,89.6
433,15.84,Rainy,Medium,Morning,Car,7,9.6,77.8
434,3.43,Clear,High,Afternoon,Bike,27,5.0,51.9
435,3.02,Foggy,Medium,Night,Bike,24,6.7,48.3
436,17.82,Clear,Medium,Night,Car,17,8.2,83.4
437,2.75,Clear,Low,Night,Bike,19,4.6,27.1
438,20.72,Clear,High,Afternoon,Bike,15,8.4,120.0
439,17.95,Clear,Low,Night,Car,20,1.6,84.0
440,2.95,Clear,Low,Morning,Car,11,5.1,21.2
441,3.04,Rainy,Low,Evening,Scooter,5,5.1,13.7
442,24.68,Rainy,Low,Afternoon,Car,27,7.0,123.0
443,9.98,Foggy,Low,Evening,Scooter,34,1.6,81.1
444,9.9,Stormy,Medium,Morning,Bike,23,1.5,103.0
445,20.51,Clear,Low,Evening,Scooter,22,9.1,70.4
446,23.73,Rainy,Medium,Morning,Car,13,3.4,134.2
447,24.66,Clear,Low,Evening,Bike,22,3.6,107.5
448,19.08,Rainy,Low,Evening,Bike,7,7.9,62.9
449,10.03,Clear,Medium,Night,Bike,7,4.4,34.1
450,3.0,Stormy,High,Evening,Scooter,8,8.4,41.6
451,19.65,Rainy,High,Morning,Bike,20,4.3,153.5
452,14.4,Stormy,High,Morning,Scooter,15,7.7,144.7
453,11.18,Foggy,Medium,Morning,Bike,27,5.5,87.9
454,22.75,Foggy,Medium,Afternoon,Scooter,27,9.4,130.6
455,3.67,Foggy,Medium,Morning,Bike,19,3.6,39.0
456,12.82,Clear,Medium,Afternoon,Bike,13,3.9,72.8
457,1.27,Clear,Low,Morning,Scooter,30,9.7,22.0
458,12.25,Clear,Medium,Afternoon,Bike,12,7.5,56.0
459,2.35,Clear,Medium,Evening,Bike,26,7.8,18.9
460,3.85,Clear,Medium,Evening,Bike,10,3.3,16.5
461,3.82,Clear,Medium,Morning,Bike,25,5.6,43.8
462,16.58,Clear,Low,Afternoon,Bike,22,3.5,70.4
463,18.91,Stormy,Medium,Night,Car,10,3.0,146.6
464,15.0,Foggy,Low,Night,Scooter,10,5.6,68.3
465,24.09,Clear,High,Night,Car,16,9.9,125.0
466,10.0,Clear,Low,Evening,Bike,9,2.5,39.3
467,7.86,Clear,Low,Evening,Bike,18,2.8,37.3
468,21.85,Clear,High,Afternoon,Bike,10,2.8,125.3
469,6.37,Rainy,Medium,Morning,Scooter,25,8.0,51.8
470,24.12,Clear,Low,Evening,Bike,31,5.3,99.9
471,1.29,Rainy,Medium,Morning,Scooter,34,4.2,42.1
472,24.28,Foggy,Low,Night,Bike,32,8.5,120.8
473,2.04,Foggy,Low,Night,Bike,24,3.3,41.6
474,22.39,Clear,Low,Morning,Bike,23,4.2,93.0
475,13.66,Rainy,Medium,Afternoon,Scooter,18,1.2,92.4
476,24.83,Clear,High,Night,Bike,5,1.6,141.6
477,2.77,Clear,Medium,Afternoon,Bike,31,1.8,45.3
478,14.29,Clear,Medium,Night,Car,24,3.8,84.2
479,24.26,Clear,Low,Evening,Scooter,33,5.5,97.0
480,13.55,Clear,Medium,Night,Bike,29,0.5,80.0
481,16.11,Clear,High,Afternoon,Bike,27,2.3,109.1
482,17.7,Rainy,Low,Evening,Bike,11,2.2,91.1
483,11.91,Rainy,High,Night,Bike,11,2.9,90.5
484,16.06,Clear,Medium,Evening,Scooter,18,2.1,88.4
485,15.02,Clear,High,Evening,Bike,24,2.4,111.7
486,22.63,Foggy,Medium,Night,Car,20,9.8,136.5
487,2.09,Clear,Medium,Morning,Bike,16,6.1,22.5
488,7.74,Foggy,High,Morning,Bike,27,7.7,82.9
489,23.81,Rainy,High,Afternoon,Car,15,8.3,155.1
490,22.37,Clear,Low,Afternoon,Bike,22,6.8,84.4
491,11.94,Clear,High,Night,Car,16,7.2,70.0
492,15.88,Clear,Low,Evening,Scooter,28,6.5,66.1
493,7.66,Clear,Low,Evening,Bike,14,6.7,28.2
494,5.51,Clear,Medium,Morning,Bike,28,9.3,43.2
495,12.13,Rainy,Medium,Morning,Bike,29,2.3,92.6
496,9.48,Clear,High,Evening,Car,9,3.1,62.2
497,15.01,Clear,Medium,Evening,Bike,30,1.4,97.9
498,2.87,Rainy,Low,Afternoon,Bike,28,8.5,32.8
499,24.39,Clear,Medium,Evening,Bike,6,4.8,97.1
500,24.67,Clear,Low,Evening,Scooter,14,9.1,74.0
501,17.76,Clear,Medium,Night,Bike,30,4.4,101.4
502,13.87,Clear,Medium,Evening,Bike,28,4.7,79.1
503,8.43,Rainy,Low,Morning,Car,30,4.8,58.8
504,20.53,Clear,Medium,Morning,Bike,20,6.3,101.1
505,17.43,Rainy,Medium,Afternoon,Bike,29,7.8,118.7
506,4.9,Clear,Medium,Afternoon,Scooter,10,3.8,20.9
507,22.86,Clear,Medium,Night,Scooter,10,6.5,94.2
508,20.74,Clear,Low,Afternoon,Bike,24,2.4,88.1
509,23.8,Rainy,Low,Evening,Bike,33,5.8,114.5
510,18.42,Clear,Low,Evening,Bike,28,5.7,72.0
511,15.72,Clear,Low,Night,Bike,27,8.9,72.9
512,11.04,Rainy,Medium,Morning,Scooter,16,9.0,61.5
513,23.39,Clear,High,Evening,Bike,13,5.1,129.8
514,21.79,Clear,Medium,Evening,Scooter,21,0.7,109.4
515,2.09,Rainy,Medium,Night,Bike,14,8.5,29.7
516,1.63,Clear,Medium,Morning,Scooter,12,0.5,15.5
517,10.04,Rainy,Medium,Afternoon,Bike,28,5.0,72.9
518,20.45,Clear,High,Evening,Car,13,0.7,125.6
519,24.69,Rainy,High,Morning,Bike,11,3.8,172.2
520,4.61,Rainy,Medium,Night,Scooter,29,6.5,57.7
521,15.26,Clear,Low,Night,Bike,14,4.0,64.8
522,10.14,Rainy,High,Morning,Bike,28,9.3,91.8
523,24.28,Foggy,Low,Night,Scooter,29,6.6,124.1
524,21.21,Clear,High,Afternoon,Bike,29,6.6,151.0
525,21.12,Clear,High,Morning,Bike,5,4.1,122.0
526,12.25,Rainy,Low,Afternoon,Scooter,23,0.9,71.3
527,10.96,Rainy,High,Night,Scooter,26,7.5,89.3
528,7.56,Clear,High,Afternoon,Bike,32,7.3,71.9
529,2.35,Foggy,High,Afternoon,Bike,15,5.5,32.0
530,21.75,Clear,Medium,Afternoon,Bike,27,4.5,109.6
531,20.51,Rainy,Low,Afternoon,Car,24,5.6,95.2
532,24.99,Rainy,Medium,Morning,Bike,14,7.6,130.0
533,24.92,Stormy,Medium,Night,Scooter,6,7.3,164.2
534,14.33,Clear,Low,Night,Bike,18,6.8,54.3
535,19.46,Rainy,Medium,Evening,Bike,16,9.1,98.4
536,23.67,Clear,Medium,Afternoon,Bike,8,6.3,100.1
537,21.39,Clear,Low,Afternoon,Scooter,26,0.6,92.3
538,6.94,Clear,Medium,Evening,Bike,17,6.4,33.3
539,11.81,Rainy,Low,Evening,Bike,24,6.3,68.8
540,4.1,Clear,Medium,Afternoon,Bike,32,1.2,45.4
541,23.9,Clear,Medium,Night,Bike,14,4.6,109.0
542,15.55,Rainy,Low,Evening,Bike,6,6.7,62.8
543,6.49,Rainy,High,Afternoon,Bike,29,7.2,78.6
544,17.12,Rainy,Low,Night,Scooter,21,9.0,80.4
545,15.84,Foggy,Medium,Morning,Bike,14,8.5,88.0
546,9.6,Clear,High,Evening,Bike,27,1.6,87.8
547,3.73,Stormy,High,Evening,Car,20,6.3,65.6
548,17.12,Foggy,Low,Night,Bike,13,6.2,88.3
549,13.49,Clear,High,Morning,Car,23,3.4,103.7
550,19.54,Clear,High,Night,Bike,15,2.2,131.0
551,13.48,Clear,Medium,Evening,Bike,10,2.4,61.8
552,21.45,Clear,Medium,Morning,Bike,29,2.2,125.2
553,14.25,Rainy,Low,Afternoon,Bike,29,8.2,77.4
554,14.46,Rainy,Medium,Evening,Bike,8,1.9,86.5
555,22.04,Rainy,Medium,Night,Bike,20,3.0,136.8
556,10.68,Clear,High,Night,Scooter,16,2.6,79.5
557,4.22,Clear,Medium,Night,Bike,28,7.3,35.9
558,1.69,Foggy,Medium,Night,Bike,28,2.0,49.4
559,19.12,Clear,Low,Night,Bike,31,0.7,92.5
560,15.89,Stormy,Low,Evening,Scooter,20,4.1,100.2
561,17.9,Clear,Low,Morning,Bike,27,3.4,77.5
562,6.11,Stormy,Low,Night,Bike,26,4.3,57.1
563,4.27,Clear,Medium,Night,Scooter,7,7.7,15.6
564,1.35,Clear,High,Afternoon,Car,16,0.6,32.1
565,9.41,Clear,Medium,Afternoon,Bike,19,0.9,52.0
566,15.16,Rainy,Medium,Morning,Car,24,2.9,97.1
567,10.41,Foggy,Medium,Evening,Bike,34,8.9,99.5
568,11.5,Clear,Medium,Evening,Car,16,2.1,62.0
569,22.7,Foggy,Medium,Morning,Scooter,13,10.0,127.4
570,9.36,Rainy,Medium,Morning,Car,14,8.2,63.5
571,13.34,Rainy,Medium,Morning,Scooter,27,4.8,98.9
572,19.81,Foggy,Low,Night,Bike,31,7.6,109.2
573,10.52,Clear,Low,Evening,Bike,12,5.4,42.5
574,15.93,Clear,Medium,Morning,Bike,17,5.9,81.7
575,21.7,Foggy,High,Afternoon,Bike,26,6.0,182.0
576,23.79,Foggy,Medium,Night,Bike,19,6.7,147.4
577,4.53,Stormy,High,Night,Car,32,1.1,103.1
578,23.24,Foggy,Medium,Night,Bike,21,6.4,143.4
579,12.81,Clear,Medium,Night,Bike,31,7.3,86.9
580,7.2,Foggy,Medium,Morning,Bike,16,3.5,56.1
581,12.02,Clear,High,Night,Scooter,20,9.8,79.4
582,24.52,Stormy,Low,Afternoon,Bike,29,1.9,171.6
583,12.82,Clear,Medium,Afternoon,Bike,15,9.1,63.9
584,8.89,Rainy,Low,Morning,Car,23,6.9,54.7
585,16.2,Clear,Medium,Night,Scooter,33,6.8,87.0
586,6.76,Clear,High,Afternoon,Scooter,17,8.8,52.6
587,2.82,Clear,Medium,Evening,Scooter,7,8.4,18.1
588,4.09,Foggy,Medium,Night,Bike,29,3.8,63.2
589,4.07,Foggy,High,Morning,Scooter,8,7.2,42.0
590,4.65,Clear,Medium,Evening,Bike,28,1.0,53.6
591,4.33,Rainy,Medium,Night,Bike,19,4.9,37.2
592,16.38,Rainy,High,Evening,Bike,18,9.4,113.3
593,5.37,Clear,Medium,Night,Bike,32,3.1,54.6
594,9.3,Clear,Medium,Night,Bike,15,1.0,60.5
595,22.52,Foggy,Low,Afternoon,Bike,32,6.0,122.5
596,12.38,Rainy,Low,Evening,Bike,17,3.9,60.6
597,17.02,Clear,Medium,Evening,Bike,24,4.1,84.4
598,5.14,Rainy,Medium,Morning,Scooter,22,6.0,50.4
599,5.61,Clear,High,Morning,Bike,17,6.4,47.5
600,1.98,Clear,High,Evening,Car,25,4.7,37.9
601,5.05,Clear,High,Afternoon,Bike,31,5.3,67.1
602,7.69,Clear,Medium,Afternoon,Scooter,23,9.9,47.8
603,5.25,Rainy,High,Night,Scooter,8,9.6,40.7
604,3.13,Foggy,Medium,Morning,Car,16,7.2,38.9
605,3.9,Clear,Medium,Morning,Bike,7,2.0,34.3
606,12.06,Clear,Medium,Morning,Bike,20,3.9,66.3
607,5.95,Rainy,Low,Night,Bike,5,8.9,21.4
608,9.74,Foggy,Low,Afternoon,Bike,8,4.5,44.1
609,13.08,Rainy,High,Morning,Bike,13,9.6,94.7
610,17.57,Foggy,Medium,Night,Scooter,27,5.1,119.2
611,1.94,Clear,Medium,Evening,Bike,17,8.7,20.3
612,20.19,Rainy,Medium,Afternoon,Bike,26,0.8,134.1
613,16.07,Clear,High,Evening,Bike,34,4.6,132.1
614,2.96,Clear,Medium,Morning,Bike,14,7.2,30.0
615,21.97,Clear,Medium,Night,Car,13,8.7,87.2
616,23.1,Clear,Low,Afternoon,Car,24,6.3,98.5
617,2.47,Foggy,Low,Morning,Bike,10,2.1,14.9
618,7.65,Foggy,High,Afternoon,Bike,23,8.9,82.2
619,20.35,Clear,Medium,Night,Car,7,6.0,83.2
620,18.96,Clear,Medium,Night,Bike,14,1.5,92.8
621,5.43,Clear,Medium,Morning,Scooter,14,4.9,30.1
622,6.02,Clear,High,Afternoon,Car,28,7.1,70.5
623,9.89,Rainy,Medium,Night,Bike,25,4.8,75.3
624,12.63,Foggy,Medium,Afternoon,Bike,28,8.8,95.1
625,15.84,Stormy,Medium,Afternoon,Bike,29,4.5,141.3
626,9.85,Rainy,Low,Evening,Car,6,6.0,35.8
627,12.1,Foggy,High,Morning,Bike,17,2.5,109.8
628,18.94,Clear,High,Morning,Bike,11,5.4,113.0
629,1.88,Clear,High,Afternoon,Scooter,33,2.6,50.1
630,7.06,Clear,High,Evening,Scooter,17,2.6,63.8
631,18.12,Rainy,High,Afternoon,Bike,34,3.2,166.3
632,22.48,Rainy,Medium,Morning,Bike,18,0.9,137.8
633,13.28,Clear,High,Morning,Bike,32,2.1,114.4
634,13.77,Clear,Medium,Afternoon,Bike,22,4.5,77.2
635,3.57,Clear,Low,Afternoon,Bike,18,1.7,30.9
636,11.74,Stormy,Medium,Afternoon,Scooter,27,1.8,124.8
637,13.78,Clear,High,Morning,Bike,31,9.7,104.4
638,6.82,Rainy,Medium,Afternoon,Bike,17,4.6,55.9
639,7.46,Rainy,High,Afternoon,Bike,23,4.3,86.7
640,10.05,Clear,Low,Night,Bike,12,3.0,46.9
641,1.48,Rainy,Medium,Morning,Scooter,8,5.4,24.7
642,8.73,Foggy,Medium,Afternoon,Scooter,13,6.2,57.7
643,6.07,Clear,Low,Evening,Scooter,16,4.5,35.9
644,8.86,Foggy,Low,Morning,Scooter,24,4.2,54.3
645,3.87,Clear,Low,Afternoon,Scooter,6,7.2,21.1
646,22.37,Clear,High,Afternoon,Bike,33,9.5,143.9
647,15.25,Foggy,Low,Night,Bike,8,8.8,72.1
648,17.3,Foggy,Low,Night,Scooter,25,1.6,110.6
649,19.94,Stormy,Low,Morning,Bike,28,6.7,136.7
650,12.96,Rainy,Medium,Night,Bike,23,0.6,92.7
651,3.09,Foggy,Medium,Night,Bike,13,6.5,25.7
652,13.89,Foggy,Medium,Morning,Bike,13,4.9,91.5
653,15.08,Foggy,Medium,Evening,Bike,15,5.2,95.6
654,18.89,Rainy,Low,Afternoon,Scooter,14,6.1,87.6
655,11.36,Clear,Medium,Afternoon,Bike,7,7.6,47.7
656,4.06,Foggy,High,Night,Car,12,7.4,39.4
657,7.81,Clear,Low,Afternoon,Bike,26,0.9,46.3
658,9.71,Clear,Medium,Night,Bike,15,7.5,53.5
659,16.5,Clear,Low,Morning,Bike,10,8.4,58.1
660,14.7,Rainy,Low,Morning,Bike,22,1.1,77.4
661,9.55,Clear,Medium,Morning,Car,12,3.6,59.9
662,24.68,Clear,Medium,Afternoon,Bike,27,8.0,118.1
663,15.54,Foggy,Low,Night,Bike,6,5.2,59.6
664,6.69,Clear,Medium,Night,Bike,24,7.1,52.3
665,3.44,Rainy,High,Afternoon,Bike,9,5.3,33.9
666,4.67,Clear,High,Morning,Bike,29,9.8,53.1
667,6.9,Clear,High,Evening,Bike,14,9.4,47.6
668,4.86,Clear,Medium,Night,Bike,34,3.2,51.7
669,5.48,Rainy,Medium,Night,Scooter,22,4.2,60.0
670,7.84,Clear,Medium,Afternoon,Scooter,16,4.6,49.2
671,5.16,Foggy,Low,Evening,Bike,32,1.5,56.8
672,22.52,Clear,Medium,Morning,Bike,27,4.3,116.1
673,2.93,Clear,Medium,Night,Scooter,25,7.9,42.0
674,13.59,Clear,Low,Afternoon,Scooter,6,8.5,49.9
675,10.85,Clear,High,Evening,Bike,14,8.9,73.1
676,24.58,Rainy,Low,Afternoon,Bike,16,0.6,118.9
677,3.69,Foggy,Medium,Evening,Bike,23,8.0,49.8
678,10.55,Rainy,Low,Afternoon,Bike,9,5.3,50.7
679,24.27,Clear,Medium,Evening,Bike,14,2.5,113.8
680,21.77,Clear,Low,Night,Bike,5,5.2,75.8
681,20.61,Clear,Low,Evening,Scooter,11,8.5,81.1
682,7.19,Stormy,Medium,Morning,Bike,5,4.6,55.3
683,5.1,Clear,Medium,Night,Bike,26,9.9,47.5
684,17.05,Rainy,Medium,Morning,Scooter,32,6.4,121.6
685,23.31,Clear,Low,Night,Scooter,26,5.2,97.2
686,14.36,Clear,Medium,Evening,Bike,21,3.3,88.0
687,14.72,Clear,Medium,Night,Bike,16,0.6,68.8
688,7.72,Clear,Medium,Afternoon,Bike,11,6.3,31.4
689,19.47,Rainy,High,Evening,Bike,12,6.0,144.5
690,5.49,Clear,Medium,Afternoon,Bike,7,5.4,25.3
691,8.77,Rainy,Medium,Afternoon,Bike,19,5.6,63.6
692,11.21,Clear,High,Afternoon,Bike,16,8.5,81.4
693,13.18,Stormy,High,Afternoon,Scooter,30,3.5,171.1
694,6.82,Clear,High,Morning,Bike,21,5.7,68.0
695,3.76,Foggy,Medium,Evening,Bike,6,7.0,24.2
696,15.65,Foggy,Medium,Afternoon,Bike,21,2.5,115.0
697,7.93,Stormy,Low,Morning,Scooter,29,9.3,70.4
698,14.95,Clear,Medium,Night,Car,8,7.5,72.6
699,4.7,Rainy,High,Afternoon,Scooter,11,1.0,46.4
700,12.55,Clear,Medium,Afternoon,Car,19,8.7,59.4
701,13.78,Clear,High,Morning,Bike,25,9.3,91.6
702,2.24,Clear,Medium,Night,Bike,29,8.0,32.0
703,9.08,Clear,Medium,Night,Bike,20,4.5,52.5
704,4.23,Stormy,High,Morning,Bike,29,9.9,79.4
705,2.52,Clear,High,Afternoon,Bike,10,1.7,31.8
706,24.76,Rainy,High,Evening,Bike,9,5.6,172.1
707,8.74,Rainy,High,Morning,Bike,30,2.1,103.5
708,20.44,Clear,Medium,Evening,Bike,20,4.7,98.5
709,7.11,Rainy,Medium,Afternoon,Car,5,9.3,34.4
710,17.36,Clear,High,Afternoon,Bike,19,8.0,96.6
711,19.25,Rainy,Medium,Night,Bike,24,7.9,116.4
712,15.3,Clear,Low,Afternoon,Bike,9,3.9,53.8
713,12.32,Foggy,Medium,Night,Scooter,17,9.4,86.5
714,10.88,Rainy,Medium,Night,Scooter,18,4.0,67.1
715,9.37,Stormy,Low,Afternoon,Bike,29,0.9,85.4
716,23.31,Clear,Medium,Night,Bike,6,6.6,96.8
717,20.93,Clear,Low,Afternoon,Scooter,6,3.9,75.8
718,24.16,Clear,Medium,Night,Bike,23,2.0,133.9
719,3.98,Clear,High,Night,Car,23,9.4,37.6
720,18.54,Clear,Medium,Afternoon,Bike,16,6.6,86.0
721,23.52,Rainy,High,Evening,Bike,27,9.4,164.3
722,5.35,Clear,Medium,Morning,Car,34,6.0,56.2
723,2.6,Clear,High,Afternoon,Bike,21,1.1,37.5
724,18.79,Foggy,Low,Night,Bike,6,0.8,90.1
725,14.79,Rainy,Low,Morning,Bike,15,9.1,65.2
726,21.2,Clear,High,Evening,Scooter,21,0.9,144.2
727,4.35,Clear,High,Afternoon,Bike,18,6.3,42.1
728,20.09,Clear,Low,Night,Bike,13,3.3,71.9
729,5.84,Clear,High,Night,Bike,30,7.0,64.1
730,4.93,Rainy,Medium,Afternoon,Scooter,29,3.2,53.8
731,4.94,Clear,High,Night,Bike,33,0.9,73.0
732,20.55,Foggy,Medium,Morning,Bike,23,7.4,130.8
733,16.96,Rainy,Medium,Night,Bike,32,3.5,115.6
734,13.55,Rainy,Medium,Morning,Scooter,23,5.7,102.3
735,9.61,Clear,Medium,Morning,Scooter,5,7.9,49.8
736,22.05,Clear,Medium,Afternoon,Bike,9,7.2,106.3
737,10.42,Rainy,Medium,Night,Scooter,23,3.8,75.9
738,20.6,Clear,Low,Morning,Bike,6,7.6,64.0
739,11.54,Clear,Low,Night,Bike,33,9.3,61.5
740,10.05,Clear,Low,Morning,Scooter,18,6.3,50.4
741,12.1,Clear,High,Evening,Bike,23,7.2,87.7
742,8.23,Rainy,Medium,Afternoon,Scooter,28,8.7,56.3
743,18.94,Clear,High,Afternoon,Car,12,8.5,101.0
744,13.07,Clear,High,Afternoon,Bike,21,3.8,96.5
745,6.57,Clear,Medium,Morning,Bike,6,9.9,26.3
746,22.59,Rainy,High,Evening,Car,21,0.8,175.0
747,10.21,Foggy,Medium,Morning,Bike,12,9.9,61.4
748,14.05,Foggy,Low,Afternoon,Bike,18,2.8,62.9
749,22.76,Clear,Medium,Morning,Bike,21,4.7,109.1
750,15.98,Clear,Medium,Afternoon,Bike,10,8.9,67.1
751,3.81,Clear,High,Night,Scooter,30,2.8,58.8
752,23.56,Rainy,Medium,Morning,Bike,33,2.6,159.7
753,16.06,Rainy,Low,Night,Scooter,15,6.6,75.6
754,9.04,Rainy,Medium,Morning,Scooter,12,7.2,59.7
755,4.34,Clear,Medium,Afternoon,Bike,17,0.6,34.8
756,20.06,Rainy,Low,Night,Bike,12,4.8,81.6
757,15.88,Clear,Medium,Morning,Scooter,11,5.1,74.5
758,13.8,Rainy,High,Afternoon,Scooter,28,3.1,125.1
759,22.45,Clear,High,Morning,Bike,28,5.7,141.0
760,19.93,Rainy,Medium,Night,Bike,34,2.0,144.0
761,4.64,Clear,Medium,Morning,Bike,30,3.6,40.5
762,8.48,Clear,Low,Morning,Bike,34,7.3,54.1
763,6.96,Rainy,Medium,Night,Bike,7,8.8,32.5
764,18.85,Clear,High,Afternoon,Scooter,6,6.1,101.4
765,1.8,Rainy,Medium,Morning,Bike,16,1.2,25.3
766,14.68,Rainy,Low,Morning,Car,8,6.9,67.8
767,19.3,Rainy,High,Evening,Scooter,9,9.0,127.1
768,22.04,Clear,High,Evening,Bike,20,5.3,133.1
769,9.21,Clear,Medium,Afternoon,Bike,6,5.2,41.9
770,20.71,Rainy,Low,Night,Scooter,31,9.9,106.1
771,3.66,Clear,Low,Afternoon,Scooter,28,6.5,39.2
772,21.31,Rainy,Low,Afternoon,Car,28,8.2,95.2
773,4.06,Clear,Medium,Afternoon,Bike,17,6.6,37.9
774,10.53,Clear,Low,Morning,Bike,32,2.6,66.2
775,20.14,Clear,High,Morning,Car,8,3.2,118.0
776,4.6,Clear,High,Afternoon,Bike,32,6.8,59.5
777,6.5,Clear,Medium,Afternoon,Scooter,9,4.8,32.0
778,18.33,Rainy,Medium,Evening,Bike,31,4.3,118.6
779,18.28,Rainy,Medium,Night,Scooter,16,0.7,115.7
780,16.39,Clear,High,Afternoon,Bike,19,8.9,99.8
781,17.65,Stormy,High,Evening,Scooter,9,8.9,155.2
782,14.03,Clear,Low,Afternoon,Bike,9,4.9,54.5
783,7.04,Foggy,Low,Night,Car,20,7.2,59.7
784,9.3,Rainy,High,Afternoon,Bike,29,2.2,109.5
785,5.36,Rainy,Medium,Night,Bike,13,5.3,43.0
786,22.8,Clear,Low,Morning,Bike,19,4.7,77.6
787,15.0,Clear,Medium,Night,Car,34,6.7,91.6
788,10.62,Clear,High,Afternoon,Bike,31,5.0,99.6
789,12.09,Rainy,Low,Evening,Bike,8,5.2,51.8
790,23.73,Clear,High,Morning,Bike,21,3.3,162.8
791,4.68,Rainy,Low,Evening,Bike,28,1.0,48.6
792,15.07,Clear,High,Afternoon,Bike,31,9.2,108.4
793,13.14,Foggy,Medium,Morning,Bike,5,0.6,75.5
794,15.67,Clear,Medium,Evening,Scooter,20,3.2,91.8
795,1.43,Clear,Medium,Afternoon,Bike,27,4.8,26.7
796,21.93,Clear,High,Evening,Scooter,32,3.5,152.3
797,23.37,Clear,High,Night,Scooter,33,5.7,148.9
798,14.56,Clear,Medium,Night,Car,24,4.9,85.7
799,17.72,Rainy,Medium,Afternoon,Scooter,21,2.9,116.0
800,23.14,Clear,Medium,Evening,Bike,8,1.3,107.2
801,17.97,Clear,Medium,Afternoon,Scooter,27,1.8,106.5
802,4.66,Foggy,High,Evening,Bike,17,5.1,60.7
803,14.83,Clear,Low,Morning,Bike,12,8.5,51.8
804,15.56,Foggy,Low,Afternoon,Scooter,22,1.5,87.6
805,11.18,Stormy,Medium,Afternoon,Car,17,6.9,86.0
806,18.67,Clear,Low,Evening,Bike,13,8.0,65.8
807,23.42,Clear,High,Afternoon,Bike,9,3.1,129.5
808,23.21,Clear,Medium,Morning,Bike,34,6.8,122.5
809,11.82,Rainy,Medium,Evening,Bike,15,7.0,70.8
810,3.72,Rainy,High,Evening,Scooter,32,7.2,64.1
811,24.64,Rainy,Medium,Evening,Bike,18,9.0,135.8
812,21.13,Rainy,Medium,Morning,Bike,28,4.3,130.3
813,3.99,Clear,Low,Morning,Bike,22,2.8,21.0
814,23.1,Foggy,Medium,Afternoon,Car,22,5.7,145.2
815,21.88,Rainy,Low,Evening,Scooter,24,1.1,109.3
816,13.45,Rainy,Medium,Morning,Scooter,20,3.7,90.0
817,15.19,Foggy,Medium,Night,Bike,8,8.9,79.3
818,10.58,Rainy,Medium,Afternoon,Car,23,5.6,78.3
819,2.31,Clear,Medium,Morning,Bike,9,4.6,12.9
820,9.04,Clear,Low,Morning,Car,6,3.0,29.9
821,20.27,Clear,High,Morning,Bike,21,2.9,137.4
822,1.11,Clear,Low,Afternoon,Bike,32,2.7,28.1
823,9.0,Stormy,High,Morning,Bike,8,8.4,78.9
824,10.56,Clear,Medium,Morning,Bike,10,9.9,43.1
825,13.9,Rainy,Medium,Night,Bike,34,5.6,102.4
826,23.08,Clear,Medium,Night,Car,26,1.3,118.8
827,9.31,Clear,High,Night,Bike,22,7.6,69.7
828,9.33,Foggy,Low,Morning,Bike,10,8.8,44.6
829,18.7,Foggy,Medium,Night,Bike,24,9.3,113.8
830,11.85,Clear,High,Evening,Bike,30,6.5,97.8
831,6.39,Clear,High,Night,Scooter,19,5.3,50.2
832,11.86,Clear,Medium,Night,Bike,5,6.4,57.7
833,4.38,Clear,High,Morning,Scooter,21,0.6,49.9
834,5.23,Clear,Medium,Evening,Bike,6,6.7,22.7
835,12.96,Clear,Low,Night,Car,8,7.2,48.9
836,11.05,Stormy,Medium,Morning,Bike,28,7.4,108.8
837,22.96,Rainy,Medium,Evening,Car,7,5.8,121.5
838,9.7,Foggy,Medium,Night,Bike,31,7.2,75.2
839,14.93,Rainy,High,Morning,Scooter,25,6.6,127.6
840,16.17,Clear,Medium,Evening,Bike,7,1.6,73.3
841,1.31,Foggy,Low,Night,Bike,28,9.0,30.5
842,16.92,Clear,High,Evening,Bike,18,6.4,106.0
843,5.27,Foggy,Low,Evening,Scooter,24,7.4,50.2
844,24.07,Clear,High,Morning,Bike,31,3.8,155.2
845,4.57,Clear,High,Afternoon,Bike,12,9.2,43.4
846,10.95,Foggy,High,Evening,Scooter,33,5.3,127.5
847,3.05,Rainy,High,Evening,Scooter,12,7.0,35.6
848,24.92,Foggy,Low,Evening,Car,13,9.5,101.7
849,13.05,Foggy,Medium,Evening,Bike,22,9.2,80.3
850,15.29,Clear,Low,Evening,Bike,31,6.6,67.8
851,2.61,Clear,Low,Afternoon,Bike,30,2.1,35.3
852,19.0,Clear,Medium,Morning,Scooter,11,9.5,80.7
853,6.04,Rainy,Low,Afternoon,Car,14,9.8,36.0
854,22.55,Rainy,High,Morning,Car,34,1.5,191.9
855,5.92,Clear,High,Afternoon,Car,34,4.8,71.4
856,5.58,Rainy,Medium,Morning,Car,5,5.7,37.8
857,1.88,Rainy,Medium,Night,Car,33,1.4,55.7
858,12.33,Clear,Medium,Evening,Bike,8,2.3,53.5
859,14.56,Foggy,High,Morning,Car,24,5.6,131.9
860,2.58,Rainy,Medium,Morning,Scooter,8,9.6,18.1
861,19.61,Foggy,Low,Evening,Bike,27,0.8,112.8
862,11.88,Clear,Medium,Night,Bike,33,9.2,77.8
863,13.59,Clear,Medium,Evening,Bike,18,9.0,81.4
864,11.58,Clear,High,Morning,Scooter,9,8.6,60.9
865,10.62,Clear,Low,Morning,Scooter,9,4.1,43.8
866,14.43,Stormy,Low,Evening,Bike,23,5.2,103.1
867,4.73,Clear,High,Afternoon,Scooter,30,4.3,62.3
868,5.37,Rainy,High,Evening,Bike,25,9.5,70.5
869,21.68,Clear,High,Morning,Scooter,9,5.5,123.8
870,23.71,Clear,Medium,Morning,Scooter,28,1.3,118.5
871,9.96,Clear,Medium,Morning,Car,15,3.1,48.7
872,7.5,Rainy,Medium,Night,Bike,6,4.9,37.8
873,16.46,Rainy,Low,Evening,Car,19,9.6,71.0
874,10.81,Clear,Medium,Night,Bike,18,5.9,58.8
875,1.61,Foggy,Low,Evening,Bike,18,7.1,22.2
876,4.75,Clear,Medium,Night,Bike,12,1.3,23.0
877,18.18,Clear,High,Afternoon,Scooter,24,8.8,107.0
878,16.81,Clear,Medium,Morning,Car,29,5.6,83.3
879,1.65,Clear,High,Morning,Bike,12,9.3,13.4
880,6.33,Foggy,Low,Evening,Car,9,4.7,40.4
881,6.55,Clear,Medium,Morning,Bike,9,7.0,32.4
882,17.13,Clear,Medium,Night,Bike,29,5.0,91.4
883,1.47,Clear,High,Afternoon,Bike,33,1.9,39.4
884,3.5,Rainy,Medium,Night,Bike,18,3.1,33.1
885,20.2,Clear,High,Night,Car,9,1.1,125.6
886,5.29,Rainy,Low,Evening,Scooter,33,4.7,52.5
887,16.67,Clear,High,Morning,Bike,13,6.7,97.7
888,6.72,Clear,Low,Night,Scooter,26,2.8,41.1
889,3.39,Foggy,High,Evening,Bike,31,5.2,61.5
890,6.84,Clear,Medium,Night,Bike,15,4.9,37.7
891,18.33,Foggy,High,Night,Bike,21,5.6,157.0
892,21.54,Clear,Medium,Night,Scooter,31,2.3,117.5
893,20.93,Foggy,Low,Evening,Car,16,5.6,110.6
894,10.53,Clear,High,Afternoon,Bike,16,4.0,80.7
895,17.03,Rainy,Low,Night,Bike,28,3.2,91.4
896,5.92,Clear,Low,Night,Bike,20,6.1,32.0
897,8.04,Clear,High,Evening,Bike,34,1.9,97.1
898,22.51,Clear,Low,Morning,Scooter,5,9.1,75.7
899,1.31,Clear,Low,Afternoon,Bike,22,9.4,19.4
900,3.05,Clear,Medium,Evening,Scooter,10,6.8,21.9
901,5.99,Clear,High,Morning,Bike,9,3.4,43.5
902,1.64,Rainy,Low,Evening,Bike,22,6.4,25.2
903,5.35,Rainy,Medium,Evening,Bike,17,6.2,38.6
904,14.99,Rainy,Medium,Afternoon,Bike,10,4.2,83.0
905,11.11,Rainy,High,Afternoon,Car,11,3.2,80.0
906,22.42,Clear,High,Afternoon,Bike,7,2.1,133.9
907,20.62,Clear,High,Afternoon,Bike,15,2.6,128.8
908,9.2,Clear,Medium,Morning,Scooter,12,6.7,50.9
909,7.23,Foggy,Medium,Night,Car,8,8.9,38.3
910,10.11,Clear,Low,Evening,Car,14,4.2,50.8
911,15.17,Clear,Medium,Afternoon,Bike,13,1.7,83.8
912,7.43,Rainy,High,Night,Bike,27,0.6,82.7
913,15.98,Clear,Medium,Morning,Scooter,17,4.4,78.6
914,10.83,Foggy,Low,Afternoon,Scooter,23,2.7,68.2
915,14.25,Foggy,Medium,Evening,Bike,34,3.6,111.3
916,11.47,Clear,Medium,Night,Bike,19,2.8,65.0
917,8.07,Clear,Medium,Afternoon,Bike,9,6.8,42.6
918,23.76,Clear,Medium,Evening,Bike,29,6.6,117.4
919,19.33,Rainy,Medium,Night,Bike,17,9.2,96.5
920,4.36,Clear,Low,Evening,Bike,16,7.1,28.9
921,21.84,Rainy,High,Morning,Bike,13,2.1,157.5
922,12.7,Rainy,Medium,Afternoon,Bike,28,7.6,85.4
923,22.47,Clear,Low,Afternoon,Bike,12,2.2,93.7
924,20.2,Clear,Medium,Evening,Bike,13,5.8,94.5
925,11.21,Rainy,High,Night,Bike,25,1.2,107.6
926,1.54,Clear,High,Afternoon,Car,17,0.9,24.0
927,7.45,Foggy,Medium,Evening,Bike,31,4.9,81.4
928,14.0,Clear,Low,Morning,Scooter,33,1.5,78.2
929,16.2,Rainy,Low,Afternoon,Scooter,13,3.4,73.9
930,7.19,Foggy,Low,Evening,Bike,10,3.7,34.4
931,4.34,Foggy,Medium,Night,Bike,33,7.8,61.6
932,21.04,Clear,Medium,Afternoon,Bike,34,3.7,122.0
933,24.63,Clear,Medium,Afternoon,Scooter,10,5.2,106.7
934,13.62,Rainy,Medium,Morning,Bike,15,7.8,73.5
935,5.12,Clear,Low,Evening,Bike,14,2.4,28.2
936,7.54,Clear,Low,Night,Scooter,18,8.1,38.1
937,1.44,Foggy,Medium,Morning,Scooter,32,8.4,41.1
938,22.94,Clear,Low,Morning,Bike,10,9.9,76.5
939,3.83,Clear,Low,Morning,Scooter,11,4.7,22.4
940,14.84,Clear,Medium,Evening,Bike,13,4.0,79.0
941,7.58,Rainy,High,Evening,Scooter,7,7.2,52.9
942,14.3,Rainy,High,Afternoon,Bike,16,1.1,113.0
943,16.63,Clear,High,Evening,Scooter,20,0.9,116.8
944,20.91,Clear,Medium,Morning,Bike,17,3.7,110.9
945,5.95,Clear,Medium,Evening,Bike,10,7.4,23.2
946,1.26,Rainy,Low,Night,Bike,17,1.6,10.0
947,4.29,Clear,High,Afternoon,Scooter,30,6.5,55.8
948,22.6,Foggy,Low,Morning,Bike,9,3.1,105.1
949,21.97,Clear,Low,Afternoon,Bike,8,6.7,73.9
950,15.34,Stormy,Low,Evening,Bike,12,4.8,92.7
951,15.41,Clear,High,Afternoon,Bike,7,1.6,98.0
952,16.96,Rainy,High,Afternoon,Scooter,6,2.8,117.8
953,5.21,Clear,High,Evening,Car,24,2.6,61.7
954,22.95,Clear,Medium,Afternoon,Scooter,23,2.1,107.1
955,11.05,Foggy,Medium,Evening,Car,11,4.9,68.8
956,10.2,Foggy,High,Morning,Bike,16,9.6,82.3
957,13.45,Clear,Medium,Afternoon,Bike,33,6.8,71.1
958,2.13,Rainy,High,Night,Bike,8,8.4,23.8
959,4.99,Rainy,Medium,Night,Car,14,9.8,36.2
960,18.71,Foggy,Medium,Morning,Scooter,32,5.6,133.2
961,2.99,Clear,High,Evening,Bike,13,2.8,31.4
962,15.48,Clear,Low,Evening,Bike,33,9.3,69.9
963,6.89,Clear,High,Afternoon,Bike,16,7.1,57.8
964,10.34,Clear,Medium,Afternoon,Bike,15,9.6,54.8
965,7.93,Foggy,High,Night,Scooter,25,6.7,91.0
966,9.54,Clear,Medium,Night,Bike,34,7.9,78.3
967,18.26,Clear,Medium,Evening,Car,23,9.0,85.5
968,8.13,Rainy,Medium,Night,Car,6,7.7,37.3
969,14.59,Rainy,Medium,Evening,Car,10,5.8,86.8
970,12.43,Clear,Medium,Morning,Car,34,5.0,91.1
971,16.93,Clear,High,Morning,Bike,10,8.3,91.0
972,23.48,Foggy,Medium,Night,Car,5,7.8,130.5
973,18.58,Clear,Low,Afternoon,Bike,11,4.0,66.7
974,6.16,Rainy,High,Night,Car,16,5.2,63.7
975,1.75,Rainy,Low,Night,Bike,25,6.5,31.5
976,7.29,Clear,Medium,Night,Bike,27,0.8,55.0
977,15.28,Foggy,Low,Afternoon,Bike,16,2.9,91.6
978,2.23,Rainy,High,Night,Bike,24,2.9,59.4
979,12.91,Clear,Low,Afternoon,Car,25,8.9,51.4
980,15.32,Rainy,Low,Night,Scooter,27,3.6,86.4
981,9.02,Rainy,High,Afternoon,Bike,10,5.7,74.1
982,19.5,Rainy,High,Afternoon,Bike,18,8.4,129.3
983,3.56,Foggy,Low,Afternoon,Scooter,21,3.0,36.5
984,2.8,Clear,High,Afternoon,Bike,21,1.7,33.2
985,18.48,Clear,High,Afternoon,Scooter,22,9.5,116.2
986,12.89,Clear,Low,Morning,Bike,17,7.2,52.8
987,17.52,Clear,High,Evening,Scooter,17,2.2,114.0
988,11.44,Clear,Medium,Evening,Car,31,8.3,63.1
989,6.91,Foggy,Medium,Afternoon,Bike,15,8.0,48.8
990,20.66,Rainy,Medium,Evening,Bike,7,8.5,104.6
991,20.19,Rainy,Medium,Afternoon,Car,21,3.1,124.9
992,17.67,Rainy,Low,Night,Car,30,4.8,101.6
993,7.53,Foggy,High,Morning,Car,6,7.1,63.5
994,15.17,Clear,Low,Night,Bike,34,4.2,80.7
995,9.66,Foggy,Medium,Night,Bike,32,1.2,92.1
996,3.2,Clear,Low,Afternoon,Bike,6,1.8,17.0
997,23.02,Foggy,High,Night,Bike,11,6.2,163.8
998,4.28,Rainy,Medium,Morning,Scooter,31,4.1,49.7
999,23.81,Clear,Medium,Night,Bike,33,0.6,141.8
1000,11.7,Rainy,Medium,Morning,Scooter,32,7.8,82.2
1001,5.44,Clear,High,Morning,Car,26,4.5,53.0
1002,14.01,Clear,Medium,Afternoon,Car,29,3.5,86.1
1003,21.95,Rainy,High,Morning,Bike,14,7.3,149.1
1004,18.57,Clear,Low,Night,Bike,18,4.8,72.8
1005,20.36,Clear,Low,Afternoon,Scooter,25,7.1,93.1
1006,16.81,Foggy,Medium,Morning,Bike,23,0.6,119.4
1007,17.61,Rainy,High,Morning,Scooter,21,0.6,151.7
1008,21.38,Foggy,Low,Evening,Car,20,5.8,108.2
1009,6.99,Rainy,Low,Afternoon,Bike,21,9.8,47.3
1010,12.75,Clear,Low,Evening,Bike,22,3.1,55.4
1011,6.31,Clear,Medium,Morning,Bike,33,7.0,53.1
1012,24.7,Rainy,Medium,Evening,Scooter,31,2.1,162.2
1013,23.66,Stormy,High,Night,Bike,15,3.5,222.8
1014,1.95,Clear,Low,Night,Scooter,23,1.2,15.7
1015,17.93,Foggy,Low,Morning,Car,15,8.9,84.1
1016,23.21,Foggy,Medium,Evening,Bike,14,3.4,149.2
1017,5.33,Rainy,Medium,Evening,Car,34,2.7,64.2
1018,14.63,Foggy,Medium,Afternoon,Scooter,18,7.4,93.7
1019,22.97,Clear,Low,Night,Car,18,2.4,97.1
1020,1.81,Stormy,High,Night,Bike,14,2.8,42.3
1021,17.74,Rainy,Medium,Afternoon,Bike,25,1.5,124.2
1022,8.14,Clear,Medium,Night,Bike,27,9.6,66.9
1023,23.19,Foggy,Medium,Evening,Bike,8,2.9,133.2
1024,24.31,Clear,Low,Evening,Bike,14,10.0,81.0
1025,23.66,Clear,High,Night,Car,31,2.2,168.5
1026,12.38,Rainy,High,Afternoon,Bike,10,0.7,105.0
1027,21.69,Clear,Medium,Morning,Car,26,9.0,104.0
1028,21.27,Clear,Medium,Morning,Bike,33,6.0,118.4
1029,8.66,Foggy,Low,Morning,Bike,15,3.8,53.6
1030,20.89,Clear,Medium,Morning,Bike,22,5.4,103.8
1031,1.89,Clear,Medium,Evening,Car,10,3.0,15.3
1032,15.31,Clear,High,Morning,Bike,25,6.5,103.2
1033,6.52,Clear,Low,Evening,Bike,19,6.4,49.7
1034,3.89,Rainy,Low,Evening,Car,31,1.3,37.5
1035,2.85,Rainy,Low,Morning,Bike,10,9.2,11.4
1036,17.71,Foggy,Low,Morning,Scooter,24,4.9,99.0
1037,9.16,Rainy,Medium,Morning,Bike,5,2.4,53.2
1038,18.39,Clear,Low,Night,Bike,13,3.4,73.1
1039,2.57,Foggy,High,Night,Bike,18,8.7,37.9
1040,8.57,Rainy,Low,Afternoon,Car,7,4.1,35.0
1041,13.95,Rainy,Medium,Evening,Car,34,5.8,102.7
1042,19.98,Rainy,Medium,Morning,Bike,5,9.5,99.6
1043,8.65,Foggy,High,Night,Bike,18,6.7,78.5
1044,16.02,Rainy,High,Afternoon,Bike,18,6.9,122.1
1045,22.26,Clear,High,Evening,Bike,8,2.9,126.5
1046,15.78,Rainy,High,Evening,Bike,18,6.8,112.4
1047,6.59,Clear,Medium,Evening,Bike,27,4.2,45.9
1048,1.59,Clear,High,Night,Bike,8,9.2,21.1
1049,21.88,Clear,High,Morning,Bike,15,1.7,135.1
1050,1.51,Clear,Low,Morning,Scooter,24,3.2,29.5
1051,21.99,Clear,Medium,Evening,Car,13,1.1,107.2
1052,13.69,Clear,Low,Evening,Bike,15,4.1,49.4
1053,23.54,Rainy,Medium,Afternoon,Scooter,19,1.9,144.6
1054,20.17,Foggy,Medium,Afternoon,Bike,10,8.5,107.4
1055,24.95,Stormy,Medium,Evening,Bike,29,9.3,188.3
1056,9.42,Clear,Medium,Afternoon,Scooter,16,6.9,57.0
1057,19.41,Rainy,High,Night,Scooter,32,1.5,169.1
1058,10.65,Foggy,Medium,Evening,Bike,17,3.7,75.8
1059,12.52,Clear,High,Afternoon,Bike,22,9.7,78.6
1060,16.06,Rainy,Medium,Evening,Car,27,1.8,107.6
1061,21.97,Rainy,Medium,Morning,Scooter,27,5.8,132.5
1062,24.62,Clear,Medium,Night,Scooter,18,3.9,114.1
1063,19.44,Foggy,Low,Evening,Scooter,28,10.0,98.6
1064,11.03,Foggy,Medium,Morning,Bike,30,3.2,100.0
1065,11.11,Clear,Medium,Evening,Bike,15,1.0,58.9
1066,18.7,Clear,Medium,Morning,Car,29,7.2,91.5
1067,6.73,Clear,Medium,Afternoon,Bike,28,3.6,57.5
1068,3.65,Clear,Medium,Morning,Bike,6,6.7,16.0
1069,9.51,Clear,Medium,Night,Scooter,23,1.5,72.3
1070,7.89,Clear,Medium,Night,Bike,32,5.5,59.0
1071,8.11,Clear,Low,Afternoon,Bike,6,4.1,30.5
1072,6.61,Foggy,Low,Evening,Bike,21,5.6,36.0
1073,2.01,Clear,Low,Night,Bike,33,8.6,23.3
1074,1.43,Clear,Low,Afternoon,Scooter,27,9.7,11.3
1075,24.71,Clear,Low,Night,Bike,12,7.7,86.5
1076,11.27,Clear,Low,Afternoon,Bike,9,7.8,40.8
1077,10.22,Clear,Low,Night,Bike,30,5.5,58.0
1078,17.31,Clear,Medium,Afternoon,Bike,33,1.4,110.5
1079,6.24,Clear,Low,Night,Bike,15,6.8,35.2
1080,23.8,Foggy,Medium,Evening,Bike,34,1.9,173.3
1081,19.87,Stormy,High,Morning,Scooter,29,2.8,227.9
1082,3.15,Clear,High,Night,Scooter,24,7.2,46.0
1083,11.02,Clear,Medium,Afternoon,Bike,5,6.7,43.9
1084,22.1,Rainy,High,Evening,Bike,24,3.5,171.0
1085,23.67,Rainy,Medium,Night,Bike,20,7.8,138.6
1086,12.22,Clear,Low,Afternoon,Bike,9,9.4,33.9
1087,15.72,Foggy,High,Morning,Bike,31,5.7,154.3
1088,5.01,Rainy,High,Afternoon,Bike,32,6.9,76.0
1089,24.79,Clear,Medium,Night,Bike,20,3.1,116.9
1090,6.56,Rainy,Medium,Afternoon,Car,28,9.7,54.8
1091,23.63,Stormy,Medium,Afternoon,Scooter,9,3.1,169.7
1092,16.59,Rainy,Low,Morning,Car,32,8.9,88.1
1093,15.59,Clear,Low,Night,Bike,14,9.3,58.3
1094,13.3,Clear,Medium,Night,Bike,13,7.3,63.2
1095,6.54,Clear,High,Morning,Bike,26,8.2,62.2
1096,5.24,Clear,Low,Evening,Car,34,4.8,45.6
1097,6.29,Rainy,High,Afternoon,Bike,28,9.2,76.6
1098,5.47,Foggy,Low,Afternoon,Bike,23,7.6,50.9
1099,19.71,Rainy,Medium,Afternoon,Bike,33,3.6,140.6
1100,9.4,Stormy,Medium,Night,Scooter,7,0.8,76.2
1101,2.39,Clear,Medium,Night,Bike,13,5.6,24.7
1102,24.26,Foggy,Low,Afternoon,Bike,26,8.5,122.0
1103,22.21,Rainy,Medium,Night,Car,24,8.7,127.2
1104,23.27,Clear,Medium,Morning,Bike,12,8.4,95.1
1105,24.88,Rainy,Low,Morning,Bike,8,2.5,108.8
1106,5.17,Clear,Low,Night,Bike,15,4.5,17.7
1107,10.51,Rainy,Medium,Afternoon,Scooter,8,6.3,64.0
1108,19.2,Clear,Medium,Afternoon,Bike,16,6.8,91.6
1109,17.7,Clear,Low,Afternoon,Bike,27,3.7,78.1
1110,4.69,Rainy,Medium,Afternoon,Scooter,11,7.1,31.7
1111,20.58,Rainy,High,Night,Bike,32,6.1,173.6
1112,6.39,Clear,Low,Evening,Car,12,5.9,38.3
1113,6.37,Clear,Medium,Evening,Scooter,14,6.8,39.5
1114,13.89,Clear,Low,Afternoon,Bike,27,6.2,73.2
1115,15.23,Rainy,Low,Afternoon,Bike,33,2.1,96.6
1116,14.92,Foggy,Low,Afternoon,Scooter,28,8.8,80.2
1117,3.2,Foggy,Medium,Evening,Scooter,17,2.8,41.0
1118,22.06,Clear,High,Morning,Scooter,28,7.6,143.2
1119,7.37,Rainy,Low,Evening,Bike,18,2.2,42.6
1120,4.11,Clear,Medium,Night,Car,20,6.8,32.1
1121,22.33,Rainy,Medium,Evening,Bike,11,9.0,110.7
1122,23.94,Clear,Low,Night,Bike,20,0.6,99.4
1123,21.69,Clear,Medium,Afternoon,Car,21,9.8,97.5
1124,20.43,Rainy,High,Night,Scooter,24,0.8,173.4
1125,16.73,Clear,High,Afternoon,Bike,23,0.6,124.2
1126,14.22,Rainy,High,Morning,Car,16,8.6,111.0
1127,3.09,Foggy,Medium,Afternoon,Bike,13,7.2,33.5
1128,10.8,Clear,High,Afternoon,Bike,32,1.5,95.6
1129,9.94,Clear,Low,Morning,Scooter,30,9.4,61.1
1130,7.23,Foggy,Medium,Afternoon,Bike,12,6.9,47.4
1131,18.36,Rainy,High,Afternoon,Car,13,1.6,138.0
1132,12.9,Clear,Low,Afternoon,Scooter,9,8.7,48.5
1133,2.95,Clear,Medium,Evening,Bike,25,5.1,49.5
1134,6.28,Rainy,Medium,Night,Car,14,3.1,49.5
1135,17.4,Rainy,Medium,Afternoon,Bike,9,8.3,86.2
1136,2.83,Clear,Low,Evening,Bike,18,7.5,13.4
1137,21.43,Clear,High,Afternoon,Car,22,6.4,125.4
1138,12.88,Foggy,Medium,Night,Car,33,9.0,100.5
1139,12.53,Rainy,Low,Afternoon,Bike,11,8.7,57.7
1140,15.22,Stormy,Low,Night,Bike,12,2.7,89.4
1141,20.79,Rainy,High,Evening,Bike,9,8.8,134.4
1142,9.35,Foggy,Low,Evening,Bike,28,4.1,60.7
1143,17.27,Clear,Low,Afternoon,Bike,10,4.6,59.1
1144,14.58,Rainy,Medium,Morning,Bike,24,9.7,93.2
1145,7.41,Clear,Medium,Night,Bike,27,7.7,48.8
1146,22.09,Rainy,Medium,Afternoon,Scooter,28,3.6,148.0
1147,20.14,Clear,Medium,Evening,Bike,13,6.7,88.0
1148,16.8,Clear,High,Afternoon,Bike,25,5.6,121.0
1149,21.41,Foggy,High,Night,Car,13,1.6,184.6
1150,21.82,Foggy,Low,Afternoon,Bike,12,8.9,93.1
1151,18.0,Clear,Medium,Night,Scooter,21,8.3,99.7
1152,21.09,Rainy,High,Evening,Bike,28,7.9,162.9
1153,17.74,Clear,Medium,Morning,Bike,12,5.8,78.7
1154,17.32,Clear,Medium,Morning,Bike,33,2.6,103.1
1155,15.85,Foggy,Low,Evening,Bike,27,8.9,84.8
1156,19.07,Clear,Medium,Evening,Bike,5,3.9,90.3
1157,4.81,Foggy,Medium,Afternoon,Bike,26,0.7,67.1
1158,22.14,Clear,Medium,Evening,Bike,22,9.8,107.9
1159,21.92,Rainy,High,Evening,Bike,19,8.7,147.0
1160,1.7,Rainy,Low,Night,Bike,26,6.4,30.0
1161,20.82,Clear,Low,Afternoon,Car,31,0.6,89.0
1162,4.09,Clear,Low,Night,Car,20,2.7,34.1
1163,9.04,Foggy,Medium,Afternoon,Car,6,4.8,52.5
1164,18.84,Rainy,Low,Afternoon,Scooter,17,6.5,88.7
1165,4.86,Clear,Medium,Morning,Bike,6,7.2,21.8
1166,20.63,Clear,Medium,Morning,Bike,18,8.0,86.5
1167,20.97,Clear,Medium,Evening,Scooter,11,5.8,98.2
1168,13.18,Clear,Low,Afternoon,Bike,15,6.7,57.1
1169,1.15,Clear,High,Evening,Bike,19,8.2,27.7
1170,7.89,Clear,Medium,Night,Bike,30,7.3,46.9
1171,15.81,Foggy,High,Evening,Bike,21,9.6,132.2
1172,24.55,Rainy,Medium,Night,Bike,25,8.8,134.2
1173,16.16,Foggy,Low,Morning,Car,21,2.1,94.9
1174,7.24,Rainy,Low,Morning,Scooter,19,9.5,39.3
1175,16.22,Foggy,High,Night,Bike,20,2.4,144.0
1176,13.96,Rainy,Medium,Night,Scooter,13,9.9,78.2
1177,19.72,Rainy,Low,Night,Bike,25,7.2,91.2
1178,3.57,Stormy,Medium,Evening,Scooter,25,6.5,57.8
1179,19.26,Rainy,Medium,Night,Car,24,3.6,125.4
1180,13.99,Clear,Medium,Afternoon,Bike,23,1.8,92.8
1181,24.11,Rainy,Low,Night,Scooter,28,1.7,124.5
1182,9.2,Foggy,High,Morning,Bike,27,8.7,101.5
1183,16.18,Rainy,Low,Night,Bike,13,4.6,69.0
1184,23.37,Rainy,Low,Morning,Scooter,10,5.8,106.9
1185,3.46,Rainy,Medium,Morning,Scooter,5,9.4,16.7
1186,23.49,Stormy,Low,Evening,Scooter,9,2.9,136.2
1187,17.51,Clear,Medium,Night,Car,9,7.8,78.1
1188,2.63,Rainy,Low,Morning,Scooter,27,5.0,30.3
1189,8.22,Clear,Medium,Afternoon,Scooter,30,2.5,68.9
1190,18.0,Rainy,High,Night,Scooter,5,8.6,108.7
1191,2.62,Rainy,Medium,Night,Bike,5,7.0,21.8
1192,14.97,Clear,Medium,Morning,Bike,33,1.4,101.8
1193,9.3,Clear,Medium,Evening,Bike,26,5.6,64.0
1194,15.9,Rainy,Medium,Evening,Bike,10,8.6,86.7
1195,2.1,Clear,High,Night,Scooter,13,1.1,40.6
1196,21.92,Clear,Low,Night,Bike,23,4.5,90.8
1197,24.36,Foggy,High,Evening,Bike,32,8.1,203.1
1198,24.25,Clear,High,Evening,Car,9,8.7,129.8
1199,18.99,Clear,Medium,Afternoon,Bike,25,7.9,101.6
1200,4.12,Foggy,Low,Night,Bike,21,3.4,50.2
1201,19.2,Clear,Low,Night,Bike,26,5.3,80.2
1202,1.59,Clear,Medium,Night,Scooter,24,7.5,22.9
1203,1.53,Rainy,High,Evening,Bike,16,1.9,39.7
1204,8.77,Rainy,Medium,Morning,Car,10,6.2,45.8
1205,12.73,Foggy,Low,Afternoon,Bike,33,7.3,83.4
1206,19.49,Foggy,Low,Evening,Car,17,8.6,94.2
1207,17.4,Rainy,Medium,Evening,Bike,28,1.6,121.4
1208,11.7,Clear,Medium,Afternoon,Bike,12,3.6,59.5
1209,7.57,Clear,Low,Night,Bike,33,5.6,40.2
1210,24.93,Clear,Low,Morning,Bike,7,7.2,78.5
1211,11.23,Clear,Medium,Afternoon,Bike,29,7.4,74.1
1212,11.83,Rainy,Medium,Morning,Bike,15,2.9,66.4
1213,4.93,Rainy,Medium,Night,Bike,33,0.6,64.5
1214,20.08,Clear,High,Morning,Car,24,7.1,126.4
1215,17.65,Foggy,Medium,Night,Bike,5,9.1,82.3
1216,6.3,Clear,Low,Evening,Car,29,8.1,48.2
1217,2.98,Clear,Medium,Night,Car,18,6.4,22.9
1218,17.33,Rainy,High,Afternoon,Bike,33,9.8,145.3
1219,16.71,Clear,High,Afternoon,Bike,25,4.6,114.6
1220,7.56,Clear,High,Night,Scooter,33,5.5,73.4
1221,23.82,Clear,Medium,Night,Scooter,28,0.6,129.8
1222,4.63,Clear,High,Evening,Car,17,9.5,39.1
1223,11.38,Rainy,High,Evening,Scooter,19,6.0,95.2
1224,23.65,Foggy,Medium,Night,Bike,27,4.2,155.0
1225,11.07,Clear,Low,Morning,Bike,25,0.9,52.9
1226,16.32,Clear,High,Evening,Car,12,3.9,105.5
1227,10.54,Rainy,Medium,Afternoon,Scooter,19,0.5,77.6
1228,7.58,Foggy,Low,Evening,Car,17,3.6,49.1
1229,24.62,Clear,Low,Evening,Scooter,5,9.5,72.9
1230,10.82,Clear,Medium,Evening,Bike,15,2.0,68.3
1231,22.46,Rainy,Medium,Evening,Car,24,5.7,133.7
1232,6.52,Rainy,Low,Night,Car,19,2.3,34.6
1233,6.11,Clear,Medium,Evening,Bike,25,7.9,47.0
1234,1.75,Rainy,High,Morning,Bike,8,5.8,18.1
1235,16.64,Clear,Medium,Evening,Bike,10,2.4,84.4
1236,9.84,Clear,Low,Evening,Scooter,29,8.7,55.3
1237,21.74,Clear,Medium,Afternoon,Bike,16,7.9,102.6
1238,12.36,Foggy,Low,Evening,Bike,5,9.5,50.4
1239,24.24,Clear,Medium,Afternoon,Bike,14,0.5,118.6
1240,5.45,Clear,Medium,Afternoon,Bike,31,4.8,52.1
1241,21.85,Clear,High,Night,Bike,22,10.0,132.4
1242,19.64,Foggy,Medium,Afternoon,Scooter,5,8.2,98.5
1243,19.5,Clear,Low,Afternoon,Car,11,8.4,67.8
1244,21.27,Clear,Medium,Morning,Bike,34,6.4,124.2
1245,19.26,Clear,Medium,Morning,Scooter,6,7.3,77.7
1246,16.03,Rainy,High,Afternoon,Scooter,29,8.2,133.4
1247,4.15,Clear,High,Night,Bike,12,1.4,50.9
1248,1.78,Clear,Low,Morning,Bike,30,7.1,25.8
1249,23.1,Clear,Low,Morning,Bike,5,8.2,66.7
1250,15.8,Foggy,Low,Night,Bike,23,0.9,94.2
1251,20.12,Rainy,High,Evening,Car,10,3.3,151.5
1252,12.56,Rainy,Low,Morning,Scooter,15,3.6,68.8
1253,3.82,Foggy,Low,Afternoon,Bike,23,8.6,31.1
1254,4.0,Foggy,Medium,Afternoon,Car,29,7.9,55.4
1255,17.45,Clear,Low,Afternoon,Car,32,6.7,77.1
1256,11.33,Stormy,Low,Night,Car,14,8.1,75.5
1257,5.81,Clear,Medium,Afternoon,Bike,20,4.8,39.1
1258,12.8,Clear,Low,Evening,Scooter,20,8.8,55.2
1259,2.54,Foggy,Medium,Night,Scooter,14,2.7,40.9
1260,14.97,Clear,High,Morning,Scooter,22,7.2,86.8
1261,7.46,Clear,Low,Night,Bike,26,2.8,47.9
1262,20.14,Clear,Medium,Afternoon,Scooter,22,0.9,115.2
1263,8.45,Rainy,High,Night,Bike,7,3.2,56.5
1264,11.93,Clear,High,Night,Scooter,16,5.2,76.9
1265,1.28,Rainy,Medium,Night,Scooter,14,8.5,18.6
1266,2.74,Foggy,Medium,Night,Bike,32,5.3,49.0
1267,10.42,Rainy,Low,Evening,Bike,20,2.2,56.9
1268,12.52,Clear,Medium,Night,Scooter,29,9.9,69.5
1269,15.4,Foggy,High,Afternoon,Bike,13,3.1,131.8
1270,8.0,Clear,Medium,Morning,Bike,34,9.9,66.2
1271,17.68,Clear,Medium,Evening,Scooter,22,9.4,91.9
1272,21.64,Clear,Low,Night,Car,17,5.7,86.7
1273,19.72,Rainy,Medium,Morning,Bike,28,1.4,143.4
1274,1.95,Clear,Medium,Evening,Bike,18,7.1,33.9
1275,12.53,Clear,Medium,Afternoon,Scooter,23,8.5,68.7
1276,3.52,Clear,Low,Afternoon,Car,18,4.7,32.0
1277,6.81,Clear,Medium,Morning,Bike,6,2.8,36.4
1278,24.68,Rainy,Medium,Night,Bike,15,8.1,128.6
1279,4.42,Foggy,Low,Morning,Bike,30,5.7,46.7
1280,12.97,Rainy,Low,Evening,Car,12,2.4,68.7
1281,15.84,Clear,Low,Morning,Bike,7,9.5,59.7
1282,17.86,Clear,Medium,Morning,Bike,19,9.5,86.2
1283,14.43,Stormy,Medium,Night,Bike,17,4.0,118.5
1284,1.23,Clear,High,Afternoon,Bike,12,1.1,19.4
1285,8.84,Foggy,Low,Night,Scooter,17,6.5,43.0
1286,13.43,Clear,High,Afternoon,Bike,20,3.5,97.3
1287,3.11,Foggy,Medium,Night,Bike,26,1.1,52.1
1288,9.42,Clear,Medium,Afternoon,Bike,5,9.0,34.8
1289,1.8,Clear,Low,Night,Bike,34,10.0,30.8
1290,2.89,Rainy,Low,Afternoon,Scooter,6,3.8,19.2
1291,10.53,Rainy,High,Afternoon,Bike,17,7.6,78.4
1292,4.19,Clear,Medium,Afternoon,Car,33,1.1,48.9
1293,14.62,Rainy,Medium,Afternoon,Bike,18,4.0,99.5
1294,17.55,Rainy,Low,Night,Bike,6,1.5,74.5
1295,20.21,Clear,High,Evening,Bike,20,1.0,136.8
1296,5.8,Clear,Low,Afternoon,Car,18,6.1,32.3
1297,5.02,Clear,Medium,Afternoon,Bike,11,8.1,28.8
1298,3.51,Clear,Medium,Afternoon,Scooter,26,4.8,41.8
1299,16.27,Rainy,Medium,Afternoon,Bike,18,5.5,102.9
1300,17.96,Clear,Medium,Afternoon,Bike,22,3.1,102.2
1301,1.76,Clear,Medium,Morning,Bike,21,7.5,23.9
1302,23.47,Clear,High,Morning,Car,9,3.9,137.2
1303,2.25,Clear,High,Afternoon,Bike,15,1.1,35.5
1304,13.99,Clear,High,Afternoon,Scooter,22,2.1,102.6
1305,18.02,Clear,Low,Afternoon,Car,20,1.7,73.5
1306,21.9,Clear,High,Evening,Bike,30,4.6,150.6
1307,18.14,Stormy,Low,Night,Bike,14,1.1,114.5
1308,20.24,Clear,Low,Afternoon,Bike,10,8.2,65.6
1309,9.15,Rainy,High,Evening,Bike,18,9.1,78.1
1310,20.56,Clear,High,Evening,Bike,6,2.9,116.5
1311,2.92,Clear,Medium,Afternoon,Scooter,33,5.1,43.2
1312,22.48,Clear,High,Night,Scooter,31,5.4,144.4
1313,14.14,Clear,High,Morning,Scooter,13,9.9,80.7
1314,20.62,Stormy,Medium,Afternoon,Car,32,1.1,181.0
1315,11.86,Foggy,Medium,Afternoon,Bike,17,6.8,75.2
1316,16.45,Rainy,High,Morning,Bike,25,3.8,140.0
1317,13.63,Rainy,Low,Night,Bike,27,5.3,82.6
1318,18.56,Clear,Low,Morning,Bike,24,2.6,83.6
1319,2.96,Clear,High,Afternoon,Bike,16,2.0,36.4
1320,2.45,Foggy,Medium,Afternoon,Bike,6,2.8,18.9
1321,6.93,Rainy,Low,Evening,Scooter,7,1.2,33.9
1322,4.83,Rainy,Medium,Morning,Car,17,3.1,50.2
1323,21.92,Clear,Medium,Evening,Bike,25,7.1,102.5
1324,6.26,Clear,High,Evening,Scooter,5,6.7,33.7
1325,24.42,Foggy,Medium,Evening,Scooter,32,5.8,170.1
1326,9.09,Clear,Medium,Evening,Bike,24,0.5,61.6
1327,5.37,Clear,High,Morning,Bike,33,1.7,80.2
1328,19.95,Clear,High,Morning,Car,8,8.5,109.9
1329,16.81,Foggy,Medium,Morning,Scooter,22,3.1,124.2
1330,12.96,Clear,High,Afternoon,Car,29,9.2,86.4
1331,14.33,Foggy,Medium,Night,Bike,17,8.8,95.2
1332,18.26,Clear,Low,Evening,Bike,10,2.0,65.5
1333,6.48,Foggy,Low,Afternoon,Bike,29,9.0,55.2
1334,24.91,Rainy,Medium,Morning,Car,10,6.5,127.0
1335,24.4,Clear,Medium,Morning,Bike,19,6.5,114.6
1336,16.61,Rainy,Medium,Afternoon,Bike,22,8.6,93.4
1337,5.79,Clear,Medium,Evening,Bike,21,4.3,34.7
1338,17.33,Clear,Low,Morning,Bike,18,7.5,67.4
1339,2.73,Foggy,Low,Evening,Bike,8,6.8,17.2
1340,1.74,Clear,Medium,Evening,Scooter,33,7.8,31.4
1341,7.18,Clear,Low,Night,Bike,5,6.8,17.7
1342,12.1,Clear,Medium,Morning,Bike,12,1.3,50.3
1343,21.84,Clear,Medium,Afternoon,Bike,15,3.3,107.7
1344,18.45,Foggy,Medium,Night,Bike,17,9.4,107.8
1345,18.82,Clear,Medium,Evening,Bike,21,2.6,96.3
1346,11.21,Stormy,Medium,Afternoon,Bike,25,5.0,110.6
1347,9.3,Foggy,High,Night,Scooter,18,3.9,97.0
1348,9.9,Clear,High,Night,Bike,29,1.3,92.1
1349,24.7,Clear,High,Night,Bike,21,2.2,157.5
1350,1.96,Foggy,Medium,Evening,Bike,24,3.2,51.0
1351,21.81,Clear,Low,Evening,Bike,28,4.9,88.3
1352,14.89,Clear,Medium,Morning,Bike,28,8.8,73.8
1353,11.53,Clear,High,Night,Scooter,5,5.4,65.7
1354,18.41,Rainy,Low,Afternoon,Scooter,12,6.7,78.6
1355,12.68,Rainy,Low,Evening,Scooter,31,4.5,82.1
1356,21.96,Clear,Low,Night,Bike,32,8.8,86.3
1357,22.62,Clear,Medium,Afternoon,Bike,23,6.8,108.7
1358,11.12,Foggy,Medium,Evening,Scooter,34,1.4,100.9
1359,7.64,Rainy,Low,Afternoon,Bike,15,5.0,47.0
1360,15.22,Rainy,High,Afternoon,Bike,27,8.4,126.4
1361,22.9,Rainy,Medium,Morning,Scooter,14,7.5,120.2
1362,6.06,Clear,Medium,Evening,Bike,31,9.1,48.9
1363,15.95,Rainy,Medium,Evening,Scooter,5,2.7,86.0
1364,16.16,Clear,Low,Evening,Bike,9,9.8,47.2
1365,18.59,Clear,Medium,Evening,Bike,20,3.2,102.3
1366,4.16,Rainy,Medium,Morning,Car,24,1.0,55.4
1367,18.18,Clear,Medium,Morning,Bike,24,5.2,95.7
1368,22.82,Stormy,High,Night,Bike,32,1.5,263.6
1369,5.31,Clear,Medium,Evening,Bike,9,7.0,23.9
1370,6.7,Foggy,Low,Afternoon,Bike,20,9.1,52.9
1371,24.31,Foggy,Medium,Morning,Bike,7,9.3,134.2
1372,5.34,Clear,High,Afternoon,Bike,34,6.3,68.5
1373,21.51,Rainy,Low,Afternoon,Car,27,5.6,110.6
1374,12.81,Clear,Low,Afternoon,Car,6,9.9,48.4
1375,6.93,Foggy,Medium,Night,Scooter,21,6.0,65.8
1376,21.9,Clear,Medium,Night,Car,26,9.3,100.5
1377,11.69,Rainy,Low,Evening,Bike,32,9.2,67.2
1378,13.36,Clear,Medium,Morning,Bike,5,3.3,62.7
1379,9.62,Clear,Medium,Evening,Bike,20,0.6,62.5
1380,15.23,Clear,High,Night,Scooter,31,4.7,119.9
1381,4.92,Clear,Low,Night,Bike,27,8.7,37.0
1382,10.39,Rainy,High,Afternoon,Bike,28,8.4,99.8
1383,24.27,Rainy,Low,Evening,Scooter,34,6.2,109.0
1384,7.2,Rainy,Medium,Afternoon,Bike,6,2.0,49.5
1385,16.76,Clear,Medium,Night,Bike,24,1.5,99.3
1386,8.8,Clear,Medium,Evening,Bike,11,9.6,52.7
1387,19.56,Clear,High,Evening,Bike,15,4.5,117.7
1388,4.14,Foggy,Low,Morning,Bike,10,6.7,17.1
1389,24.28,Stormy,Medium,Night,Bike,6,9.1,154.1
1390,11.89,Clear,Low,Night,Bike,18,8.8,50.9
1391,6.67,Clear,Medium,Morning,Bike,8,5.9,31.7
1392,2.76,Clear,Low,Night,Bike,23,5.1,32.8
1393,5.07,Rainy,High,Afternoon,Car,29,7.5,66.5
1394,13.47,Rainy,High,Afternoon,Bike,26,3.8,122.5
1395,9.09,Rainy,High,Afternoon,Scooter,33,6.4,99.8
1396,20.89,Clear,Low,Evening,Scooter,32,0.7,111.6
1397,11.34,Rainy,Medium,Afternoon,Bike,6,8.3,53.9
1398,6.97,Rainy,Low,Night,Bike,6,10.0,32.7
1399,15.81,Clear,High,Morning,Bike,17,9.6,88.4
1400,17.96,Clear,Medium,Afternoon,Scooter,17,3.9,91.7
1401,5.01,Clear,Medium,Afternoon,Bike,7,5.5,21.8
1402,5.02,Clear,Medium,Evening,Bike,25,2.7,50.6
1403,1.88,Foggy,Low,Night,Bike,32,3.4,44.2
1404,18.67,Clear,Medium,Morning,Bike,10,4.8,86.4
1405,16.93,Foggy,Low,Night,Bike,25,7.6,84.3
1406,12.39,Rainy,High,Afternoon,Car,32,0.7,130.8
1407,21.26,Clear,High,Night,Bike,21,4.2,135.2
1408,20.34,Rainy,Medium,Morning,Bike,33,5.8,137.8
1409,15.05,Clear,High,Afternoon,Scooter,5,2.5,82.8
1410,21.84,Clear,Medium,Night,Scooter,11,1.2,110.4
1411,5.94,Clear,High,Morning,Bike,34,5.6,75.2
1412,3.69,Clear,Medium,Afternoon,Bike,30,6.6,34.7
1413,7.47,Clear,Medium,Afternoon,Bike,34,6.6,59.0
1414,2.37,Clear,Medium,Night,Bike,11,3.9,19.9
1415,13.75,Clear,Low,Evening,Bike,17,2.8,64.2
1416,23.48,Clear,Medium,Evening,Bike,30,2.6,124.1
1417,1.94,Foggy,Low,Morning,Bike,26,0.9,36.4
1418,3.93,Clear,High,Night,Car,13,2.3,42.8
1419,11.85,Rainy,Low,Morning,Bike,22,8.3,63.3
1420,23.41,Clear,Medium,Night,Bike,5,0.5,97.3
1421,8.59,Rainy,High,Morning,Car,15,0.9,77.2
1422,13.17,Clear,Low,Morning,Scooter,26,1.7,69.7
1423,2.0,Foggy,Medium,Night,Bike,26,4.5,46.0
1424,4.56,Clear,Medium,Evening,Bike,29,3.7,35.0
1425,24.68,Foggy,Low,Morning,Car,15,2.2,124.7
1426,24.16,Clear,High,Night,Bike,14,1.6,154.3
1427,1.12,Clear,Low,Night,Scooter,21,9.4,20.5
1428,23.84,Rainy,Low,Night,Car,31,9.2,115.2
1429,16.34,Clear,Medium,Afternoon,Bike,21,7.8,92.0
1430,21.83,Clear,Medium,Night,Scooter,16,2.9,106.4
1431,11.91,Clear,High,Night,Car,34,3.6,105.8
1432,13.37,Rainy,High,Afternoon,Scooter,32,6.8,120.1
1433,12.73,Stormy,Medium,Afternoon,Bike,14,3.3,102.8
1434,17.0,Clear,Medium,Evening,Car,16,5.5,81.3
1435,4.35,Foggy,Medium,Night,Bike,10,6.7,38.2
1436,1.72,Clear,Low,Morning,Scooter,25,5.4,20.2
1437,8.39,Clear,Medium,Afternoon,Bike,31,4.4,69.4
1438,17.91,Foggy,High,Afternoon,Bike,10,3.8,133.2
1439,5.84,Foggy,Medium,Evening,Bike,10,7.9,43.9
1440,17.16,Rainy,Low,Evening,Bike,33,7.5,94.8
1441,24.28,Clear,Medium,Evening,Bike,24,7.1,117.6
1442,3.25,Clear,Low,Night,Bike,30,4.1,38.1
1443,17.14,Clear,Medium,Night,Bike,12,7.9,73.0
1444,11.65,Clear,Medium,Night,Bike,9,9.6,49.0
1445,21.84,Clear,Medium,Afternoon,Car,10,7.0,89.7
1446,5.25,Foggy,Medium,Evening,Scooter,6,4.4,35.2
1447,17.62,Foggy,High,Afternoon,Bike,21,8.1,142.8
1448,21.11,Clear,Low,Morning,Bike,12,6.3,79.9
1449,23.67,Clear,High,Night,Bike,26,8.8,145.9
1450,17.4,Foggy,Medium,Afternoon,Bike,33,7.3,129.8
1451,12.93,Clear,High,Morning,Scooter,13,7.8,77.6
1452,15.83,Rainy,Medium,Afternoon,Scooter,25,6.8,103.6
1453,21.85,Clear,Low,Morning,Bike,12,1.4,93.3
1454,14.69,Clear,High,Afternoon,Scooter,27,5.1,101.2
1455,1.73,Stormy,Medium,Afternoon,Scooter,15,1.0,26.4
1456,23.34,Clear,Low,Night,Bike,14,4.8,89.4
1457,17.55,Clear,Low,Afternoon,Bike,21,7.3,65.4
1458,17.24,Clear,Medium,Afternoon,Bike,27,4.5,88.6
1459,6.18,Foggy,Medium,Evening,Bike,24,0.5,68.5
1460,16.81,Foggy,Medium,Afternoon,Bike,17,4.0,105.6
1461,10.45,Clear,Medium,Night,Bike,26,1.1,78.2
1462,16.63,Clear,Medium,Afternoon,Bike,13,7.9,76.4
1463,3.56,Rainy,High,Night,Bike,19,7.9,45.8
1464,16.79,Clear,Medium,Evening,Bike,17,8.2,75.2
1465,24.99,Rainy,Low,Night,Bike,17,0.8,120.9
1466,2.16,Clear,High,Evening,Bike,17,0.8,25.5
1467,24.45,Clear,Low,Evening,Bike,29,9.1,81.6
1468,10.77,Rainy,Medium,Evening,Bike,29,1.7,81.2
1469,21.9,Clear,Medium,Evening,Scooter,25,6.9,114.0
1470,19.78,Foggy,Medium,Evening,Scooter,8,8.1,103.3
1471,14.61,Clear,Low,Night,Bike,26,4.8,59.6
1472,18.72,Clear,Low,Evening,Bike,14,5.7,69.7
1473,22.08,Stormy,Medium,Evening,Scooter,19,2.7,188.6
1474,10.7,Clear,High,Evening,Scooter,25,9.3,84.6
1475,8.85,Rainy,Medium,Evening,Bike,32,3.4,76.5
1476,17.02,Clear,Medium,Evening,Scooter,14,2.6,80.9
1477,20.39,Rainy,Medium,Morning,Bike,25,5.5,121.8
1478,19.29,Rainy,Low,Afternoon,Bike,12,2.3,84.8
1479,20.15,Clear,Low,Afternoon,Car,14,7.0,75.9
1480,11.45,Foggy,Low,Evening,Bike,25,5.4,70.1
1481,20.63,Rainy,Medium,Evening,Car,21,1.9,124.1
1482,3.89,Clear,Low,Morning,Bike,9,1.1,13.8
1483,14.07,Rainy,Low,Evening,Bike,17,1.8,84.9
1484,1.14,Rainy,Medium,Morning,Bike,25,1.8,38.7
1485,8.79,Clear,High,Afternoon,Scooter,25,3.5,72.7
1486,9.8,Clear,High,Night,Bike,32,8.4,89.8
1487,10.51,Clear,Medium,Afternoon,Scooter,23,1.0,62.2
1488,17.69,Clear,Low,Night,Scooter,16,1.7,72.1
1489,10.33,Rainy,Medium,Night,Bike,16,3.4,68.5
1490,11.77,Clear,Low,Night,Bike,29,5.8,59.7
1491,6.7,Foggy,Medium,Evening,Bike,25,7.7,57.7
1492,9.96,Clear,High,Morning,Scooter,32,9.3,83.9
1493,6.45,Clear,Medium,Night,Car,6,4.4,23.2
1494,2.76,Rainy,High,Morning,Bike,25,1.5,53.8
1495,15.48,Clear,Medium,Afternoon,Bike,13,2.5,84.4
1496,17.04,Clear,Medium,Night,Bike,34,3.2,108.5
1497,15.87,Clear,Low,Afternoon,Bike,28,8.0,65.1
1498,12.12,Clear,High,Morning,Bike,26,7.0,82.9
1499,10.11,Clear,Low,Morning,Scooter,29,2.5,45.5
1500,21.72,Stormy,High,Afternoon,Car,27,8.5,221.1
1501,13.46,Clear,Medium,Morning,Scooter,6,8.7,57.8
1502,12.5,Foggy,Low,Afternoon,Bike,34,8.9,81.8
1503,1.62,Rainy,High,Morning,Bike,5,3.1,26.2
1504,9.19,Clear,Low,Evening,Bike,18,1.8,46.1
1505,10.12,Clear,High,Afternoon,Bike,17,1.5,77.8
1506,10.57,Foggy,Low,Night,Bike,7,4.3,44.8
1507,14.92,Foggy,High,Night,Bike,31,4.6,157.3
1508,13.81,Clear,Medium,Night,Scooter,24,8.7,72.6
1509,15.59,Clear,Medium,Morning,Bike,29,3.0,88.7
1510,19.36,Clear,Medium,Afternoon,Car,9,6.5,85.6
1511,20.51,Clear,Low,Morning,Bike,6,8.0,77.4
1512,18.23,Rainy,High,Night,Bike,30,3.1,171.4
1513,23.93,Foggy,Low,Evening,Bike,25,3.0,124.0
1514,1.44,Clear,Medium,Night,Bike,33,6.9,41.1
1515,5.7,Rainy,Medium,Night,Car,22,7.4,51.8
1516,1.18,Rainy,Medium,Night,Bike,13,9.6,23.6
1517,16.54,Clear,Low,Evening,Car,26,8.6,69.9
1518,22.55,Clear,Low,Evening,Bike,32,8.3,94.6
1519,6.84,Rainy,Low,Afternoon,Bike,32,7.1,59.7
1520,23.25,Foggy,High,Evening,Bike,16,1.6,182.4
1521,2.45,Rainy,Low,Afternoon,Car,9,8.2,18.4
1522,23.43,Clear,High,Evening,Bike,22,9.4,131.0
1523,9.44,Clear,Low,Afternoon,Car,27,4.2,48.9
1524,3.43,Clear,Low,Night,Bike,27,3.5,31.8
1525,12.66,Rainy,Medium,Evening,Bike,6,5.5,62.5
1526,7.16,Rainy,Low,Morning,Scooter,14,9.6,34.3
1527,7.84,Clear,Medium,Morning,Bike,26,1.0,52.4
1528,8.37,Foggy,High,Afternoon,Bike,14,7.2,72.2
1529,20.27,Rainy,Low,Evening,Scooter,30,8.2,102.5
1530,13.94,Rainy,High,Evening,Bike,7,8.0,96.2
1531,8.47,Stormy,Medium,Morning,Bike,28,5.9,91.0
1532,15.65,Clear,Low,Evening,Bike,18,9.2,66.3
1533,18.19,Foggy,Low,Evening,Bike,9,1.8,92.5
1534,7.54,Clear,High,Afternoon,Bike,28,2.8,82.0
1535,10.93,Clear,Low,Night,Bike,27,3.4,47.9
1536,3.93,Foggy,High,Morning,Scooter,34,0.6,86.0
1537,5.35,Foggy,Medium,Night,Bike,17,4.0,52.4
1538,17.35,Clear,Low,Evening,Scooter,31,2.0,74.4
1539,5.35,Rainy,Medium,Evening,Bike,28,7.4,66.9
1540,13.6,Rainy,High,Afternoon,Bike,32,4.4,128.1
1541,18.02,Foggy,Medium,Night,Bike,21,7.2,118.5
1542,3.57,Clear,Medium,Night,Scooter,10,3.3,29.0
1543,14.62,Foggy,High,Afternoon,Scooter,33,1.8,157.5
1544,7.16,Clear,Low,Night,Bike,33,1.8,57.0
1545,24.11,Clear,High,Afternoon,Bike,31,2.4,178.4
1546,12.61,Clear,High,Afternoon,Scooter,17,1.6,84.6
1547,20.34,Clear,Medium,Evening,Car,33,2.6,117.8
1548,14.21,Foggy,High,Evening,Scooter,16,6.0,122.9
1549,2.04,Clear,Medium,Evening,Bike,7,2.9,10.0
1550,16.2,Stormy,Medium,Afternoon,Bike,34,3.8,163.6
1551,23.83,Clear,Medium,Evening,Scooter,20,1.0,130.9
1552,15.44,Rainy,Medium,Morning,Bike,9,9.0,85.9
1553,20.66,Foggy,Medium,Morning,Bike,6,1.8,124.1
1554,22.22,Rainy,Low,Evening,Bike,15,3.8,109.3
1555,6.47,Rainy,Medium,Afternoon,Bike,8,4.1,42.7
1556,6.09,Rainy,Low,Morning,Car,26,7.8,38.0
1557,15.66,Foggy,Low,Evening,Car,5,5.1,68.0
1558,10.86,Foggy,Medium,Morning,Bike,17,4.1,77.4
1559,21.16,Clear,High,Morning,Bike,22,7.1,130.7
1560,22.6,Foggy,Medium,Morning,Scooter,20,6.2,139.7
1561,9.48,Clear,Medium,Night,Bike,6,1.2,44.9
1562,6.68,Clear,Low,Morning,Bike,13,3.5,33.1
1563,19.73,Foggy,Medium,Evening,Bike,31,9.8,137.6
1564,7.6,Clear,Low,Morning,Bike,16,5.1,37.5
1565,20.74,Foggy,Low,Evening,Bike,9,4.5,99.9
1566,11.17,Clear,Medium,Morning,Bike,9,1.9,45.2
1567,17.02,Clear,Medium,Morning,Bike,26,8.5,88.3
1568,3.29,Clear,Low,Night,Car,17,1.8,29.9
1569,15.97,Clear,Medium,Morning,Car,20,1.5,94.1
1570,11.84,Rainy,High,Evening,Scooter,30,4.7,122.5
1571,15.08,Clear,Low,Night,Bike,23,4.6,67.8
1572,5.03,Clear,Low,Night,Bike,13,9.8,26.0
1573,18.68,Clear,Medium,Morning,Scooter,20,1.7,95.8
1574,21.71,Clear,Low,Morning,Car,23,5.1,91.4
1575,6.2,Rainy,High,Afternoon,Bike,8,2.4,48.7
1576,3.3,Clear,Medium,Morning,Bike,32,7.2,44.8
1577,1.57,Rainy,Medium,Afternoon,Bike,19,4.2,29.3
1578,16.41,Foggy,Medium,Evening,Bike,13,6.7,99.2
1579,15.57,Rainy,Medium,Morning,Bike,20,3.7,104.9
1580,14.12,Foggy,Low,Morning,Car,30,5.9,89.8
1581,6.57,Clear,High,Afternoon,Bike,28,5.0,68.6
1582,10.38,Clear,Medium,Afternoon,Bike,10,4.1,49.5
1583,15.27,Foggy,Low,Night,Car,12,5.6,83.1
1584,12.92,Rainy,Medium,Night,Bike,5,4.1,71.0
1585,24.71,Rainy,Low,Morning,Car,18,8.2,109.9
1586,4.27,Rainy,Low,Evening,Bike,8,5.2,24.0
1587,17.68,Clear,Medium,Night,Car,14,9.1,75.4
1588,10.7,Clear,Medium,Night,Bike,31,2.6,76.6
1589,11.28,Rainy,Medium,Night,Car,20,1.6,78.2
1590,18.22,Rainy,Low,Afternoon,Bike,8,4.1,81.2
1591,17.62,Clear,Medium,Morning,Bike,6,2.2,64.0
1592,24.79,Foggy,Low,Afternoon,Bike,6,4.2,109.5
1593,4.08,Clear,Medium,Evening,Bike,17,2.5,33.5
1594,3.5,Clear,Medium,Afternoon,Bike,15,8.7,21.6
1595,18.38,Foggy,Medium,Morning,Car,14,5.9,113.7
1596,14.88,Rainy,High,Afternoon,Bike,29,5.2,131.2
1597,7.58,Clear,High,Evening,Scooter,10,8.0,48.6
1598,2.91,Clear,High,Morning,Bike,11,1.7,26.8
1599,3.06,Clear,High,Morning,Scooter,31,8.6,54.3
1600,22.46,Rainy,High,Morning,Bike,31,5.1,186.1
1601,5.6,Clear,High,Morning,Car,19,1.8,55.7
1602,8.76,Foggy,High,Evening,Bike,24,8.3,91.1
1603,6.44,Foggy,Medium,Morning,Bike,23,4.9,74.3
1604,9.52,Foggy,Low,Evening,Bike,7,6.2,45.1
1605,2.67,Clear,Low,Evening,Scooter,25,9.0,21.9
1606,13.46,Rainy,High,Afternoon,Scooter,31,9.0,113.6
1607,2.62,Clear,Medium,Afternoon,Scooter,18,9.0,30.0
1608,20.21,Clear,High,Morning,Bike,26,4.5,144.7
1609,6.61,Clear,Medium,Night,Bike,34,7.6,51.5
1610,13.96,Clear,Medium,Night,Car,6,2.7,62.9
1611,22.12,Foggy,Medium,Morning,Bike,27,8.4,138.8
1612,16.62,Clear,High,Evening,Bike,20,3.7,111.5
1613,13.79,Clear,Low,Afternoon,Scooter,27,4.9,55.9
1614,8.78,Stormy,High,Morning,Bike,21,9.0,109.3
1615,8.99,Clear,High,Morning,Scooter,19,8.2,71.4
1616,17.07,Rainy,Medium,Evening,Bike,34,9.5,102.3
1617,24.86,Clear,Medium,Afternoon,Car,33,4.0,142.0
1618,16.88,Clear,Low,Night,Car,17,1.9,78.7
1619,14.39,Foggy,Low,Night,Scooter,33,9.1,70.8
1620,18.54,Clear,Medium,Morning,Bike,33,5.2,94.3
1621,12.16,Rainy,Low,Morning,Bike,16,8.9,56.9
1622,2.44,Clear,Low,Morning,Car,11,7.5,22.0
1623,14.5,Clear,High,Morning,Bike,33,8.8,108.6
1624,23.98,Clear,Medium,Morning,Scooter,24,6.7,116.1
1625,5.21,Clear,Medium,Night,Bike,24,8.2,43.9
1626,17.56,Clear,Low,Morning,Bike,7,1.6,61.4
1627,5.82,Rainy,High,Afternoon,Bike,13,9.7,56.9
1628,13.86,Clear,High,Evening,Bike,7,2.2,83.2
1629,3.32,Clear,Medium,Night,Scooter,20,0.7,26.0
1630,11.81,Clear,High,Evening,Scooter,24,5.5,84.9
1631,19.15,Foggy,High,Evening,Bike,7,7.3,136.4
1632,9.34,Foggy,Medium,Morning,Scooter,12,7.3,59.7
1633,16.96,Rainy,Medium,Evening,Car,12,3.7,95.7
1634,20.09,Foggy,Low,Afternoon,Scooter,30,7.7,109.5
1635,23.25,Clear,Low,Morning,Bike,28,8.5,92.3
1636,6.63,Clear,Low,Night,Bike,19,6.3,28.6
1637,10.58,Rainy,Low,Afternoon,Car,9,4.2,55.8
1638,4.66,Rainy,Low,Night,Bike,17,6.3,31.8
1639,24.82,Clear,High,Morning,Car,19,8.7,144.1
1640,23.25,Clear,Low,Morning,Scooter,11,9.1,78.4
1641,13.96,Stormy,High,Night,Scooter,16,0.8,153.9
1642,21.21,Foggy,Medium,Evening,Car,7,1.7,131.0
1643,13.5,Clear,Low,Night,Scooter,12,0.5,56.8
1644,15.97,Rainy,Medium,Afternoon,Bike,14,5.2,93.2
1645,3.14,Clear,Low,Evening,Bike,6,4.6,10.0
1646,19.13,Clear,High,Morning,Bike,12,5.7,116.1
1647,4.07,Clear,High,Afternoon,Bike,26,7.0,49.3
1648,20.83,Clear,Low,Afternoon,Bike,22,4.0,88.8
1649,19.77,Clear,High,Morning,Bike,16,2.5,134.5
1650,18.01,Foggy,Medium,Evening,Bike,26,4.3,131.6
1651,1.87,Clear,Low,Morning,Bike,31,0.6,31.3
1652,8.28,Rainy,Medium,Afternoon,Car,30,8.4,68.0
1653,7.31,Clear,Medium,Afternoon,Scooter,22,4.1,63.3
1654,9.64,Clear,Low,Afternoon,Car,23,6.4,49.6
1655,3.1,Foggy,High,Morning,Bike,31,3.6,71.2
1656,23.49,Rainy,Low,Night,Bike,9,6.3,96.2
1657,14.29,Stormy,Medium,Afternoon,Bike,20,5.6,116.5
1658,8.33,Stormy,Low,Afternoon,Bike,21,2.5,61.0
1659,10.53,Clear,High,Evening,Bike,13,6.4,76.0
1660,11.73,Clear,High,Night,Bike,14,1.5,77.8
1661,15.41,Foggy,Low,Evening,Bike,23,5.1,85.9
1662,13.38,Stormy,Medium,Afternoon,Scooter,33,7.3,129.9
1663,23.07,Rainy,Low,Night,Scooter,16,5.7,109.8
1664,12.93,Rainy,High,Evening,Bike,5,7.6,80.0
1665,24.81,Rainy,Low,Morning,Bike,26,3.1,124.4
1666,21.43,Clear,High,Evening,Bike,21,1.0,147.2
1667,6.0,Rainy,High,Night,Bike,7,1.0,43.4
1668,23.33,Foggy,Medium,Evening,Car,11,3.1,132.8
1669,3.79,Rainy,Low,Night,Car,24,4.4,32.8
1670,20.62,Clear,Medium,Night,Bike,13,5.6,95.8
1671,10.13,Clear,Medium,Evening,Bike,27,7.7,63.7
1672,22.07,Clear,Medium,Evening,Bike,9,8.5,91.5
1673,21.83,Clear,Medium,Morning,Bike,13,7.1,100.2
1674,20.34,Foggy,Medium,Evening,Car,23,4.9,130.6
1675,19.96,Clear,Medium,Night,Scooter,15,3.0,96.9
1676,8.31,Clear,High,Afternoon,Bike,18,4.6,64.2
1677,2.94,Clear,Low,Evening,Bike,18,3.1,19.4
1678,10.67,Rainy,Medium,Evening,Scooter,12,6.4,75.2
1679,5.16,Clear,High,Night,Bike,28,8.3,45.9
1680,17.68,Clear,Low,Afternoon,Scooter,24,5.4,80.7
1681,9.31,Clear,Medium,Morning,Bike,5,0.9,49.1
1682,24.41,Clear,High,Afternoon,Bike,8,9.4,130.3
1683,16.38,Clear,Medium,Night,Scooter,20,3.3,87.6
1684,20.74,Clear,Low,Night,Bike,29,9.2,89.2
1685,4.18,Foggy,Low,Night,Bike,30,8.2,41.8
1686,21.69,Clear,Medium,Night,Bike,5,4.4,95.3
1687,23.15,Clear,Low,Afternoon,Bike,23,1.0,98.3
1688,12.69,Rainy,High,Afternoon,Scooter,28,9.5,108.8
1689,15.55,Clear,Medium,Afternoon,Bike,7,6.8,68.0
1690,19.36,Rainy,Low,Evening,Scooter,6,2.9,78.5
1691,5.2,Clear,High,Night,Bike,21,5.6,48.0
1692,13.06,Rainy,Medium,Evening,Bike,29,6.5,101.2
1693,10.57,Rainy,Low,Evening,Scooter,15,2.7,70.8
1694,4.51,Foggy,Medium,Evening,Scooter,30,1.4,65.9
1695,9.82,Clear,Low,Morning,Bike,7,3.0,42.3
1696,2.64,Clear,High,Evening,Bike,11,1.0,29.7
1697,1.62,Clear,Medium,Night,Bike,14,1.2,23.0
1698,4.24,Foggy,High,Evening,Scooter,7,2.0,44.0
1699,24.11,Foggy,Medium,Night,Bike,33,2.0,179.8
1700,14.19,Clear,High,Morning,Bike,12,2.9,98.4
1701,24.18,Clear,Low,Afternoon,Bike,29,9.4,88.2
1702,11.38,Clear,High,Night,Bike,32,6.0,109.4
1703,8.48,Clear,High,Evening,Scooter,28,4.5,78.4
1704,13.15,Clear,Medium,Night,Bike,9,5.9,61.3
1705,11.55,Clear,High,Evening,Bike,31,0.6,101.4
1706,3.54,Rainy,High,Afternoon,Bike,14,9.0,37.1
1707,16.38,Foggy,High,Night,Bike,16,5.6,136.7
1708,6.18,Stormy,Medium,Evening,Bike,22,4.8,76.0
1709,15.87,Clear,Medium,Night,Bike,10,9.4,71.1
1710,16.6,Rainy,High,Afternoon,Bike,12,7.4,113.3
1711,4.65,Foggy,High,Afternoon,Scooter,22,3.7,53.0
1712,2.47,Clear,Medium,Afternoon,Scooter,10,9.4,10.0
1713,19.74,Rainy,High,Night,Bike,27,8.6,151.7
1714,12.04,Clear,Low,Night,Bike,34,9.6,61.0
1715,2.4,Clear,High,Evening,Bike,13,1.4,27.3
1716,24.88,Clear,Low,Afternoon,Bike,20,9.6,84.8
1717,2.39,Clear,Low,Evening,Car,15,5.7,20.1
1718,17.68,Rainy,Medium,Night,Car,29,6.9,113.9
1719,24.61,Clear,Medium,Morning,Scooter,34,2.5,134.0
1720,6.74,Clear,Medium,Afternoon,Bike,6,1.8,26.5
1721,4.41,Clear,Medium,Evening,Scooter,21,1.3,35.3
1722,3.91,Foggy,Medium,Afternoon,Bike,17,4.5,46.0
1723,8.28,Clear,Low,Evening,Scooter,11,2.6,31.5
1724,3.43,Rainy,High,Evening,Bike,26,1.3,65.1
1725,17.61,Rainy,Medium,Morning,Bike,14,9.6,100.5
1726,2.5,Clear,Medium,Night,Bike,30,7.5,32.4
1727,13.23,Clear,Medium,Afternoon,Bike,17,5.4,66.6
1728,24.92,Rainy,High,Night,Scooter,14,7.6,172.4
1729,20.54,Clear,Medium,Evening,Scooter,32,6.3,116.5
1730,15.77,Clear,Low,Night,Scooter,8,2.2,56.3
1731,8.35,Rainy,High,Morning,Car,31,6.5,85.5
1732,15.97,Clear,High,Night,Bike,15,7.0,103.5
1733,13.65,Clear,Medium,Evening,Bike,13,2.8,72.6
1734,11.23,Clear,High,Evening,Bike,20,3.5,85.8
1735,4.14,Clear,Medium,Morning,Scooter,21,4.1,41.3
1736,22.28,Rainy,Medium,Afternoon,Bike,27,6.2,129.6
1737,11.79,Rainy,Medium,Morning,Bike,9,1.7,72.8
1738,5.67,Rainy,Medium,Afternoon,Bike,9,7.6,34.5
1739,9.83,Rainy,Low,Evening,Car,10,3.8,51.0
1740,10.94,Clear,Low,Night,Car,6,7.1,42.5
1741,20.86,Clear,Low,Evening,Bike,31,9.4,88.9
1742,18.61,Clear,Low,Morning,Car,18,8.8,72.0
1743,19.46,Clear,Medium,Morning,Bike,15,7.5,90.1
1744,1.26,Stormy,Medium,Night,Bike,23,2.3,45.5
1745,10.99,Foggy,Low,Morning,Scooter,15,7.5,60.1
1746,12.55,Clear,High,Evening,Bike,29,6.5,93.8
1747,1.46,Clear,Low,Night,Bike,24,7.8,19.6
1748,7.24,Clear,Medium,Afternoon,Car,10,8.8,38.2
1749,19.25,Clear,Low,Morning,Scooter,17,3.5,80.0
1750,4.29,Clear,Low,Afternoon,Car,33,6.6,34.1
1751,13.85,Clear,Low,Night,Bike,23,3.1,58.4
1752,6.16,Foggy,Medium,Morning,Bike,7,3.8,33.2
1753,1.29,Rainy,High,Night,Bike,29,5.4,42.6
1754,6.79,Clear,Low,Morning,Car,20,4.6,34.3
1755,24.42,Clear,Medium,Morning,Bike,13,6.2,106.5
1756,20.24,Clear,Low,Morning,Bike,33,7.7,84.6
1757,24.03,Foggy,High,Night,Bike,7,6.2,163.2
1758,12.71,Foggy,High,Night,Scooter,23,9.7,102.7
1759,3.63,Foggy,Low,Evening,Bike,19,7.5,32.8
1760,14.15,Clear,Medium,Evening,Bike,26,9.9,75.5
1761,11.91,Rainy,High,Night,Bike,17,7.6,97.2
1762,21.26,Clear,Medium,Night,Bike,21,5.3,109.0
1763,3.35,Rainy,Medium,Morning,Bike,34,4.4,56.5
1764,12.72,Clear,Medium,Evening,Bike,25,7.5,72.2
1765,4.6,Clear,Medium,Evening,Car,29,7.0,48.3
1766,8.79,Rainy,High,Night,Bike,29,6.9,100.0
1767,18.7,Clear,High,Evening,Bike,12,7.4,103.4
1768,12.42,Clear,High,Night,Bike,26,8.8,93.1
1769,10.02,Clear,Medium,Evening,Car,18,2.7,56.2
1770,10.47,Clear,Medium,Afternoon,Bike,13,5.9,54.7
1771,12.03,Clear,Medium,Afternoon,Scooter,7,6.2,59.4
1772,19.84,Clear,High,Evening,Car,33,3.3,144.4
1773,22.41,Clear,Medium,Night,Bike,13,9.9,89.8
1774,23.93,Clear,Medium,Afternoon,Bike,28,8.0,114.5
1775,19.89,Stormy,Low,Morning,Scooter,16,3.6,120.0
1776,8.57,Clear,Medium,Night,Scooter,19,3.9,47.8
1777,17.52,Clear,High,Afternoon,Scooter,21,7.3,117.3
1778,11.5,Clear,Medium,Morning,Scooter,13,0.6,65.4
1779,7.11,Foggy,Low,Afternoon,Bike,28,4.9,53.4
1780,21.18,Rainy,Low,Afternoon,Scooter,12,3.8,89.8
1781,1.92,Clear,Medium,Morning,Bike,10,8.6,11.4
1782,22.64,Rainy,High,Morning,Bike,13,8.0,147.9
1783,12.08,Rainy,High,Evening,Scooter,19,3.7,110.0
1784,16.29,Rainy,High,Afternoon,Bike,28,8.7,132.0
1785,16.82,Rainy,Medium,Morning,Bike,22,9.2,109.5
1786,22.48,Foggy,Medium,Evening,Bike,26,5.7,147.6
1787,16.28,Foggy,Medium,Morning,Bike,32,2.0,127.3
1788,15.73,Rainy,Medium,Evening,Car,15,7.8,93.5
1789,2.6,Clear,Medium,Evening,Bike,28,3.5,29.0
1790,13.44,Rainy,Medium,Morning,Scooter,18,5.5,85.5
1791,4.6,Foggy,Medium,Morning,Bike,17,0.9,41.6
1792,18.7,Clear,Low,Afternoon,Bike,17,5.3,61.9
1793,13.29,Stormy,Low,Afternoon,Bike,26,4.1,100.5
1794,17.33,Clear,High,Evening,Bike,17,7.0,110.5
1795,2.0,Clear,High,Morning,Bike,34,0.9,55.1
1796,3.04,Foggy,Medium,Afternoon,Car,31,6.4,52.5
1797,18.19,Clear,Low,Evening,Bike,29,7.8,63.7
1798,2.73,Clear,High,Afternoon,Bike,20,0.6,39.7
1799,2.71,Clear,Medium,Evening,Bike,16,7.6,24.0
1800,1.29,Clear,Medium,Afternoon,Bike,25,1.7,33.0
1801,23.96,Clear,Medium,Morning,Bike,28,7.1,113.4
1802,18.7,Clear,Medium,Night,Scooter,30,4.8,107.9
1803,9.48,Clear,Medium,Night,Bike,22,5.7,55.5
1804,8.12,Stormy,High,Evening,Bike,16,3.7,98.2
1805,9.39,Stormy,Low,Night,Bike,9,2.8,64.1
1806,19.59,Clear,Low,Night,Bike,21,1.2,77.9
1807,16.87,Rainy,Low,Evening,Bike,25,8.7,86.6
1808,5.44,Clear,Medium,Night,Scooter,27,6.3,39.2
1809,5.18,Clear,Low,Afternoon,Scooter,5,9.8,22.2
1810,3.36,Clear,Low,Afternoon,Bike,17,8.6,20.9
1811,16.85,Stormy,Low,Afternoon,Scooter,14,8.8,96.7
1812,19.34,Foggy,Low,Morning,Bike,7,6.2,71.1
1813,7.36,Clear,Medium,Afternoon,Scooter,10,1.3,38.4
1814,1.5,Clear,Low,Night,Car,20,9.2,17.3
1815,2.97,Clear,Medium,Night,Bike,32,1.6,51.7
1816,24.23,Clear,Medium,Afternoon,Bike,5,5.4,101.8
1817,8.09,Rainy,Low,Morning,Bike,23,8.6,45.6
1818,19.46,Clear,Medium,Afternoon,Bike,12,5.0,94.0
1819,15.99,Rainy,High,Morning,Bike,13,2.1,120.9
1820,10.17,Clear,High,Morning,Scooter,27,4.0,91.2
1821,5.94,Foggy,Low,Afternoon,Bike,24,9.9,45.6
1822,3.91,Rainy,High,Morning,Bike,27,10.0,53.1
1823,15.76,Clear,Medium,Night,Scooter,11,7.3,75.9
1824,19.59,Rainy,Low,Afternoon,Scooter,15,8.9,86.8
1825,16.45,Foggy,Low,Night,Bike,27,0.9,106.0
1826,13.73,Clear,Medium,Morning,Scooter,12,3.1,67.8
1827,2.01,Clear,Medium,Evening,Car,15,4.0,25.4
1828,24.24,Foggy,Medium,Afternoon,Bike,18,0.6,169.4
1829,20.17,Clear,Medium,Evening,Bike,18,4.1,100.6
1830,8.03,Clear,Low,Evening,Scooter,8,1.4,31.8
1831,24.52,Clear,Medium,Evening,Scooter,24,5.4,128.4
1832,15.45,Foggy,Medium,Evening,Bike,13,0.5,107.3
1833,14.98,Rainy,Medium,Night,Bike,12,3.1,86.5
1834,18.95,Foggy,High,Afternoon,Scooter,19,8.7,156.1
1835,20.48,Clear,High,Night,Car,31,2.5,142.6
1836,16.76,Clear,High,Morning,Scooter,24,1.1,125.2
1837,4.07,Rainy,Medium,Afternoon,Car,10,2.9,37.6
1838,9.12,Rainy,Medium,Afternoon,Scooter,29,8.4,77.6
1839,23.27,Clear,Medium,Night,Car,20,6.1,106.2
1840,6.39,Clear,Medium,Morning,Scooter,20,6.1,37.4
1841,9.93,Clear,Medium,Evening,Car,33,0.5,77.0
1842,11.37,Rainy,High,Morning,Bike,18,5.0,99.8
1843,11.55,Foggy,Medium,Night,Scooter,32,3.0,97.1
1844,15.71,Rainy,Low,Night,Bike,34,3.7,94.7
1845,23.63,Stormy,High,Night,Bike,19,6.2,220.0
1846,6.78,Clear,High,Evening,Bike,26,8.8,67.1
1847,3.92,Foggy,Medium,Afternoon,Bike,31,2.2,57.7
1848,5.74,Foggy,Medium,Morning,Bike,25,7.8,56.7
1849,22.29,Clear,Low,Morning,Car,16,1.0,93.8
1850,16.5,Stormy,Medium,Evening,Scooter,27,3.6,154.0
1851,7.86,Clear,Low,Night,Car,22,2.6,45.7
1852,20.58,Foggy,Low,Morning,Car,28,9.2,111.0
1853,21.67,Foggy,Medium,Afternoon,Bike,15,2.2,140.1
1854,21.32,Rainy,Medium,Morning,Bike,11,6.0,121.1
1855,23.05,Rainy,Medium,Night,Bike,10,2.1,120.3
1856,7.05,Clear,High,Morning,Bike,7,5.0,44.5
1857,19.12,Clear,Low,Night,Scooter,13,4.4,71.7
1858,12.05,Clear,Medium,Afternoon,Bike,19,0.9,69.7
1859,21.21,Rainy,Medium,Evening,Bike,6,8.3,106.3
1860,18.48,Rainy,Low,Night,Bike,8,7.9,76.3
1861,19.63,Foggy,Medium,Night,Bike,6,3.1,118.0
1862,16.75,Clear,Medium,Morning,Bike,10,6.3,69.5
1863,5.26,Foggy,Medium,Evening,Car,16,3.9,59.2
1864,14.08,Foggy,High,Night,Bike,11,7.8,104.7
1865,24.63,Rainy,Medium,Morning,Bike,13,7.1,130.9
1866,23.5,Clear,High,Afternoon,Bike,10,1.4,140.3
1867,2.04,Clear,Medium,Evening,Scooter,26,8.5,30.9
1868,4.96,Clear,Low,Morning,Bike,9,2.2,21.1
1869,4.16,Rainy,Medium,Evening,Bike,30,2.2,57.0
1870,18.42,Rainy,Low,Night,Bike,31,7.5,98.0
1871,20.63,Stormy,Medium,Morning,Car,32,2.2,177.1
1872,6.12,Clear,Medium,Afternoon,Car,30,1.7,53.7
1873,13.14,Clear,Medium,Afternoon,Bike,8,3.7,60.0
1874,21.18,Rainy,Low,Morning,Scooter,14,8.5,100.9
1875,18.59,Foggy,Medium,Morning,Bike,31,2.2,145.5
1876,14.01,Foggy,Low,Evening,Bike,24,3.7,91.3
1877,15.17,Foggy,Medium,Morning,Bike,8,3.2,94.8
1878,13.2,Clear,High,Evening,Bike,9,3.9,80.9
1879,8.14,Rainy,High,Night,Scooter,21,7.3,79.3
1880,14.56,Foggy,Low,Morning,Car,22,4.4,88.9
1881,17.53,Clear,Medium,Night,Bike,7,7.7,82.8
1882,21.96,Clear,Medium,Afternoon,Bike,27,6.6,112.4
1883,16.27,Clear,High,Evening,Bike,17,3.9,103.2
1884,19.27,Clear,Medium,Evening,Bike,33,4.6,113.8
1885,4.84,Rainy,Low,Afternoon,Car,5,7.2,18.1
1886,12.08,Clear,Medium,Night,Car,23,5.6,71.4
1887,1.22,Clear,Medium,Evening,Scooter,27,8.7,31.5
1888,6.92,Clear,Medium,Afternoon,Bike,26,9.4,47.8
1889,18.44,Rainy,High,Afternoon,Scooter,6,7.3,114.0
1890,24.8,Clear,Low,Afternoon,Bike,8,9.9,77.1
1891,3.38,Rainy,High,Morning,Car,20,6.2,46.9
1892,10.64,Clear,Low,Night,Bike,20,0.9,47.3
1893,20.2,Clear,High,Afternoon,Bike,21,5.3,126.9
1894,5.9,Clear,High,Night,Bike,32,2.7,63.7
1895,14.32,Clear,Medium,Evening,Bike,25,3.7,85.7
1896,18.59,Clear,Medium,Morning,Scooter,16,5.2,91.4
1897,15.78,Clear,Low,Afternoon,Scooter,6,3.3,58.4
1898,5.51,Foggy,Low,Afternoon,Scooter,34,3.4,55.4
1899,9.53,Rainy,Low,Afternoon,Bike,28,4.3,61.3
1900,19.81,Clear,Low,Evening,Bike,14,3.2,72.5
1901,14.3,Clear,Medium,Morning,Car,10,2.1,72.8
1902,1.13,Stormy,Low,Night,Scooter,16,7.8,16.9
1903,19.26,Rainy,High,Night,Bike,16,4.3,144.5
1904,1.85,Clear,Medium,Night,Scooter,21,8.4,22.3
1905,18.9,Rainy,Medium,Night,Car,34,8.9,130.1
1906,5.86,Rainy,Medium,Night,Scooter,22,7.6,53.3
1907,23.99,Rainy,Medium,Night,Bike,8,4.3,126.8
1908,9.83,Clear,Low,Night,Scooter,7,7.4,30.0
1909,8.85,Clear,Medium,Morning,Bike,29,2.0,58.9
1910,4.57,Clear,High,Morning,Scooter,21,6.8,49.6
1911,8.33,Foggy,Medium,Evening,Bike,27,4.4,86.0
1912,22.04,Rainy,Low,Afternoon,Car,13,6.7,96.5
1913,24.91,Clear,High,Morning,Scooter,29,7.7,157.1
1914,9.84,Foggy,Low,Afternoon,Bike,26,5.8,66.5
1915,11.77,Foggy,Medium,Evening,Scooter,34,6.6,100.7
1916,18.33,Stormy,Medium,Morning,Bike,16,2.5,149.2
1917,22.27,Foggy,Medium,Evening,Bike,33,6.1,150.6
1918,15.23,Stormy,High,Morning,Bike,11,4.9,142.4
1919,10.4,Clear,High,Morning,Bike,20,4.6,78.6
1920,10.9,Foggy,Medium,Night,Car,12,4.4,79.9
1921,17.69,Foggy,Low,Afternoon,Bike,7,3.5,87.0
1922,1.08,Clear,High,Evening,Scooter,25,3.4,29.9
1923,15.87,Clear,Medium,Night,Bike,17,7.1,76.0
1924,9.53,Stormy,Low,Morning,Scooter,24,5.8,80.4
1925,20.06,Clear,Medium,Morning,Bike,13,0.8,107.1
1926,3.23,Foggy,Low,Evening,Bike,13,1.0,36.7
1927,15.12,Clear,Low,Afternoon,Car,8,5.9,53.0
1928,12.54,Clear,High,Evening,Bike,32,8.5,101.1
1929,16.42,Clear,Medium,Morning,Scooter,18,0.9,89.9
1930,2.56,Clear,Low,Night,Bike,22,5.3,23.8
1931,14.92,Rainy,Medium,Evening,Bike,5,8.6,73.8
1932,14.48,Rainy,High,Night,Car,23,0.5,132.0
1933,14.46,Clear,Low,Afternoon,Scooter,6,3.1,58.7
1934,15.48,Clear,Medium,Afternoon,Bike,9,9.2,59.1
1935,17.24,Clear,High,Night,Car,26,1.3,129.6
1936,20.32,Clear,Low,Afternoon,Bike,18,6.3,85.1
1937,7.48,Rainy,Medium,Night,Bike,13,5.3,57.7
1938,20.8,Clear,Low,Night,Bike,24,1.9,92.2
1939,12.96,Clear,Medium,Night,Scooter,24,0.9,75.8
1940,2.85,Clear,High,Afternoon,Bike,19,5.3,41.0
1941,2.41,Clear,Low,Night,Bike,24,7.5,31.2
1942,9.02,Clear,High,Afternoon,Car,5,2.2,52.5
1943,19.84,Clear,High,Night,Bike,34,7.1,139.9
1944,17.98,Foggy,Medium,Night,Bike,23,5.7,119.8
1945,19.93,Foggy,Medium,Afternoon,Bike,8,3.9,113.4
1946,13.41,Foggy,Low,Night,Bike,18,6.8,70.0
1947,11.56,Clear,High,Night,Bike,5,2.3,69.3
1948,4.54,Clear,Medium,Afternoon,Bike,9,4.8,22.2
1949,8.88,Clear,Medium,Morning,Bike,14,5.7,42.9
1950,11.42,Rainy,Medium,Evening,Bike,13,4.9,65.6
1951,3.13,Stormy,Medium,Afternoon,Scooter,21,4.3,53.6
1952,6.29,Clear,High,Night,Car,18,7.5,44.4
1953,15.36,Clear,Medium,Evening,Scooter,32,6.7,78.1
1954,18.66,Rainy,High,Evening,Bike,11,6.6,135.1
1955,24.96,Foggy,Medium,Night,Bike,22,9.0,142.5
1956,23.39,Foggy,Low,Night,Scooter,14,9.9,102.0
1957,16.42,Rainy,High,Morning,Scooter,32,5.9,150.0
1958,11.11,Stormy,Medium,Night,Bike,31,3.8,112.9
1959,16.27,Clear,Medium,Evening,Bike,29,7.9,81.1
1960,19.86,Foggy,High,Night,Scooter,8,1.8,150.5
1961,3.84,Stormy,Low,Evening,Bike,18,5.4,45.7
1962,10.84,Foggy,Medium,Afternoon,Bike,7,5.5,64.8
1963,21.16,Clear,Low,Afternoon,Bike,32,9.8,85.0
1964,10.21,Clear,Medium,Evening,Scooter,33,9.9,64.7
1965,14.72,Clear,High,Afternoon,Scooter,31,8.1,110.1
1966,15.11,Clear,High,Morning,Car,27,5.0,117.4
1967,5.43,Foggy,Medium,Evening,Scooter,26,5.7,74.1
1968,9.69,Clear,High,Evening,Bike,15,3.5,68.9
1969,9.03,Clear,High,Night,Scooter,14,8.4,67.5
1970,1.63,Rainy,Medium,Morning,Bike,12,7.6,25.3
1971,1.58,Clear,Low,Night,Bike,13,7.8,15.4
1972,20.96,Clear,Medium,Morning,Car,32,1.8,109.3
1973,7.55,Clear,High,Morning,Bike,27,4.3,70.0
1974,13.43,Rainy,High,Morning,Bike,10,5.6,95.0
1975,8.17,Clear,Medium,Evening,Car,18,1.7,54.2
1976,23.58,Foggy,High,Afternoon,Car,32,4.0,210.4
1977,7.22,Clear,Low,Afternoon,Bike,28,1.3,43.9
1978,11.31,Foggy,Low,Night,Bike,13,9.6,65.8
1979,21.95,Clear,High,Night,Bike,18,7.6,135.9
1980,21.21,Clear,Low,Afternoon,Car,12,6.4,65.7
1981,5.47,Clear,Low,Afternoon,Bike,10,2.4,24.8
1982,20.26,Clear,Medium,Morning,Car,28,3.7,113.3
1983,12.0,Clear,Medium,Night,Bike,29,1.9,85.8
1984,12.59,Clear,Medium,Night,Bike,10,5.6,57.5
1985,4.2,Clear,Low,Night,Bike,34,8.3,35.6
1986,2.93,Rainy,High,Night,Bike,26,0.7,59.5
1987,18.47,Clear,High,Afternoon,Car,6,1.5,111.9
1988,12.92,Clear,Medium,Afternoon,Scooter,29,2.7,74.4
1989,11.48,Rainy,Medium,Evening,Bike,28,7.3,73.5
1990,18.51,Foggy,Medium,Evening,Bike,9,9.0,107.5
1991,19.37,Clear,Medium,Afternoon,Scooter,30,7.7,96.5
1992,4.81,Clear,Medium,Morning,Bike,7,5.5,36.3
1993,15.65,Stormy,Medium,Afternoon,Car,29,1.5,148.1
1994,4.25,Clear,Medium,Morning,Bike,15,7.7,28.8
1995,19.03,Stormy,Low,Night,Bike,30,1.5,143.5
1996,16.77,Clear,Medium,Evening,Bike,34,3.8,90.6
1997,23.96,Foggy,Medium,Morning,Bike,33,3.4,184.4
1998,2.65,Clear,Medium,Night,Bike,11,3.9,19.3
1999,2.37,Foggy,High,Afternoon,Car,33,3.6,64.1
2000,7.77,Clear,Medium,Evening,Bike,13,7.8,35.7
2001,7.28,Rainy,High,Afternoon,Bike,17,2.1,74.5
2002,6.93,Clear,Low,Night,Bike,34,8.5,46.3
2003,22.75,Clear,Medium,Night,Scooter,20,8.7,98.3
2004,6.99,Rainy,High,Afternoon,Scooter,27,5.2,74.7
2005,7.53,Clear,Medium,Night,Scooter,16,1.5,53.1
2006,19.23,Foggy,Medium,Night,Bike,12,6.0,110.4
2007,11.79,Clear,Medium,Morning,Scooter,18,8.3,52.3
2008,19.64,Foggy,High,Afternoon,Scooter,30,3.2,182.9
2009,2.57,Clear,Medium,Afternoon,Bike,18,8.5,23.5
2010,12.7,Stormy,High,Evening,Bike,9,6.9,128.3
2011,1.81,Stormy,High,Morning,Scooter,30,9.9,63.5
2012,2.5,Clear,Medium,Morning,Bike,14,8.3,20.3
2013,22.75,Foggy,Medium,Night,Bike,34,2.4,168.4
2014,4.34,Foggy,Low,Evening,Bike,26,4.8,40.6
2015,13.78,Clear,Medium,Evening,Bike,32,1.5,92.4
2016,10.87,Rainy,Medium,Morning,Bike,28,1.2,84.0
2017,9.34,Clear,High,Evening,Scooter,34,7.2,84.3
2018,22.6,Foggy,Medium,Morning,Car,18,9.2,133.0
2019,1.52,Clear,High,Evening,Bike,27,9.7,42.5
2020,16.93,Clear,Low,Morning,Bike,21,3.1,69.6
2021,24.12,Clear,Medium,Morning,Scooter,30,2.4,127.7
2022,14.44,Rainy,Medium,Night,Scooter,8,5.8,85.7
2023,23.48,Foggy,Medium,Night,Bike,33,2.4,167.3
2024,2.25,Stormy,High,Evening,Scooter,28,3.3,73.4
2025,11.05,Clear,Low,Night,Scooter,19,8.5,55.6
2026,7.24,Clear,Low,Afternoon,Bike,15,8.2,33.1
2027,18.54,Rainy,Medium,Afternoon,Bike,13,9.0,96.4
2028,24.55,Rainy,Medium,Evening,Bike,19,5.1,139.2
2029,7.16,Clear,High,Morning,Car,26,5.9,63.2
2030,16.7,Clear,High,Night,Bike,31,7.8,119.9
2031,5.75,Clear,Low,Evening,Bike,24,2.8,33.1
2032,14.57,Clear,Medium,Afternoon,Bike,6,8.3,65.0
2033,12.13,Rainy,Medium,Morning,Car,32,0.7,101.1
2034,24.33,Clear,High,Night,Bike,29,8.1,153.5
2035,15.6,Foggy,High,Morning,Scooter,5,7.9,116.1
2036,9.39,Clear,Medium,Morning,Scooter,25,3.4,55.5
2037,3.74,Clear,Medium,Night,Scooter,28,7.4,39.6
2038,4.63,Foggy,Low,Night,Scooter,24,2.5,47.5
2039,6.41,Rainy,Medium,Afternoon,Bike,21,6.0,50.5
2040,7.02,Clear,Medium,Afternoon,Car,8,7.2,39.3
2041,21.41,Rainy,Medium,Morning,Scooter,9,7.3,107.0
2042,14.47,Clear,Medium,Morning,Car,9,9.8,63.1
2043,13.56,Foggy,Medium,Afternoon,Scooter,32,2.2,114.2
2044,3.75,Clear,Medium,Afternoon,Car,18,5.1,32.6
2045,21.64,Rainy,Medium,Morning,Bike,5,8.9,104.0
2046,18.35,Clear,Low,Evening,Bike,6,5.8,62.9
2047,2.62,Clear,Low,Evening,Bike,26,8.8,23.6
2048,17.99,Stormy,Low,Evening,Bike,14,4.6,107.2
2049,14.04,Foggy,High,Night,Scooter,34,8.1,141.1
2050,2.96,Clear,Low,Afternoon,Bike,9,8.8,15.5
2051,12.0,Clear,High,Evening,Bike,13,8.5,69.7
2052,12.63,Clear,Low,Evening,Scooter,17,8.8,51.9
2053,4.98,Rainy,Medium,Afternoon,Car,27,2.6,53.9
2054,23.7,Rainy,High,Night,Scooter,33,4.7,202.9
2055,21.4,Rainy,Medium,Evening,Scooter,25,2.2,150.1
2056,17.06,Clear,Low,Night,Bike,17,2.2,77.8
2057,12.1,Foggy,Low,Night,Car,32,5.1,88.2
2058,10.88,Clear,High,Morning,Bike,32,9.6,91.3
2059,16.62,Clear,Medium,Afternoon,Car,13,6.1,76.8
2060,14.09,Rainy,Medium,Morning,Bike,18,8.6,73.7
2061,2.49,Stormy,Medium,Evening,Scooter,21,9.4,38.7
2062,13.3,Rainy,Medium,Morning,Scooter,7,1.3,73.3
2063,20.35,Rainy,Low,Afternoon,Bike,22,2.0,109.4
2064,12.02,Rainy,Medium,Night,Scooter,16,3.3,79.5
2065,2.25,Foggy,Medium,Night,Scooter,27,6.4,40.0
2066,19.87,Clear,Low,Evening,Car,13,1.1,69.4
2067,5.83,Clear,High,Afternoon,Bike,20,8.0,62.8
2068,7.21,Stormy,High,Night,Bike,34,1.1,134.7
2069,4.95,Foggy,High,Evening,Bike,17,2.0,66.9
2070,8.93,Clear,Low,Afternoon,Bike,32,4.1,50.7
2071,19.16,Clear,Medium,Afternoon,Bike,22,5.8,95.9
2072,13.47,Clear,High,Morning,Scooter,16,8.9,81.4
2073,5.92,Clear,Low,Night,Bike,26,9.7,35.8
2074,22.07,Stormy,Low,Afternoon,Scooter,6,8.9,123.0
2075,22.11,Clear,High,Night,Bike,23,1.5,143.8
2076,21.89,Foggy,Medium,Night,Bike,5,6.5,118.0
2077,6.73,Clear,Medium,Afternoon,Bike,10,4.7,38.5
2078,11.83,Clear,Medium,Night,Scooter,22,1.7,71.3
2079,24.64,Clear,High,Morning,Scooter,7,5.8,139.1
2080,19.53,Rainy,Medium,Evening,Bike,26,3.9,117.2
2081,1.65,Rainy,High,Evening,Bike,10,3.8,34.4
2082,2.56,Rainy,Medium,Afternoon,Bike,8,1.4,15.7
2083,12.13,Clear,Medium,Morning,Scooter,21,9.8,57.5
2084,22.82,Clear,Medium,Evening,Scooter,27,7.4,110.5
2085,13.93,Clear,Low,Morning,Scooter,22,3.2,59.9
2086,12.95,Clear,Medium,Afternoon,Bike,26,9.2,73.4
2087,3.53,Rainy,Medium,Morning,Bike,11,9.5,28.8
2088,16.76,Rainy,High,Afternoon,Bike,34,8.2,145.1
2089,20.73,Rainy,Medium,Evening,Bike,6,6.8,97.1
2090,10.13,Clear,Medium,Evening,Bike,19,4.1,58.7
2091,19.61,Clear,Medium,Evening,Bike,26,4.6,104.2
2092,24.15,Clear,High,Evening,Bike,21,4.8,156.6
2093,5.89,Clear,Medium,Night,Bike,10,9.5,31.7
2094,13.56,Foggy,Low,Morning,Bike,12,7.7,67.5
2095,7.89,Rainy,High,Morning,Bike,12,3.3,77.7
2096,20.03,Clear,Medium,Morning,Scooter,11,6.4,83.4
2097,14.86,Clear,Medium,Afternoon,Scooter,8,6.1,64.4
2098,16.23,Foggy,Medium,Evening,Bike,24,8.2,102.6
2099,20.15,Rainy,Medium,Evening,Scooter,9,1.4,122.2
2100,10.5,Rainy,Medium,Night,Car,12,7.2,70.4
2101,22.96,Clear,Low,Night,Bike,18,3.6,97.3
2102,13.79,Clear,High,Evening,Bike,24,1.7,107.9
2103,4.79,Stormy,Low,Morning,Car,29,7.5,58.7
2104,17.7,Rainy,Medium,Morning,Car,7,3.7,93.4
2105,20.04,Clear,Low,Evening,Bike,29,7.4,86.8
2106,8.6,Foggy,Medium,Afternoon,Bike,22,2.0,68.8
2107,21.57,Rainy,Low,Morning,Scooter,26,9.9,92.0
2108,22.75,Clear,Medium,Evening,Bike,19,8.1,102.0
2109,7.65,Clear,Medium,Evening,Car,25,3.2,65.1
2110,24.6,Clear,Low,Night,Bike,9,7.5,80.2
2111,4.38,Clear,Medium,Night,Car,19,1.8,35.2
2112,5.85,Rainy,High,Evening,Bike,31,6.7,79.6
2113,5.42,Clear,Medium,Afternoon,Bike,10,1.1,37.6
2114,22.46,Foggy,High,Evening,Car,14,3.7,182.7
2115,16.7,Stormy,High,Morning,Bike,27,9.8,169.2
2116,4.65,Clear,High,Afternoon,Bike,24,1.6,54.9
2117,11.57,Clear,High,Afternoon,Car,19,6.2,81.9
2118,15.77,Foggy,Medium,Night,Bike,24,1.2,120.3
2119,3.0,Rainy,High,Evening,Bike,32,6.9,66.5
2120,22.18,Rainy,High,Night,Bike,13,3.1,165.3
2121,20.29,Clear,High,Morning,Scooter,8,3.4,117.7
2122,13.12,Clear,Low,Night,Scooter,12,3.7,58.2
2123,24.21,Rainy,High,Morning,Car,30,2.4,206.1
2124,11.03,Stormy,High,Evening,Bike,17,9.4,119.2
2125,24.62,Clear,High,Evening,Bike,21,9.1,139.6
2126,17.03,Foggy,Low,Night,Bike,8,8.8,78.0
2127,16.23,Clear,Low,Night,Scooter,6,1.5,66.2
2128,4.98,Stormy,High,Night,Scooter,31,2.7,101.2
2129,22.17,Rainy,Medium,Morning,Car,30,6.3,138.6
2130,11.26,Clear,Medium,Afternoon,Car,9,9.7,57.6
2131,4.89,Rainy,High,Afternoon,Bike,6,6.2,40.1
2132,1.3,Clear,Low,Night,Bike,20,3.6,19.0
2133,14.43,Clear,Medium,Night,Scooter,27,8.3,86.2
2134,13.66,Clear,Medium,Evening,Bike,30,1.8,85.0
2135,18.26,Clear,Medium,Night,Bike,27,8.9,84.1
2136,22.37,Clear,Medium,Evening,Car,19,9.8,95.8
2137,2.91,Rainy,Low,Morning,Bike,29,9.7,39.9
2138,18.56,Rainy,Low,Morning,Bike,33,1.9,109.1
2139,5.5,Clear,Medium,Morning,Bike,8,5.7,29.7
2140,21.6,Foggy,High,Morning,Scooter,19,6.1,176.9
2141,20.66,Rainy,Medium,Night,Bike,9,2.4,115.8
2142,13.98,Stormy,Low,Night,Scooter,7,5.7,78.7
2143,18.05,Rainy,Low,Evening,Bike,18,6.6,88.0
2144,8.54,Clear,High,Night,Car,11,3.6,56.7
2145,12.31,Clear,High,Evening,Bike,19,3.5,90.8
2146,20.72,Rainy,Medium,Morning,Car,9,1.1,113.6
2147,12.02,Clear,Low,Evening,Bike,13,9.6,39.6
2148,9.59,Clear,Medium,Evening,Car,32,8.1,60.6
2149,12.86,Clear,High,Night,Car,17,7.7,82.8
2150,20.88,Clear,Medium,Morning,Bike,34,0.7,120.8
2151,9.04,Clear,Medium,Afternoon,Bike,11,6.4,42.6
2152,5.17,Clear,Medium,Night,Bike,8,2.2,28.8
2153,18.09,Clear,High,Night,Scooter,11,6.8,103.3
2154,20.82,Rainy,Low,Afternoon,Bike,5,6.4,75.6
2155,3.42,Rainy,High,Morning,Bike,19,8.6,32.8
2156,6.76,Clear,Medium,Afternoon,Scooter,19,2.9,48.5
2157,4.41,Clear,Medium,Evening,Scooter,22,0.8,41.5
2158,9.35,Clear,Medium,Afternoon,Bike,19,9.2,44.8
2159,11.81,Clear,Medium,Morning,Bike,34,9.1,76.2
2160,18.97,Clear,Medium,Morning,Bike,7,4.8,85.7
2161,16.63,Clear,Medium,Afternoon,Bike,9,1.2,78.8
2162,15.9,Rainy,Low,Night,Bike,32,5.2,99.7
2163,9.46,Clear,Medium,Afternoon,Scooter,9,5.5,52.6
2164,21.19,Clear,Medium,Evening,Bike,20,8.3,96.7
2165,12.31,Clear,Low,Afternoon,Bike,27,7.3,55.7
2166,24.5,Rainy,High,Afternoon,Bike,29,1.2,198.1
2167,16.22,Foggy,Low,Afternoon,Car,14,7.2,84.9
2168,4.03,Rainy,Medium,Evening,Bike,29,1.8,55.7
2169,17.23,Rainy,Low,Afternoon,Car,26,1.3,99.5
2170,8.8,Clear,Medium,Night,Bike,27,4.3,50.6
2171,17.47,Clear,Medium,Evening,Bike,32,1.2,110.4
2172,2.67,Foggy,Medium,Night,Scooter,17,8.4,30.0
2173,5.2,Clear,Low,Evening,Bike,19,4.9,33.9
2174,21.54,Stormy,Low,Morning,Scooter,12,6.1,126.1
2175,6.45,Rainy,High,Morning,Car,24,6.0,72.9
2176,21.09,Rainy,Medium,Evening,Bike,11,9.8,102.2
2177,7.7,Clear,Medium,Evening,Scooter,18,9.2,46.5
2178,16.43,Rainy,Low,Evening,Scooter,10,8.6,64.3
2179,17.66,Clear,High,Morning,Car,12,4.1,112.5
2180,13.3,Clear,Low,Evening,Bike,19,1.9,56.4
2181,8.33,Clear,High,Morning,Bike,21,6.1,66.9
2182,6.1,Foggy,Medium,Morning,Bike,9,4.7,39.4
2183,1.8,Clear,Medium,Evening,Car,16,2.6,23.7
2184,8.29,Clear,Medium,Evening,Bike,17,1.4,47.0
2185,16.68,Clear,High,Evening,Bike,7,4.6,91.3
2186,23.52,Rainy,Medium,Morning,Bike,29,6.7,153.8
2187,21.91,Rainy,Medium,Afternoon,Scooter,29,6.4,139.7
2188,19.39,Rainy,Medium,Evening,Bike,23,7.9,115.9
2189,19.92,Clear,High,Afternoon,Bike,30,4.9,141.5
2190,16.96,Clear,Medium,Afternoon,Scooter,34,3.6,103.9
2191,7.25,Rainy,Low,Afternoon,Bike,32,5.6,55.6
2192,22.77,Clear,Low,Night,Bike,19,9.8,84.7
2193,17.1,Foggy,Low,Afternoon,Bike,22,0.9,95.2
2194,14.45,Rainy,Low,Afternoon,Bike,25,5.5,85.7
2195,3.66,Clear,Low,Morning,Bike,24,3.6,30.9
2196,11.73,Clear,Medium,Night,Bike,11,1.5,64.9
2197,12.05,Foggy,Low,Morning,Bike,32,4.6,89.9
2198,21.75,Clear,Medium,Morning,Scooter,18,6.6,104.4
2199,14.12,Clear,Medium,Afternoon,Bike,28,5.5,78.3
2200,10.13,Rainy,Low,Morning,Bike,24,0.8,70.9
2201,24.44,Clear,Low,Evening,Bike,23,6.0,103.1
2202,3.66,Rainy,Low,Afternoon,Bike,29,2.7,31.7
2203,11.14,Clear,Low,Evening,Car,28,3.7,57.5
2204,2.01,Rainy,High,Afternoon,Bike,15,3.5,36.1
2205,18.76,Clear,Medium,Afternoon,Bike,31,8.7,97.0
2206,23.03,Clear,Low,Afternoon,Car,11,1.0,81.8
2207,7.72,Foggy,Medium,Night,Scooter,15,3.8,55.4
2208,21.6,Rainy,Low,Afternoon,Scooter,12,4.3,86.4
2209,8.01,Clear,Medium,Evening,Scooter,28,6.4,61.8
2210,22.86,Clear,Medium,Afternoon,Bike,14,8.0,107.2
2211,19.1,Rainy,Medium,Afternoon,Car,28,7.4,125.8
2212,20.32,Clear,Medium,Morning,Car,15,7.6,91.9
2213,1.43,Stormy,Low,Afternoon,Bike,5,2.3,15.3
2214,24.11,Stormy,Medium,Afternoon,Scooter,24,9.2,183.9
2215,18.44,Rainy,High,Afternoon,Bike,14,4.4,134.7
2216,8.31,Clear,High,Afternoon,Scooter,11,0.6,55.3
2217,20.91,Clear,Low,Afternoon,Bike,26,6.8,81.5
2218,7.76,Rainy,Medium,Afternoon,Bike,7,6.2,45.4
2219,21.95,Clear,Medium,Night,Bike,23,1.7,112.4
2220,3.7,Clear,High,Evening,Bike,32,9.6,55.2
2221,17.89,Clear,Low,Night,Bike,8,5.8,56.2
2222,13.98,Clear,Medium,Evening,Bike,34,5.0,86.8
2223,3.32,Clear,Low,Night,Scooter,30,4.3,35.4
2224,6.81,Clear,Medium,Afternoon,Car,10,2.5,39.0
2225,1.3,Rainy,Medium,Night,Bike,34,9.6,37.1
2226,12.25,Clear,High,Evening,Car,5,7.2,70.6
2227,8.23,Clear,High,Morning,Bike,30,5.9,78.3
2228,15.36,Clear,Medium,Morning,Scooter,8,6.5,57.4
2229,8.13,Rainy,Medium,Afternoon,Bike,29,8.5,69.9
2230,8.2,Clear,Low,Afternoon,Car,11,6.5,31.7
2231,18.84,Rainy,Medium,Evening,Scooter,15,1.6,111.5
2232,2.16,Stormy,Medium,Morning,Bike,10,7.1,23.7
2233,22.67,Clear,Low,Afternoon,Bike,31,5.9,89.9
2234,21.45,Clear,High,Night,Car,9,9.7,113.5
2235,17.03,Clear,Low,Night,Scooter,16,7.5,67.0
2236,15.24,Stormy,Medium,Morning,Bike,33,3.8,151.2
2237,22.42,Rainy,High,Evening,Bike,6,1.8,160.3
2238,5.45,Foggy,High,Afternoon,Scooter,22,5.1,73.4
2239,2.9,Clear,High,Afternoon,Car,26,7.0,34.3
2240,6.75,Stormy,Low,Afternoon,Bike,13,2.2,48.1
2241,20.07,Clear,High,Morning,Car,18,6.7,127.8
2242,1.83,Clear,Low,Night,Bike,16,8.3,10.5
2243,14.99,Foggy,High,Evening,Car,13,2.0,113.2
2244,24.89,Foggy,Medium,Morning,Scooter,5,7.2,141.2
2245,21.54,Clear,High,Morning,Bike,11,1.1,134.0
2246,13.51,Clear,Low,Afternoon,Bike,11,0.6,52.2
2247,2.53,Clear,Medium,Night,Scooter,14,0.8,20.5
2248,20.95,Clear,High,Evening,Bike,6,6.5,116.0
2249,15.38,Clear,High,Evening,Car,34,9.7,113.2
2250,3.76,Stormy,Low,Afternoon,Scooter,32,7.8,56.4
2251,3.25,Rainy,High,Evening,Bike,30,2.9,64.0
2252,22.83,Rainy,Low,Night,Car,8,1.2,95.3
2253,17.06,Rainy,Medium,Afternoon,Bike,33,6.4,116.6
2254,20.9,Clear,Medium,Afternoon,Scooter,12,0.5,108.0
2255,22.1,Rainy,Low,Night,Scooter,26,8.0,100.9
2256,14.72,Rainy,Low,Evening,Car,31,2.8,90.7
2257,13.42,Clear,High,Night,Bike,18,3.3,91.3
2258,11.33,Rainy,Medium,Evening,Bike,17,3.8,79.3
2259,8.61,Clear,Low,Evening,Bike,20,7.8,35.8
2260,11.43,Foggy,High,Evening,Bike,11,3.0,97.0
2261,19.57,Stormy,High,Night,Bike,14,3.2,196.5
2262,15.45,Clear,Medium,Night,Scooter,15,5.6,72.3
2263,22.42,Rainy,Low,Morning,Bike,15,4.9,102.4
2264,11.64,Clear,Low,Night,Bike,34,9.6,58.0
2265,15.57,Rainy,Medium,Afternoon,Bike,10,3.0,89.3
2266,16.15,Clear,Medium,Afternoon,Bike,29,1.4,94.2
2267,15.2,Clear,Medium,Afternoon,Scooter,31,5.6,94.3
2268,17.86,Clear,High,Afternoon,Bike,16,2.3,111.6
2269,6.7,Rainy,Medium,Morning,Bike,14,4.4,49.9
2270,13.3,Clear,Low,Night,Bike,30,2.3,63.9
2271,3.5,Foggy,High,Night,Bike,13,8.9,40.5
2272,10.23,Clear,Medium,Evening,Bike,26,3.6,70.1
2273,12.7,Foggy,Medium,Night,Car,10,7.9,73.7
2274,16.65,Rainy,High,Evening,Scooter,13,9.5,97.7
2275,23.81,Clear,High,Evening,Bike,30,9.4,140.8
2276,15.42,Clear,Medium,Afternoon,Bike,29,5.5,77.7
2277,18.85,Rainy,Low,Morning,Car,7,9.8,73.6
2278,13.15,Rainy,High,Morning,Bike,11,6.7,94.7
2279,16.22,Rainy,Medium,Night,Bike,7,1.7,89.4
2280,2.7,Clear,Medium,Evening,Bike,24,8.9,27.9
2281,7.11,Clear,Medium,Afternoon,Scooter,34,5.0,61.3
2282,9.68,Stormy,Medium,Evening,Car,29,2.0,103.5
2283,12.34,Clear,High,Afternoon,Bike,30,8.0,99.4
2284,2.1,Clear,Medium,Evening,Bike,12,6.4,19.5
2285,4.36,Clear,High,Night,Scooter,26,8.9,45.3
2286,7.64,Rainy,High,Night,Car,26,8.4,77.7
2287,24.32,Rainy,High,Evening,Car,12,3.5,171.7
2288,8.95,Clear,Medium,Morning,Scooter,17,2.9,46.8
2289,12.57,Clear,High,Afternoon,Car,6,7.5,72.6
2290,5.71,Clear,Medium,Morning,Bike,18,5.9,44.0
2291,15.66,Clear,Low,Morning,Bike,9,1.2,61.5
2292,7.74,Clear,High,Evening,Bike,17,2.2,67.7
2293,5.97,Stormy,Medium,Afternoon,Bike,27,1.9,95.8
2294,13.4,Clear,Low,Afternoon,Scooter,32,6.1,56.5
2295,1.13,Clear,Low,Night,Car,17,1.3,17.5
2296,1.18,Foggy,Low,Evening,Scooter,23,2.5,21.5
2297,6.26,Clear,High,Evening,Scooter,28,5.7,72.6
2298,1.88,Rainy,Medium,Evening,Bike,7,1.8,19.0
2299,3.59,Clear,Low,Night,Scooter,18,2.9,22.3
2300,9.13,Clear,High,Night,Bike,8,9.1,51.7
2301,20.26,Foggy,Low,Afternoon,Scooter,30,7.1,116.9
2302,14.73,Rainy,High,Night,Bike,14,3.4,116.6
2303,13.3,Clear,Medium,Evening,Bike,10,8.8,62.1
2304,8.04,Rainy,Medium,Evening,Bike,10,2.9,59.3
2305,23.36,Foggy,Medium,Morning,Bike,6,6.1,132.6
2306,10.53,Clear,Medium,Night,Bike,6,4.0,54.6
2307,3.09,Clear,High,Evening,Bike,23,7.6,40.8
2308,15.81,Stormy,Low,Evening,Bike,7,4.0,80.4
2309,3.73,Clear,High,Afternoon,Scooter,24,2.9,49.9
2310,9.29,Rainy,Medium,Night,Scooter,8,6.3,49.5
2311,13.18,Rainy,Medium,Evening,Car,8,7.6,73.8
2312,21.98,Rainy,Medium,Afternoon,Scooter,30,5.6,129.8
2313,12.85,Clear,Low,Morning,Bike,30,7.3,65.6
2314,17.85,Clear,Medium,Morning,Scooter,15,4.5,87.8
2315,24.83,Rainy,High,Afternoon,Bike,7,8.1,157.8
2316,4.16,Clear,Low,Night,Bike,21,6.1,31.6
2317,7.59,Clear,Medium,Evening,Scooter,13,2.4,44.4
2318,10.47,Clear,Medium,Night,Bike,18,9.0,53.5
2319,11.12,Clear,Medium,Afternoon,Bike,6,8.4,53.4
2320,10.86,Stormy,Low,Evening,Scooter,18,9.7,74.6
2321,22.78,Clear,Medium,Evening,Scooter,7,5.9,100.7
2322,18.14,Stormy,High,Evening,Scooter,6,6.9,156.3
2323,15.59,Clear,Low,Night,Bike,26,8.7,66.1
2324,8.42,Rainy,Medium,Night,Car,26,1.0,74.2
2325,20.77,Clear,Medium,Afternoon,Scooter,33,9.2,98.1
2326,23.92,Rainy,Medium,Morning,Scooter,5,3.1,118.6
2327,20.71,Rainy,Medium,Afternoon,Scooter,8,1.0,115.9
2328,1.04,Clear,Medium,Evening,Bike,14,2.8,10.0
2329,16.27,Foggy,Low,Afternoon,Bike,19,6.1,84.7
2330,2.23,Clear,High,Morning,Scooter,25,1.0,39.3
2331,7.18,Rainy,High,Afternoon,Scooter,16,0.5,71.9
2332,2.43,Stormy,Low,Morning,Bike,10,6.6,24.6
2333,15.49,Foggy,Medium,Morning,Scooter,25,4.8,102.6
2334,17.48,Stormy,High,Evening,Bike,7,8.5,150.8
2335,3.75,Clear,High,Morning,Bike,7,2.9,26.4
2336,10.21,Clear,High,Night,Bike,23,3.2,70.8
2337,11.95,Clear,High,Afternoon,Bike,26,1.2,96.1
2338,9.86,Clear,Low,Afternoon,Bike,24,5.6,51.1
2339,3.9,Rainy,High,Night,Scooter,8,4.0,34.2
2340,11.05,Clear,High,Night,Bike,23,3.7,83.9
2341,19.03,Rainy,Medium,Evening,Bike,18,4.8,113.5
2342,2.7,Clear,Medium,Afternoon,Car,8,8.6,14.9
2343,2.92,Clear,Medium,Night,Bike,12,1.5,22.9
2344,9.51,Rainy,Medium,Evening,Scooter,23,5.5,64.5
2345,23.6,Clear,Low,Afternoon,Car,30,2.4,100.2
2346,17.05,Foggy,Low,Afternoon,Bike,23,2.5,107.1
2347,17.29,Clear,Low,Night,Scooter,26,2.9,78.7
2348,9.69,Rainy,Medium,Morning,Car,5,4.9,54.0
2349,15.25,Clear,Low,Morning,Car,30,5.2,68.1
2350,1.24,Clear,High,Night,Bike,26,8.8,32.9
2351,16.27,Rainy,Low,Morning,Bike,19,9.0,73.7
2352,22.92,Foggy,High,Afternoon,Bike,15,6.1,178.6
2353,15.7,Clear,High,Evening,Scooter,13,3.2,105.5
2354,21.97,Clear,High,Evening,Car,7,8.3,113.3
2355,18.38,Clear,Medium,Night,Scooter,22,8.0,90.0
2356,3.89,Clear,Low,Evening,Bike,23,8.1,27.0
2357,22.66,Foggy,Medium,Night,Bike,20,0.7,157.1
2358,2.59,Rainy,Low,Morning,Bike,20,7.7,28.9
2359,13.82,Clear,High,Afternoon,Bike,32,8.6,102.6
2360,4.41,Clear,Medium,Morning,Scooter,7,6.2,28.9
2361,1.28,Rainy,Medium,Night,Bike,22,7.6,31.9
2362,11.13,Clear,High,Afternoon,Bike,17,7.9,70.3
2363,8.08,Rainy,High,Afternoon,Scooter,31,5.3,93.9
2364,12.66,Clear,High,Afternoon,Bike,24,8.2,88.2
2365,14.85,Rainy,Medium,Morning,Car,12,8.0,76.3
2366,2.05,Clear,Medium,Afternoon,Bike,11,9.2,16.1
2367,3.95,Foggy,Medium,Morning,Car,30,9.3,58.6
2368,14.41,Clear,Low,Morning,Bike,29,5.5,73.0
2369,9.24,Clear,High,Afternoon,Bike,28,0.8,91.1
2370,18.5,Foggy,Medium,Night,Scooter,33,0.7,150.5
2371,16.65,Clear,Low,Afternoon,Car,27,9.4,69.7
2372,21.29,Clear,High,Afternoon,Bike,26,3.7,141.0
2373,17.62,Clear,Medium,Morning,Scooter,23,4.1,96.8
2374,11.32,Clear,High,Afternoon,Car,30,5.0,85.9
2375,17.15,Foggy,High,Night,Bike,24,3.0,154.0
2376,7.61,Rainy,High,Afternoon,Scooter,28,6.1,91.1
2377,8.35,Clear,Low,Night,Bike,16,8.0,34.5
2378,19.94,Rainy,Low,Evening,Bike,22,2.9,103.5
2379,11.71,Clear,High,Evening,Bike,19,7.6,77.8
2380,20.16,Foggy,High,Evening,Bike,16,6.9,158.2
2381,20.74,Clear,Medium,Afternoon,Bike,10,5.5,84.7
2382,21.58,Rainy,Medium,Morning,Bike,33,3.6,151.0
2383,23.0,Clear,Low,Night,Bike,21,8.8,78.9
2384,11.34,Clear,High,Evening,Scooter,27,4.3,84.9
2385,8.65,Clear,Low,Night,Scooter,8,4.1,40.5
2386,14.97,Clear,Low,Morning,Bike,16,6.6,58.7
2387,9.91,Rainy,Medium,Night,Bike,21,9.2,65.0
2388,15.43,Clear,Low,Night,Car,25,5.3,76.0
2389,17.93,Stormy,High,Evening,Bike,9,7.4,162.9
2390,17.52,Clear,Low,Night,Bike,33,4.8,79.2
2391,9.99,Rainy,Low,Evening,Bike,10,2.6,48.9
2392,5.0,Foggy,Medium,Morning,Scooter,19,1.7,57.2
2393,11.33,Rainy,Medium,Evening,Bike,32,1.8,90.4
2394,4.42,Foggy,Low,Night,Bike,12,0.7,39.5
2395,22.36,Foggy,Medium,Morning,Scooter,24,5.8,142.4
2396,9.3,Clear,Medium,Afternoon,Bike,20,1.7,54.8
2397,4.71,Rainy,High,Afternoon,Bike,17,8.7,55.7
2398,1.61,Clear,Low,Morning,Car,32,9.8,30.3
2399,16.5,Clear,High,Morning,Bike,27,5.2,108.2
2400,16.29,Clear,Medium,Night,Scooter,31,4.8,94.4
2401,9.17,Rainy,Low,Afternoon,Bike,19,3.8,48.0
2402,2.72,Clear,Low,Morning,Bike,24,6.6,29.9
2403,10.83,Clear,Medium,Afternoon,Bike,34,6.3,82.3
2404,8.47,Clear,Low,Afternoon,Scooter,17,3.8,43.5
2405,17.25,Stormy,Medium,Night,Bike,19,3.8,138.7
2406,15.54,Clear,Low,Morning,Bike,6,6.6,57.8
2407,9.75,Clear,Medium,Evening,Car,28,5.8,64.3
2408,6.23,Clear,Medium,Morning,Scooter,25,7.3,46.2
2409,24.71,Stormy,Low,Afternoon,Bike,30,9.4,149.4
2410,11.9,Stormy,Medium,Evening,Bike,24,7.9,107.8
2411,17.52,Rainy,High,Evening,Bike,32,3.4,158.0
2412,4.37,Foggy,Low,Afternoon,Bike,34,7.7,36.8
2413,12.65,Clear,High,Evening,Car,22,4.8,92.0
2414,1.66,Stormy,Medium,Evening,Car,11,7.9,25.1
2415,13.13,Clear,High,Morning,Bike,25,8.9,93.2
2416,24.14,Clear,Low,Afternoon,Bike,13,2.9,80.7
2417,10.22,Clear,High,Night,Car,11,2.8,70.9
2418,1.94,Rainy,Medium,Evening,Scooter,13,4.6,24.1
2419,1.74,Rainy,Medium,Afternoon,Bike,33,1.0,50.5
2420,10.31,Clear,Medium,Morning,Bike,16,7.0,46.5
2421,4.84,Stormy,Low,Morning,Bike,14,7.6,33.7
2422,1.56,Clear,High,Morning,Car,14,3.8,15.8
2423,19.15,Clear,Medium,Evening,Bike,17,4.9,94.1
2424,12.0,Clear,Low,Night,Scooter,9,6.1,43.0
2425,7.94,Rainy,Low,Morning,Bike,31,1.2,61.3
2426,22.6,Foggy,Low,Night,Car,26,7.3,108.7
2427,3.79,Clear,Medium,Afternoon,Bike,12,5.5,20.2
2428,23.94,Rainy,Medium,Morning,Bike,14,6.4,116.3
2429,8.54,Clear,Medium,Evening,Bike,10,7.4,35.4
2430,22.32,Rainy,Medium,Morning,Bike,15,6.9,117.9
2431,15.47,Stormy,Medium,Evening,Bike,8,1.4,115.6
2432,20.84,Clear,Medium,Afternoon,Scooter,6,7.9,85.3
2433,24.62,Foggy,Low,Night,Bike,10,6.3,114.7
2434,7.92,Rainy,Low,Night,Bike,17,7.3,40.7
2435,24.07,Clear,Low,Night,Bike,33,3.0,108.1
2436,10.35,Stormy,High,Morning,Bike,16,2.6,124.5
2437,10.25,Clear,Medium,Morning,Bike,18,8.3,60.8
2438,9.17,Clear,High,Afternoon,Bike,34,4.2,91.3
2439,13.99,Clear,Medium,Night,Bike,29,6.0,82.5
2440,4.7,Clear,High,Afternoon,Bike,12,5.7,32.7
2441,14.29,Foggy,Medium,Evening,Bike,7,6.1,83.5
2442,14.0,Rainy,Medium,Morning,Bike,9,1.2,80.9
2443,19.29,Foggy,Low,Night,Bike,26,3.4,115.8
2444,21.01,Clear,Medium,Morning,Scooter,11,1.1,101.7
2445,11.57,Clear,High,Night,Bike,22,5.1,85.0
2446,8.26,Clear,Low,Night,Bike,10,9.1,39.0
2447,7.22,Clear,Low,Morning,Scooter,22,4.2,37.8
2448,5.67,Stormy,Medium,Morning,Bike,12,7.9,51.9
2449,2.38,Rainy,High,Afternoon,Bike,11,3.2,41.4
2450,9.22,Clear,Medium,Morning,Bike,6,8.6,41.7
2451,7.49,Foggy,Low,Morning,Scooter,8,4.5,45.2
2452,24.19,Rainy,Medium,Morning,Scooter,27,3.9,157.6
2453,14.39,Clear,Medium,Evening,Scooter,13,7.1,65.1
2454,9.33,Foggy,High,Evening,Car,20,5.4,97.5
2455,14.93,Clear,High,Evening,Scooter,23,3.7,105.1
2456,4.34,Clear,Medium,Afternoon,Scooter,14,1.1,42.6
2457,11.66,Clear,Low,Afternoon,Bike,30,2.1,70.0
2458,16.03,Clear,High,Night,Bike,12,7.8,96.5
2459,12.73,Clear,Medium,Afternoon,Car,33,9.2,81.7
2460,10.64,Clear,High,Morning,Car,20,2.1,79.0
2461,24.85,Clear,Medium,Night,Bike,29,5.9,134.1
2462,22.13,Rainy,High,Morning,Bike,33,0.8,192.5
2463,15.96,Stormy,High,Night,Car,12,3.3,161.3
2464,14.67,Rainy,Medium,Afternoon,Bike,24,4.8,94.6
2465,15.9,Clear,High,Evening,Bike,8,7.5,92.4
2466,5.83,Clear,Low,Morning,Scooter,31,0.9,53.3
2467,10.48,Clear,High,Night,Bike,27,7.9,84.5
2468,1.95,Clear,High,Evening,Bike,24,2.4,41.7
2469,12.41,Rainy,Medium,Morning,Scooter,31,7.7,90.0
2470,14.03,Rainy,Medium,Morning,Bike,17,6.4,85.5
2471,6.47,Rainy,Medium,Evening,Car,30,3.7,64.4
2472,24.14,Rainy,High,Afternoon,Car,14,7.4,171.5
2473,22.83,Clear,High,Evening,Scooter,27,2.7,159.8
2474,18.33,Clear,Medium,Afternoon,Car,29,2.6,103.2
2475,13.8,Rainy,High,Night,Bike,32,1.1,139.8
2476,21.88,Clear,Medium,Afternoon,Bike,13,4.2,116.5
2477,4.14,Clear,Low,Night,Scooter,29,1.4,38.3
2478,19.97,Clear,Medium,Night,Bike,30,4.5,116.7
2479,4.0,Clear,Medium,Night,Bike,16,0.6,30.3
2480,20.06,Clear,Low,Night,Scooter,30,2.0,93.8
2481,7.62,Foggy,Medium,Morning,Scooter,19,9.4,55.3
2482,22.05,Foggy,Medium,Night,Scooter,26,8.1,137.2
2483,23.66,Clear,High,Morning,Scooter,5,2.7,137.2
2484,4.57,Clear,Low,Morning,Scooter,16,7.3,21.2
2485,12.1,Rainy,Medium,Night,Scooter,28,6.9,81.1
2486,24.54,Clear,Medium,Afternoon,Bike,34,2.2,140.1
2487,12.6,Clear,High,Afternoon,Bike,18,4.0,85.5
2488,21.73,Clear,Medium,Evening,Scooter,26,9.2,103.0
2489,15.13,Clear,High,Morning,Bike,27,7.5,96.9
2490,10.01,Rainy,High,Morning,Car,6,7.7,61.3
2491,7.86,Foggy,Medium,Afternoon,Scooter,7,5.9,50.1
2492,5.88,Clear,Low,Morning,Scooter,10,6.8,24.5
2493,19.28,Clear,High,Afternoon,Car,23,5.3,131.0
2494,10.28,Clear,Medium,Evening,Scooter,25,7.5,57.6
2495,13.27,Clear,Medium,Night,Bike,17,7.5,65.8
2496,12.82,Stormy,Medium,Night,Bike,24,0.8,126.8
2497,14.85,Rainy,High,Night,Bike,25,6.5,123.7
2498,21.77,Clear,High,Evening,Bike,12,6.5,126.9
2499,24.54,Rainy,High,Morning,Bike,8,1.1,168.8
2500,10.78,Foggy,Medium,Evening,Scooter,29,4.4,95.0
2501,20.86,Foggy,Medium,Morning,Bike,23,9.0,134.2
2502,19.35,Clear,Low,Morning,Bike,32,9.6,75.8
2503,14.76,Clear,Low,Night,Bike,11,7.9,55.3
2504,23.95,Rainy,High,Afternoon,Bike,11,1.9,174.6
2505,5.81,Clear,Medium,Afternoon,Bike,5,4.1,31.5
2506,3.62,Stormy,Medium,Night,Bike,23,2.2,60.1
2507,21.5,Rainy,Medium,Morning,Scooter,30,6.7,141.0
2508,11.54,Stormy,High,Evening,Bike,21,7.8,139.8
2509,21.33,Clear,Low,Night,Bike,12,8.9,76.1
2510,22.43,Foggy,Medium,Night,Bike,30,8.7,146.4
2511,2.5,Clear,Medium,Evening,Scooter,25,1.4,35.3
2512,22.2,Stormy,Medium,Morning,Scooter,19,1.7,174.5
2513,11.76,Clear,High,Night,Car,24,9.1,76.3
2514,13.25,Clear,High,Night,Scooter,23,8.5,84.7
2515,16.04,Rainy,Medium,Morning,Bike,11,4.9,91.6
2516,23.23,Clear,High,Evening,Bike,28,4.6,153.5
2517,1.46,Clear,Medium,Evening,Bike,28,5.8,39.0
2518,12.44,Stormy,High,Afternoon,Scooter,17,6.2,120.1
2519,17.51,Clear,Low,Afternoon,Bike,5,2.9,62.6
2520,18.34,Rainy,High,Evening,Scooter,11,4.3,133.3
2521,17.62,Clear,Medium,Afternoon,Bike,9,6.4,82.3
2522,4.23,Foggy,Low,Afternoon,Bike,22,2.5,41.3
2523,8.19,Rainy,Low,Morning,Bike,12,10.0,40.9
2524,9.61,Clear,Medium,Night,Scooter,19,3.2,59.0
2525,20.31,Clear,Medium,Afternoon,Bike,22,5.7,103.6
2526,7.69,Rainy,Low,Afternoon,Scooter,10,5.8,38.2
2527,6.06,Clear,Medium,Morning,Bike,32,4.8,64.9
2528,23.98,Clear,Medium,Evening,Bike,9,2.8,112.0
2529,1.21,Rainy,Medium,Afternoon,Bike,26,5.9,35.2
2530,24.95,Clear,High,Night,Bike,15,1.4,151.9
2531,17.24,Clear,Low,Afternoon,Bike,30,4.2,77.3
2532,20.88,Rainy,Medium,Night,Bike,12,2.6,126.7
2533,8.07,Clear,High,Evening,Bike,13,1.7,47.8
2534,1.34,Clear,Medium,Afternoon,Scooter,17,9.3,20.0
2535,18.71,Clear,Medium,Night,Bike,7,7.1,79.3
2536,21.02,Rainy,Medium,Night,Bike,7,2.1,117.5
2537,18.77,Rainy,Medium,Night,Scooter,11,9.5,97.1
2538,4.43,Rainy,Medium,Evening,Scooter,7,2.6,38.0
2539,19.08,Clear,High,Night,Bike,15,2.7,121.4
2540,19.45,Clear,Low,Morning,Scooter,18,1.8,79.9
2541,16.8,Clear,High,Evening,Scooter,30,7.4,122.5
2542,19.39,Clear,Low,Night,Bike,32,5.9,92.9
2543,21.3,Foggy,Medium,Evening,Bike,25,1.1,154.5
2544,15.73,Clear,High,Evening,Bike,14,0.7,110.0
2545,3.13,Clear,High,Morning,Bike,24,5.6,43.1
2546,12.7,Clear,High,Night,Car,31,6.7,100.3
2547,2.86,Rainy,High,Evening,Bike,13,8.3,41.7
2548,10.78,Rainy,Medium,Evening,Bike,31,5.0,89.4
2549,10.77,Rainy,Medium,Night,Car,16,6.9,66.7
2550,2.58,Foggy,Medium,Morning,Scooter,12,7.5,27.0
2551,9.37,Clear,Medium,Afternoon,Bike,16,6.3,56.8
2552,3.66,Clear,Medium,Night,Scooter,13,3.8,33.0
2553,20.4,Clear,Medium,Afternoon,Scooter,26,1.8,107.9
2554,23.74,Rainy,Medium,Night,Scooter,22,6.7,137.7
2555,2.74,Rainy,High,Night,Bike,28,7.8,54.2
2556,23.92,Clear,Medium,Evening,Bike,34,2.3,133.5
2557,13.54,Rainy,Low,Night,Bike,21,5.2,77.7
2558,8.19,Rainy,Medium,Morning,Bike,15,4.3,55.9
2559,2.84,Foggy,Medium,Morning,Bike,25,2.5,44.0
2560,13.01,Rainy,Medium,Night,Scooter,6,2.8,68.3
2561,20.07,Rainy,High,Evening,Bike,33,2.8,176.9
2562,17.97,Clear,Medium,Evening,Bike,27,4.5,94.8
2563,2.21,Rainy,High,Afternoon,Scooter,25,4.2,45.6
2564,2.75,Foggy,Medium,Night,Bike,30,5.8,45.4
2565,10.67,Clear,Medium,Afternoon,Car,23,1.4,64.1
2566,8.09,Rainy,High,Evening,Scooter,18,6.0,70.8
2567,6.58,Rainy,Low,Morning,Car,27,0.7,55.0
2568,7.74,Clear,Low,Evening,Bike,32,2.9,40.6
2569,20.28,Rainy,Low,Morning,Scooter,7,5.3,81.1
2570,23.3,Clear,Medium,Afternoon,Car,10,7.0,99.7
2571,10.72,Stormy,Low,Evening,Scooter,8,7.8,67.8
2572,22.75,Foggy,High,Morning,Scooter,16,0.8,188.7
2573,8.72,Clear,Medium,Afternoon,Bike,30,5.6,61.7
2574,12.43,Clear,Medium,Evening,Bike,6,3.9,56.4
2575,6.42,Rainy,Low,Night,Car,29,7.1,39.8
2576,16.37,Clear,Medium,Evening,Scooter,10,3.2,81.0
2577,24.5,Clear,Medium,Afternoon,Scooter,9,7.6,106.0
2578,15.48,Clear,Medium,Evening,Bike,33,6.2,95.4
2579,9.59,Clear,Medium,Afternoon,Bike,9,8.0,57.4
2580,16.55,Clear,Medium,Morning,Bike,12,9.9,65.4
2581,3.95,Foggy,Medium,Evening,Scooter,9,9.1,22.1
2582,22.33,Foggy,High,Afternoon,Car,28,6.1,193.5
2583,13.07,Rainy,Low,Afternoon,Bike,12,9.0,55.8
2584,11.78,Foggy,High,Night,Scooter,5,2.0,86.3
2585,15.06,Clear,Medium,Morning,Bike,24,0.9,87.3
2586,15.99,Clear,Medium,Night,Bike,13,5.6,72.9
2587,2.72,Clear,Medium,Night,Bike,18,9.8,34.1
2588,17.38,Rainy,Medium,Evening,Scooter,6,7.2,99.1
2589,6.81,Foggy,Low,Afternoon,Car,15,3.4,36.0
2590,18.13,Rainy,High,Afternoon,Bike,8,6.9,112.9
2591,20.74,Foggy,Medium,Afternoon,Bike,8,0.9,122.8
2592,20.3,Rainy,High,Evening,Scooter,21,5.0,152.6
2593,14.26,Clear,Medium,Evening,Bike,30,2.8,84.6
2594,13.48,Clear,Low,Morning,Car,30,1.0,69.1
2595,4.43,Clear,Medium,Night,Car,20,2.9,35.4
2596,19.61,Clear,Low,Morning,Bike,34,7.4,78.4
2597,7.51,Rainy,High,Morning,Bike,11,5.7,56.5
2598,12.92,Clear,High,Evening,Bike,16,0.7,99.6
2599,7.82,Rainy,Medium,Afternoon,Bike,21,4.4,60.1
2600,4.21,Rainy,Medium,Evening,Scooter,9,7.6,27.1
2601,16.11,Clear,Medium,Evening,Bike,12,9.6,63.0
2602,2.3,Clear,High,Evening,Car,24,8.8,35.5
2603,18.97,Clear,Low,Morning,Bike,9,0.5,77.8
2604,8.62,Clear,High,Afternoon,Car,15,2.6,67.8
2605,1.0,Foggy,Medium,Evening,Bike,30,2.5,47.1
2606,13.27,Clear,High,Morning,Scooter,32,4.4,101.6
2607,2.12,Rainy,High,Evening,Scooter,23,6.6,38.6
2608,7.63,Foggy,High,Night,Bike,25,2.0,99.9
2609,17.97,Foggy,Medium,Afternoon,Bike,32,9.2,128.1
2610,2.5,Foggy,Low,Morning,Car,23,7.9,29.8
2611,21.14,Clear,Medium,Night,Bike,8,4.5,98.0
2612,1.09,Clear,Medium,Evening,Bike,15,6.0,12.0
2613,6.92,Clear,High,Night,Car,23,5.6,56.2
2614,18.78,Clear,Low,Night,Bike,9,6.0,58.3
2615,8.59,Foggy,Medium,Morning,Bike,6,8.7,51.1
2616,3.45,Rainy,Low,Afternoon,Scooter,29,2.4,41.9
2617,9.65,Clear,High,Afternoon,Scooter,23,7.0,72.1
2618,7.49,Clear,Low,Morning,Bike,30,1.5,45.2
2619,21.23,Clear,Medium,Evening,Bike,34,4.9,129.6
2620,8.52,Rainy,Low,Night,Scooter,21,6.5,49.2
2621,19.93,Rainy,Medium,Afternoon,Bike,25,0.6,140.4
2622,22.4,Foggy,High,Afternoon,Scooter,24,1.5,197.7
2623,11.41,Foggy,Low,Night,Bike,22,1.4,70.7
2624,22.84,Clear,Low,Evening,Scooter,19,4.1,96.4
2625,10.06,Clear,Low,Night,Bike,20,6.4,50.2
2626,24.14,Clear,Medium,Morning,Car,32,10.0,116.9
2627,3.14,Clear,Medium,Morning,Bike,16,2.9,34.1
2628,17.49,Foggy,Medium,Evening,Bike,12,1.8,124.6
2629,12.85,Rainy,Medium,Afternoon,Bike,29,4.4,91.9
2630,10.3,Rainy,Low,Afternoon,Bike,10,1.9,53.7
2631,16.19,Clear,High,Evening,Bike,28,0.7,123.1
2632,17.89,Clear,High,Evening,Scooter,22,5.9,112.3
2633,1.1,Clear,High,Morning,Car,15,8.9,17.2
2634,5.01,Clear,High,Morning,Bike,10,8.7,43.5
2635,18.11,Rainy,Medium,Evening,Bike,21,1.5,108.4
2636,16.99,Clear,Medium,Afternoon,Car,14,1.9,88.4
2637,24.19,Rainy,Medium,Night,Bike,23,5.2,138.4
2638,19.26,Foggy,Low,Night,Bike,19,4.0,109.8
2639,23.82,Clear,Medium,Night,Bike,20,7.2,109.4
2640,17.86,Rainy,Low,Morning,Bike,27,5.2,91.2
2641,8.15,Clear,Medium,Evening,Bike,32,0.7,74.8
2642,3.53,Rainy,Medium,Afternoon,Scooter,33,3.2,59.7
2643,19.76,Rainy,Low,Morning,Bike,33,9.1,101.8
2644,16.46,Stormy,Low,Evening,Scooter,21,5.4,113.4
2645,2.16,Clear,Medium,Evening,Bike,26,8.1,25.7
2646,9.64,Clear,Low,Night,Bike,11,4.3,43.5
2647,23.96,Clear,High,Night,Bike,23,6.9,145.7
2648,13.01,Clear,Low,Afternoon,Car,31,2.1,69.9
2649,11.39,Rainy,Medium,Afternoon,Bike,12,7.5,68.3
2650,11.98,Foggy,Medium,Night,Bike,12,8.0,68.1
2651,6.01,Clear,Low,Night,Bike,9,1.4,30.6
2652,9.85,Clear,Medium,Evening,Bike,15,2.2,55.2
2653,9.88,Clear,Medium,Afternoon,Bike,6,4.9,39.4
2654,2.26,Clear,High,Evening,Bike,22,6.6,36.0
2655,19.42,Clear,Medium,Afternoon,Bike,25,6.6,99.2
2656,11.0,Clear,Low,Afternoon,Car,8,6.8,43.3
2657,20.73,Rainy,Low,Morning,Bike,16,7.3,79.3
2658,21.41,Clear,Medium,Night,Scooter,8,5.3,95.5
2659,6.09,Clear,Low,Morning,Bike,9,6.0,23.4
2660,16.78,Rainy,Medium,Afternoon,Bike,21,0.6,116.3
2661,12.33,Clear,High,Evening,Car,27,2.1,100.3
2662,22.12,Rainy,Medium,Afternoon,Scooter,23,5.2,130.9
2663,6.18,Rainy,Medium,Morning,Scooter,14,7.6,42.7
2664,17.27,Rainy,Medium,Night,Scooter,18,8.2,100.1
2665,15.59,Clear,High,Evening,Car,19,7.4,103.8
2666,8.09,Clear,Low,Afternoon,Bike,30,5.1,43.9
2667,4.28,Foggy,High,Afternoon,Bike,18,3.2,56.5
2668,16.64,Rainy,High,Night,Bike,20,4.7,139.8
2669,18.73,Clear,Low,Afternoon,Scooter,12,0.6,72.7
2670,8.58,Clear,Medium,Afternoon,Scooter,13,6.2,47.7
2671,16.48,Clear,High,Night,Scooter,12,1.2,99.5
2672,10.48,Clear,High,Morning,Bike,15,1.9,67.1
2673,18.12,Rainy,Low,Morning,Car,16,6.4,77.5
2674,5.78,Clear,Medium,Morning,Bike,18,0.6,39.4
2675,22.37,Clear,Medium,Morning,Scooter,22,5.9,114.5
2676,7.9,Rainy,Medium,Evening,Bike,27,6.6,72.3
2677,9.83,Clear,Medium,Evening,Car,16,8.0,42.3
2678,2.39,Rainy,Low,Night,Bike,8,1.1,14.7
2679,3.68,Rainy,Medium,Night,Bike,17,0.5,42.9
2680,13.38,Clear,High,Night,Car,25,7.8,93.9
2681,7.42,Rainy,High,Evening,Car,31,3.3,100.2
2682,21.05,Rainy,Low,Afternoon,Bike,20,8.9,96.6
2683,1.35,Clear,High,Evening,Car,14,2.3,23.3
2684,10.1,Clear,Low,Morning,Scooter,25,6.1,49.4
2685,9.1,Clear,Medium,Morning,Bike,15,1.5,53.3
2686,1.46,Foggy,High,Afternoon,Bike,29,4.3,50.9
2687,3.98,Rainy,Medium,Night,Bike,16,8.9,39.4
2688,10.93,Clear,Low,Evening,Bike,22,6.3,54.3
2689,12.83,Rainy,Low,Afternoon,Scooter,6,7.1,55.6
2690,10.7,Clear,Medium,Afternoon,Bike,23,2.6,68.3
2691,13.74,Rainy,High,Evening,Scooter,9,9.3,86.3
2692,15.28,Rainy,High,Afternoon,Scooter,32,6.4,139.8
2693,1.24,Clear,High,Night,Scooter,24,1.5,37.5
2694,12.14,Foggy,High,Evening,Car,14,0.6,120.7
2695,24.12,Rainy,Medium,Evening,Scooter,30,0.7,154.5
2696,13.46,Rainy,High,Afternoon,Bike,20,1.0,115.7
2697,17.26,Clear,Low,Night,Scooter,16,9.2,55.2
2698,8.48,Foggy,High,Night,Car,13,3.9,77.4
2699,19.58,Foggy,Medium,Morning,Bike,7,3.3,105.8
2700,19.55,Clear,High,Evening,Car,5,4.5,114.0
2701,13.51,Clear,Low,Morning,Bike,9,4.4,56.4
2702,24.42,Clear,Medium,Night,Bike,12,2.8,113.0
2703,4.01,Rainy,Medium,Night,Scooter,21,1.4,40.2
2704,1.41,Rainy,High,Morning,Scooter,5,1.5,10.0
2705,19.48,Clear,High,Evening,Scooter,17,6.2,115.2
2706,20.37,Foggy,Medium,Morning,Bike,10,4.3,123.7
2707,3.88,Clear,Medium,Night,Scooter,19,9.1,27.1
2708,7.37,Rainy,Medium,Night,Scooter,11,4.9,57.6
2709,1.42,Clear,Low,Afternoon,Bike,34,5.3,37.1
2710,8.04,Clear,Low,Afternoon,Bike,28,9.3,43.5
2711,19.56,Clear,Low,Morning,Scooter,12,5.3,69.5
2712,13.43,Clear,Medium,Afternoon,Bike,7,5.3,57.7
2713,9.35,Rainy,High,Night,Bike,19,4.0,94.5
2714,9.92,Rainy,High,Evening,Bike,8,7.2,67.1
2715,1.03,Clear,Low,Evening,Scooter,13,4.2,17.8
2716,8.2,Clear,Low,Morning,Bike,15,6.1,37.1
2717,16.52,Clear,Low,Afternoon,Bike,25,4.8,75.8
2718,24.38,Rainy,Low,Morning,Bike,18,5.5,105.7
2719,21.33,Rainy,Low,Afternoon,Bike,31,8.4,102.6
2720,1.57,Clear,Medium,Evening,Bike,34,4.4,38.1
2721,22.57,Rainy,Medium,Afternoon,Bike,13,2.7,125.5
2722,19.8,Clear,Medium,Afternoon,Bike,16,5.9,99.8
2723,19.73,Foggy,Medium,Morning,Bike,9,9.4,102.6
2724,11.99,Foggy,Medium,Evening,Car,25,7.1,87.1
2725,10.55,Rainy,Medium,Afternoon,Bike,29,3.4,92.4
2726,8.27,Foggy,High,Evening,Car,10,9.6,71.6
2727,2.58,Foggy,Medium,Afternoon,Scooter,23,3.8,50.0
2728,6.48,Foggy,Low,Evening,Bike,32,9.8,44.0
2729,6.92,Rainy,Low,Afternoon,Bike,9,2.3,37.4
2730,12.62,Clear,Low,Night,Car,5,10.0,41.4
2731,18.94,Clear,Medium,Evening,Scooter,29,1.2,107.0
2732,12.37,Clear,Low,Night,Bike,14,7.3,50.2
2733,2.39,Rainy,Medium,Night,Bike,18,7.5,28.7
2734,23.99,Clear,Low,Night,Bike,30,7.0,97.4
2735,23.63,Clear,Medium,Afternoon,Scooter,31,7.9,135.5
2736,19.84,Clear,Low,Evening,Car,27,5.0,85.8
2737,24.79,Clear,Medium,Afternoon,Bike,21,1.0,129.3
2738,14.07,Rainy,Low,Afternoon,Bike,34,3.9,90.5
2739,24.11,Foggy,Low,Evening,Bike,31,6.6,128.8
2740,2.81,Rainy,High,Morning,Car,15,6.6,32.3
2741,9.78,Rainy,Medium,Afternoon,Bike,8,2.4,50.5
2742,6.41,Rainy,Low,Night,Car,22,2.9,45.8
2743,5.7,Clear,Medium,Afternoon,Bike,23,5.1,42.9
2744,4.38,Clear,Medium,Morning,Scooter,8,7.4,14.3
2745,15.94,Foggy,Medium,Night,Bike,16,8.6,105.2
2746,19.75,Clear,Medium,Afternoon,Car,18,1.3,102.9
2747,14.88,Clear,High,Evening,Bike,22,9.3,103.1
2748,4.53,Rainy,Low,Night,Scooter,30,9.3,30.0
2749,20.47,Clear,Medium,Morning,Bike,5,0.6,101.0
2750,16.26,Clear,Medium,Afternoon,Scooter,31,5.3,91.6
2751,10.32,Clear,High,Evening,Bike,24,6.1,86.7
2752,17.18,Clear,High,Night,Bike,29,5.8,122.8
2753,7.24,Clear,High,Night,Bike,34,6.3,78.4
2754,9.28,Clear,High,Evening,Bike,15,5.3,67.8
2755,23.02,Rainy,High,Morning,Bike,31,3.3,190.2
2756,7.97,Foggy,Medium,Night,Bike,29,1.4,78.1
2757,12.28,Clear,High,Morning,Bike,32,2.5,103.8
2758,22.36,Foggy,High,Morning,Bike,29,7.5,179.9
2759,17.99,Clear,Low,Evening,Bike,23,2.8,75.5
2760,2.49,Clear,Medium,Night,Bike,5,8.4,10.4
2761,4.54,Clear,Medium,Afternoon,Bike,5,4.3,15.8
2762,1.19,Rainy,High,Evening,Bike,34,4.4,58.5
2763,16.14,Clear,High,Evening,Scooter,7,8.8,86.3
2764,11.74,Rainy,High,Morning,Bike,30,2.5,121.5
2765,4.22,Rainy,High,Afternoon,Scooter,18,2.3,57.6
2766,23.99,Clear,Medium,Evening,Bike,12,9.9,98.4
2767,13.71,Rainy,Low,Morning,Car,19,5.6,64.8
2768,6.81,Foggy,Low,Night,Bike,8,2.3,39.5
2769,13.01,Clear,Medium,Morning,Scooter,15,2.1,55.0
2770,17.31,Clear,Medium,Afternoon,Bike,12,8.7,75.7
2771,2.83,Rainy,Medium,Afternoon,Bike,34,6.2,54.3
2772,7.59,Rainy,Medium,Morning,Bike,11,1.6,57.0
2773,20.37,Clear,High,Night,Bike,34,8.9,133.9
2774,12.03,Clear,Medium,Afternoon,Bike,28,4.7,63.7
2775,14.12,Clear,High,Afternoon,Bike,6,9.9,60.7
2776,11.39,Clear,High,Night,Car,12,3.2,78.5
2777,2.05,Clear,Medium,Evening,Bike,29,5.5,33.1
2778,4.98,Foggy,Medium,Afternoon,Bike,30,2.1,75.3
2779,11.69,Rainy,High,Morning,Scooter,31,4.7,110.2
2780,6.02,Clear,Medium,Night,Scooter,26,2.2,52.3
2781,2.2,Rainy,Medium,Afternoon,Bike,34,3.4,58.0
2782,21.25,Foggy,Low,Evening,Scooter,23,3.1,116.0
2783,24.55,Clear,Low,Afternoon,Bike,27,3.2,94.4
2784,20.04,Clear,Low,Evening,Bike,13,9.7,82.7
2785,21.49,Clear,Low,Afternoon,Bike,20,0.9,97.9
2786,6.81,Rainy,Low,Afternoon,Bike,12,5.2,35.9
2787,24.06,Clear,Medium,Morning,Bike,34,6.5,129.8
2788,5.73,Stormy,High,Night,Bike,12,6.8,72.3
2789,23.83,Clear,Medium,Night,Bike,15,7.7,108.7
2790,24.88,Clear,High,Morning,Bike,11,7.7,128.8
2791,18.08,Clear,High,Night,Scooter,25,9.6,115.7
2792,24.55,Clear,Medium,Night,Scooter,6,7.7,107.6
2793,14.67,Rainy,Medium,Night,Scooter,25,8.3,96.2
2794,7.23,Stormy,Medium,Afternoon,Car,9,5.6,61.5
2795,11.49,Clear,High,Afternoon,Car,22,6.7,80.5
2796,15.25,Stormy,High,Evening,Car,15,5.0,150.3
2797,2.75,Foggy,Medium,Evening,Bike,30,3.1,44.2
2798,15.94,Clear,Low,Night,Bike,21,3.5,72.6
2799,24.55,Rainy,High,Night,Bike,25,3.9,190.4
2800,5.56,Clear,Low,Night,Bike,10,3.7,19.2
2801,20.02,Rainy,Low,Morning,Bike,17,5.6,96.9
2802,22.79,Clear,High,Afternoon,Bike,11,2.9,132.6
2803,23.65,Rainy,Medium,Night,Car,15,5.4,126.4
2804,24.04,Clear,Medium,Night,Bike,22,9.2,107.1
2805,13.52,Foggy,High,Afternoon,Bike,10,4.4,106.5
2806,24.46,Foggy,Medium,Evening,Bike,16,2.6,156.0
2807,19.18,Clear,Medium,Night,Scooter,28,3.8,101.2
2808,4.88,Clear,Low,Night,Bike,26,8.8,37.9
2809,12.45,Clear,Medium,Night,Bike,7,9.4,55.2
2810,18.24,Rainy,High,Night,Car,23,8.9,134.2
2811,6.94,Clear,Medium,Afternoon,Scooter,15,3.2,42.4
2812,16.37,Rainy,Low,Afternoon,Scooter,27,4.2,86.6
2813,17.0,Clear,Low,Afternoon,Car,6,9.8,55.2
2814,4.9,Clear,Medium,Evening,Bike,7,3.6,34.5
2815,14.56,Clear,Medium,Night,Scooter,27,1.8,86.1
2816,19.52,Clear,Medium,Evening,Bike,29,3.2,109.9
2817,12.97,Rainy,Medium,Evening,Scooter,21,9.7,76.2
2818,1.29,Stormy,Low,Afternoon,Bike,9,4.5,20.1
2819,1.22,Clear,Medium,Night,Bike,33,9.4,34.3
2820,9.57,Clear,High,Night,Bike,6,1.5,66.5
2821,23.23,Clear,Low,Evening,Bike,16,7.8,78.9
2822,6.49,Rainy,Medium,Morning,Bike,9,1.4,47.4
2823,16.22,Clear,Medium,Morning,Bike,33,2.4,106.5
2824,6.33,Rainy,Medium,Night,Scooter,17,6.4,46.3
2825,8.72,Foggy,Low,Night,Bike,26,4.6,61.5
2826,21.35,Clear,High,Evening,Bike,28,6.8,140.5
2827,18.49,Rainy,Medium,Evening,Scooter,11,9.7,93.0
2828,3.29,Clear,High,Afternoon,Scooter,25,1.0,50.6
2829,11.29,Clear,Low,Evening,Bike,15,2.3,53.1
2830,1.7,Clear,Medium,Evening,Bike,9,6.6,14.2
2831,12.54,Clear,High,Morning,Scooter,34,9.0,97.8
2832,16.9,Clear,Medium,Morning,Bike,22,8.1,85.6
2833,3.84,Clear,Medium,Morning,Bike,10,4.9,22.8
2834,7.93,Clear,Medium,Morning,Bike,7,7.6,35.2
2835,10.55,Clear,Low,Evening,Car,10,2.5,38.7
2836,23.07,Rainy,Medium,Night,Bike,20,0.6,143.6
2837,24.84,Foggy,Low,Morning,Bike,7,5.9,111.9
2838,2.08,Clear,Low,Afternoon,Car,22,8.2,20.5
2839,19.26,Clear,Medium,Afternoon,Bike,28,4.6,100.6
2840,9.92,Clear,Low,Evening,Bike,8,5.9,37.0
2841,10.42,Foggy,High,Afternoon,Bike,9,4.5,86.7
2842,19.1,Rainy,High,Morning,Car,13,5.4,136.9
2843,23.04,Clear,Medium,Night,Scooter,8,8.9,105.4
2844,23.82,Clear,High,Night,Scooter,33,5.0,159.2
2845,14.85,Clear,High,Morning,Bike,5,0.6,88.0
2846,9.57,Clear,Low,Afternoon,Bike,31,8.1,55.1
2847,19.9,Foggy,High,Evening,Bike,26,6.4,166.6
2848,7.02,Foggy,Low,Night,Bike,31,7.4,66.7
2849,14.54,Clear,Medium,Morning,Scooter,15,9.1,67.9
2850,9.61,Clear,Medium,Morning,Bike,9,3.2,51.4
2851,16.76,Clear,Medium,Afternoon,Scooter,14,5.3,80.5
2852,6.77,Clear,Low,Evening,Bike,7,6.2,31.7
2853,5.6,Foggy,Low,Evening,Bike,19,3.8,37.3
2854,23.04,Clear,Medium,Afternoon,Scooter,31,8.5,122.9
2855,3.44,Clear,Medium,Morning,Bike,31,7.1,42.3
2856,13.14,Clear,High,Afternoon,Scooter,18,7.5,89.0
2857,6.3,Foggy,Medium,Afternoon,Bike,9,8.2,38.0
2858,1.93,Rainy,Low,Afternoon,Scooter,12,3.0,20.4
2859,1.86,Clear,Low,Morning,Car,21,7.6,15.8
2860,5.21,Clear,Medium,Night,Bike,24,7.9,47.1
2861,21.8,Clear,Medium,Morning,Bike,23,8.5,96.8
2862,7.78,Stormy,Low,Night,Bike,8,5.1,50.5
2863,23.81,Clear,Medium,Night,Scooter,6,5.3,99.5
2864,14.96,Clear,Medium,Afternoon,Bike,6,1.4,62.1
2865,11.48,Clear,Low,Evening,Bike,6,8.6,34.5
2866,14.92,Rainy,Medium,Afternoon,Scooter,7,5.6,81.7
2867,13.4,Clear,High,Morning,Scooter,32,6.1,100.9
2868,19.21,Clear,Medium,Evening,Car,13,1.7,91.2
2869,7.78,Rainy,High,Evening,Bike,9,6.2,61.8
2870,9.47,Rainy,Low,Morning,Bike,24,0.9,66.5
2871,22.46,Rainy,Medium,Morning,Car,33,9.3,138.8
2872,23.71,Foggy,Medium,Afternoon,Bike,19,8.7,138.5
2873,22.42,Clear,Medium,Morning,Scooter,8,2.3,103.5
2874,11.07,Clear,Medium,Night,Scooter,7,6.1,51.0
2875,19.73,Stormy,Medium,Night,Bike,13,6.2,138.9
2876,12.43,Clear,Medium,Evening,Bike,31,8.1,76.4
2877,12.94,Rainy,Low,Afternoon,Bike,14,7.7,54.7
2878,5.91,Rainy,Medium,Afternoon,Bike,21,9.9,50.9
2879,15.19,Clear,Medium,Evening,Bike,34,3.8,95.4
2880,5.47,Clear,High,Morning,Scooter,26,1.7,51.5
2881,8.96,Rainy,Medium,Afternoon,Bike,24,5.9,74.0
2882,21.52,Foggy,Medium,Evening,Bike,12,7.8,119.2
2883,5.97,Rainy,Medium,Evening,Bike,27,3.2,57.7
2884,2.71,Clear,High,Night,Bike,23,2.7,47.6
2885,2.66,Clear,High,Evening,Bike,9,8.1,22.4
2886,23.58,Clear,High,Morning,Bike,31,7.7,154.9
2887,13.17,Clear,Medium,Morning,Bike,15,2.4,66.7
2888,10.83,Clear,Low,Morning,Bike,8,8.8,42.5
2889,20.46,Stormy,Medium,Morning,Bike,8,1.8,152.8
2890,21.06,Rainy,Medium,Evening,Scooter,30,1.5,145.3
2891,8.97,Rainy,High,Afternoon,Bike,19,3.8,83.5
2892,17.65,Clear,Low,Evening,Bike,12,8.9,70.0
2893,19.51,Clear,Medium,Afternoon,Car,29,7.1,111.5
2894,16.71,Stormy,Low,Afternoon,Scooter,31,4.2,113.8
2895,4.64,Clear,High,Afternoon,Bike,17,2.0,50.9
2896,22.02,Clear,Low,Night,Bike,34,7.3,87.5
2897,13.94,Clear,Medium,Morning,Scooter,34,6.2,88.7
2898,7.78,Foggy,Low,Night,Bike,24,9.9,42.5
2899,11.21,Foggy,Low,Evening,Bike,16,7.8,61.7
2900,1.9,Clear,Medium,Night,Bike,6,1.5,10.0
2901,4.07,Foggy,Low,Afternoon,Car,5,7.4,18.8
2902,19.37,Clear,Medium,Evening,Bike,18,2.9,96.1
2903,1.0,Clear,High,Morning,Bike,30,9.6,34.0
2904,11.0,Foggy,High,Afternoon,Bike,24,0.7,115.2
2905,13.54,Foggy,Low,Morning,Bike,12,2.8,69.0
2906,2.31,Rainy,High,Night,Bike,20,5.2,41.9
2907,24.35,Rainy,Medium,Morning,Car,9,1.3,137.5
2908,6.43,Foggy,High,Evening,Bike,6,3.8,62.9
2909,8.3,Rainy,High,Afternoon,Car,19,5.2,73.6
2910,8.29,Foggy,Low,Morning,Bike,31,4.7,65.7
2911,6.53,Rainy,Medium,Night,Bike,8,4.9,44.5
2912,1.04,Stormy,Medium,Evening,Bike,8,8.9,13.9
2913,18.5,Stormy,High,Afternoon,Bike,14,5.3,167.7
2914,24.2,Clear,Medium,Night,Bike,25,9.4,102.9
2915,6.38,Foggy,Medium,Afternoon,Scooter,22,1.9,51.9
2916,16.91,Clear,Medium,Morning,Bike,11,3.2,88.6
2917,18.81,Clear,High,Night,Bike,9,6.7,108.2
2918,21.36,Rainy,High,Night,Scooter,8,3.2,152.1
2919,11.14,Clear,Medium,Morning,Bike,28,3.8,77.3
2920,8.27,Clear,Medium,Night,Bike,19,9.1,44.8
2921,8.81,Foggy,High,Night,Bike,22,5.6,103.8
2922,18.1,Clear,High,Night,Bike,21,3.7,122.8
2923,20.6,Clear,Low,Morning,Scooter,10,7.9,70.2
2924,5.36,Foggy,Medium,Morning,Bike,30,1.2,73.8
2925,9.9,Clear,Medium,Afternoon,Car,30,5.9,70.2
2926,22.65,Clear,Medium,Morning,Car,28,1.4,131.1
2927,20.36,Clear,Low,Night,Bike,27,2.2,96.8
2928,24.64,Clear,Medium,Morning,Bike,29,1.1,132.8
2929,19.1,Rainy,Medium,Night,Scooter,5,9.1,92.7
2930,10.44,Foggy,Medium,Night,Car,7,1.0,62.9
2931,15.18,Clear,Medium,Night,Bike,13,5.4,64.8
2932,16.86,Foggy,Low,Morning,Car,9,2.6,86.9
2933,2.88,Clear,High,Night,Car,10,4.1,31.9
2934,14.07,Clear,High,Afternoon,Bike,34,5.2,102.9
2935,18.02,Rainy,Medium,Evening,Scooter,31,4.8,118.7
2936,5.02,Rainy,High,Evening,Bike,17,7.6,53.3
2937,19.74,Rainy,Low,Afternoon,Bike,27,9.2,94.6
2938,15.01,Clear,High,Evening,Bike,7,3.4,98.5
2939,23.85,Clear,Low,Afternoon,Bike,27,0.7,100.8
2940,2.02,Clear,Medium,Morning,Scooter,7,9.0,12.8
2941,7.37,Clear,Medium,Evening,Bike,26,9.8,52.9
2942,15.44,Rainy,Medium,Afternoon,Bike,28,4.6,105.0
2943,8.12,Clear,Medium,Afternoon,Car,27,4.8,55.5
2944,18.15,Rainy,Medium,Night,Bike,9,1.9,100.1
2945,19.22,Clear,Medium,Morning,Bike,16,5.0,93.7
2946,3.46,Clear,High,Afternoon,Bike,26,3.4,49.1
2947,13.33,Clear,Medium,Evening,Bike,24,9.9,73.5
2948,13.21,Clear,Low,Night,Scooter,22,2.3,63.4
2949,9.86,Foggy,Medium,Night,Bike,11,4.1,51.5
2950,23.39,Clear,High,Night,Bike,24,6.4,137.4
2951,20.86,Clear,Medium,Morning,Bike,26,3.8,108.1
2952,17.73,Foggy,Medium,Afternoon,Bike,30,5.0,134.3
2953,18.14,Rainy,Medium,Morning,Bike,16,9.7,94.5
2954,12.08,Clear,Medium,Afternoon,Bike,6,5.3,56.0
2955,23.1,Clear,Low,Night,Bike,20,9.1,86.6
2956,17.67,Rainy,Medium,Evening,Bike,34,0.9,134.5
2957,18.5,Stormy,Low,Evening,Bike,6,1.6,105.9
2958,21.68,Foggy,Low,Morning,Bike,26,9.5,102.0
2959,7.58,Clear,Low,Night,Bike,12,1.7,28.6
2960,20.37,Stormy,Medium,Afternoon,Scooter,5,7.5,148.5
2961,5.69,Clear,Medium,Morning,Scooter,18,4.7,42.1
2962,9.29,Clear,High,Night,Bike,14,4.4,74.5
2963,9.05,Foggy,Medium,Morning,Car,27,6.8,73.6
2964,24.48,Clear,High,Evening,Car,26,7.4,157.7
2965,21.56,Clear,Low,Night,Bike,34,9.4,85.8
2966,17.83,Clear,Low,Morning,Scooter,25,2.9,78.7
2967,18.45,Clear,High,Afternoon,Bike,17,7.1,110.3
2968,14.49,Rainy,Medium,Evening,Car,14,3.8,83.2
2969,23.73,Rainy,Low,Afternoon,Bike,17,7.3,99.0
2970,12.91,Clear,Medium,Morning,Car,32,1.9,85.8
2971,10.13,Clear,Medium,Night,Bike,17,4.8,54.0
2972,4.91,Foggy,High,Evening,Bike,28,2.2,80.3
2973,19.87,Foggy,Low,Afternoon,Scooter,5,3.7,86.1
2974,18.63,Clear,Medium,Afternoon,Scooter,9,7.3,84.1
2975,10.22,Stormy,Medium,Night,Scooter,32,2.7,115.5
2976,1.6,Rainy,High,Morning,Car,20,7.0,45.3
2977,21.14,Clear,High,Afternoon,Scooter,10,5.2,120.7
2978,1.27,Clear,Low,Morning,Scooter,8,1.4,10.1
2979,17.89,Clear,Medium,Morning,Bike,14,4.2,94.5
2980,24.29,Rainy,High,Morning,Bike,15,8.8,159.2
2981,11.5,Clear,Medium,Night,Bike,32,9.9,68.1
2982,6.64,Clear,High,Morning,Scooter,30,4.0,67.5
2983,17.92,Clear,High,Evening,Bike,6,1.0,107.4
2984,20.61,Foggy,Low,Night,Bike,33,1.7,121.2
2985,14.11,Clear,Low,Afternoon,Bike,28,8.0,67.1
2986,24.21,Foggy,High,Night,Car,25,6.7,195.7
2987,2.24,Foggy,Low,Afternoon,Bike,30,3.2,43.6
2988,13.12,Clear,Low,Evening,Bike,26,4.2,66.1
2989,18.24,Clear,Medium,Morning,Bike,13,8.2,78.8
2990,21.7,Clear,High,Morning,Bike,18,4.4,131.3
2991,5.3,Foggy,Low,Morning,Bike,6,7.7,25.2
2992,20.2,Clear,Medium,Morning,Bike,9,3.3,92.6
2993,14.26,Clear,Low,Night,Bike,16,7.4,57.4
2994,10.52,Clear,Low,Evening,Scooter,5,4.9,40.0
2995,4.16,Clear,Medium,Afternoon,Scooter,23,5.7,37.5
2996,21.77,Foggy,Low,Night,Bike,26,6.2,111.0
2997,4.77,Rainy,High,Morning,Scooter,28,4.8,66.7
2998,8.43,Foggy,High,Morning,Scooter,16,4.9,84.1
2999,7.96,Clear,High,Morning,Scooter,25,3.0,69.9
3000,21.91,Clear,Low,Afternoon,Bike,16,9.9,79.0
3001,17.14,Stormy,Medium,Afternoon,Bike,24,9.1,139.7
3002,20.12,Clear,Low,Night,Scooter,9,5.5,78.9
3003,7.01,Foggy,Low,Evening,Bike,24,0.8,53.8
3004,16.0,Clear,Medium,Afternoon,Bike,6,2.1,72.0
3005,14.72,Clear,Medium,Night,Bike,18,8.6,60.2
3006,20.99,Rainy,Low,Afternoon,Scooter,21,9.3,88.5
3007,22.75,Stormy,Low,Night,Bike,28,2.0,153.6
3008,1.29,Stormy,High,Morning,Bike,34,7.5,74.6
3009,17.18,Clear,Medium,Afternoon,Scooter,19,6.4,94.2
3010,2.24,Clear,High,Morning,Car,33,3.4,54.9
3011,14.17,Rainy,High,Evening,Bike,21,4.6,123.6
3012,7.9,Rainy,Medium,Morning,Bike,6,6.9,40.1
3013,8.36,Rainy,Low,Evening,Scooter,25,1.5,51.8
3014,9.47,Clear,High,Afternoon,Bike,12,2.3,64.8
3015,15.91,Stormy,Low,Evening,Scooter,14,0.8,102.6
3016,9.02,Rainy,Low,Morning,Scooter,7,9.1,34.2
3017,18.58,Foggy,High,Afternoon,Bike,15,6.0,146.9
3018,10.71,Clear,Medium,Night,Bike,31,5.5,65.5
3019,2.64,Clear,Low,Afternoon,Bike,13,7.2,21.7
3020,19.81,Stormy,Medium,Night,Scooter,19,9.9,142.0
3021,7.86,Rainy,Medium,Morning,Bike,34,2.1,79.3
3022,11.39,Foggy,Low,Afternoon,Bike,26,1.8,77.2
3023,17.45,Stormy,Low,Night,Bike,15,3.3,108.8
3024,8.98,Rainy,Low,Morning,Bike,7,9.1,44.7
3025,2.36,Clear,Medium,Evening,Bike,30,4.4,29.6
3026,9.97,Clear,High,Night,Bike,11,8.0,67.9
3027,23.67,Clear,Medium,Evening,Scooter,32,2.4,128.9
3028,16.4,Clear,Medium,Afternoon,Bike,27,5.2,95.7
3029,17.12,Clear,Low,Night,Bike,11,1.7,68.0
3030,16.17,Clear,Low,Morning,Scooter,8,4.4,63.1
3031,5.78,Clear,Low,Morning,Scooter,34,3.0,44.7
3032,11.04,Clear,Low,Evening,Scooter,10,5.7,43.8
3033,19.02,Clear,Low,Morning,Bike,23,7.9,80.4
3034,3.43,Clear,Medium,Afternoon,Bike,18,9.4,28.8
3035,7.67,Clear,Low,Afternoon,Bike,8,3.2,38.3
3036,7.63,Rainy,High,Evening,Car,23,7.6,78.5
3037,11.37,Clear,High,Night,Car,23,8.9,77.0
3038,24.53,Clear,Medium,Morning,Scooter,21,1.7,123.3
3039,2.62,Rainy,Low,Afternoon,Bike,25,6.1,36.2
3040,13.45,Foggy,High,Night,Scooter,32,6.3,130.7
3041,5.3,Clear,High,Afternoon,Car,23,3.1,60.3
3042,24.3,Rainy,Low,Afternoon,Bike,16,0.7,114.4
3043,3.72,Stormy,Medium,Night,Bike,21,2.9,50.6
3044,10.69,Foggy,High,Night,Bike,19,6.1,100.5
3045,18.71,Clear,Medium,Morning,Bike,13,2.4,87.9
3046,17.91,Rainy,Medium,Evening,Bike,31,3.2,122.1
3047,11.15,Clear,Medium,Evening,Car,32,7.2,68.9
3048,9.32,Rainy,Medium,Afternoon,Car,24,4.3,73.3
3049,10.54,Stormy,Medium,Evening,Car,32,1.1,121.0
3050,7.34,Clear,High,Afternoon,Bike,29,4.3,75.1
3051,5.93,Foggy,Medium,Night,Bike,20,10.0,55.8
3052,12.59,Clear,Low,Afternoon,Scooter,22,3.0,61.6
3053,7.44,Stormy,Medium,Morning,Bike,22,3.0,92.4
3054,7.9,Rainy,Medium,Afternoon,Bike,8,2.1,59.7
3055,16.76,Clear,Low,Afternoon,Scooter,8,3.1,60.6
3056,24.24,Rainy,Medium,Morning,Bike,25,6.0,137.3
3057,15.49,Clear,High,Morning,Bike,31,9.7,106.6
3058,2.85,Clear,Medium,Evening,Bike,5,6.3,16.4
3059,2.81,Foggy,Low,Night,Car,9,4.4,31.8
3060,23.83,Clear,Low,Night,Bike,16,4.2,88.3
3061,8.13,Rainy,Medium,Morning,Bike,18,0.7,65.0
3062,3.21,Clear,Medium,Night,Car,14,0.5,24.4
3063,15.38,Clear,Medium,Afternoon,Bike,22,8.1,76.7
3064,15.97,Stormy,Medium,Night,Bike,25,5.2,133.9
3065,16.56,Clear,Low,Morning,Bike,14,0.8,61.0
3066,7.42,Rainy,Low,Night,Bike,30,3.2,63.9
3067,1.36,Rainy,Medium,Morning,Bike,20,3.9,34.6
3068,24.16,Rainy,Low,Evening,Car,10,7.9,96.1
3069,7.02,Foggy,High,Morning,Bike,7,4.6,63.7
3070,17.22,Rainy,Low,Afternoon,Scooter,24,8.0,77.4
3071,17.96,Clear,Medium,Afternoon,Bike,19,6.5,87.2
3072,15.64,Foggy,Medium,Afternoon,Bike,9,0.8,100.3
3073,8.51,Clear,Medium,Morning,Bike,10,9.7,46.7
3074,7.51,Clear,High,Morning,Bike,29,2.2,77.6
3075,15.34,Stormy,Medium,Afternoon,Bike,29,3.1,149.4
3076,21.79,Rainy,Medium,Night,Bike,26,8.2,125.3
3077,23.72,Foggy,Medium,Morning,Bike,16,2.3,151.7
3078,3.54,Rainy,Medium,Night,Scooter,5,4.3,29.3
3079,4.72,Foggy,High,Evening,Bike,26,8.7,59.4
3080,23.67,Foggy,Medium,Evening,Bike,14,6.6,143.4
3081,18.68,Clear,Medium,Evening,Scooter,7,3.4,83.2
3082,22.19,Clear,High,Evening,Bike,25,6.6,133.8
3083,5.86,Clear,High,Afternoon,Car,9,8.2,37.5
3084,15.1,Rainy,Medium,Morning,Scooter,30,4.3,114.3
3085,17.83,Clear,Medium,Evening,Car,19,5.9,86.0
3086,17.32,Clear,Low,Afternoon,Bike,8,9.9,58.6
3087,10.8,Clear,Medium,Evening,Car,23,9.7,52.0
3088,1.37,Stormy,Medium,Morning,Scooter,21,5.3,30.6
3089,14.99,Rainy,High,Evening,Scooter,27,1.4,133.8
3090,7.07,Clear,Medium,Evening,Car,33,7.2,62.1
3091,11.81,Clear,Medium,Night,Bike,12,3.1,60.5
3092,23.98,Clear,Low,Night,Car,9,6.9,87.2
3093,10.58,Clear,Medium,Night,Bike,28,3.8,75.8
3094,21.16,Clear,High,Night,Bike,8,7.3,110.8
3095,5.52,Foggy,Low,Evening,Bike,28,4.0,58.8
3096,17.14,Stormy,Low,Evening,Bike,23,9.4,105.0
3097,24.45,Clear,Medium,Night,Bike,28,1.8,136.3
3098,3.45,Clear,Medium,Morning,Car,26,1.1,45.2
3099,1.2,Clear,Medium,Afternoon,Scooter,13,7.9,16.4
3100,11.41,Clear,Medium,Evening,Scooter,17,4.3,62.9
3101,3.22,Clear,Medium,Night,Scooter,25,4.9,37.8
3102,18.96,Clear,Low,Afternoon,Bike,21,9.4,72.0
3103,22.95,Clear,High,Night,Bike,12,6.1,128.8
3104,11.42,Rainy,Low,Night,Bike,31,6.8,67.4
3105,7.21,Rainy,Medium,Morning,Bike,23,0.7,62.9
3106,11.43,Rainy,Medium,Morning,Scooter,15,6.9,76.0
3107,18.36,Clear,High,Evening,Scooter,25,4.2,118.4
3108,1.22,Foggy,High,Night,Bike,18,4.9,33.5
3109,15.15,Stormy,Medium,Afternoon,Bike,22,8.2,122.2
3110,15.72,Clear,Medium,Evening,Bike,27,5.5,86.7
3111,16.3,Clear,Low,Morning,Bike,9,9.9,56.2
3112,6.81,Clear,Low,Evening,Bike,32,8.1,36.7
3113,18.14,Clear,High,Evening,Bike,27,7.4,126.2
3114,3.19,Clear,High,Night,Bike,16,6.1,39.3
3115,5.78,Rainy,High,Afternoon,Car,20,4.4,68.3
3116,22.06,Clear,Low,Morning,Bike,20,1.0,90.8
3117,18.73,Clear,Medium,Evening,Scooter,18,0.7,95.2
3118,1.33,Clear,Medium,Evening,Scooter,11,0.9,15.0
3119,6.96,Stormy,Medium,Night,Bike,25,9.6,76.2
3120,6.15,Clear,Medium,Evening,Scooter,25,3.6,52.4
3121,7.5,Rainy,High,Afternoon,Bike,13,7.2,62.4
3122,6.94,Clear,Medium,Night,Bike,7,6.1,35.7
3123,2.5,Clear,Low,Morning,Bike,18,5.9,18.9
3124,12.01,Rainy,Low,Evening,Scooter,28,6.0,71.8
3125,18.59,Clear,Low,Evening,Bike,5,3.4,64.3
3126,15.56,Clear,Medium,Night,Bike,18,8.9,75.9
3127,17.15,Clear,Low,Evening,Bike,24,9.2,59.5
3128,2.95,Rainy,Medium,Morning,Bike,32,6.6,51.0
3129,23.84,Rainy,Medium,Afternoon,Scooter,22,8.7,134.5
3130,21.12,Clear,High,Afternoon,Scooter,7,1.1,127.8
3131,20.32,Rainy,High,Night,Bike,31,1.5,175.1
3132,20.75,Clear,Low,Evening,Bike,10,5.8,70.1
3133,23.39,Rainy,Low,Night,Car,8,8.5,88.1
3134,14.06,Clear,Low,Night,Scooter,5,3.5,52.1
3135,5.81,Rainy,High,Night,Scooter,25,5.7,74.1
3136,15.8,Stormy,Medium,Night,Bike,7,0.6,117.2
3137,18.83,Foggy,Low,Night,Bike,33,9.9,108.8
3138,18.71,Clear,High,Evening,Car,32,7.8,135.2
3139,13.51,Foggy,Medium,Afternoon,Bike,22,3.9,100.0
3140,2.64,Clear,High,Afternoon,Scooter,24,9.8,40.7
3141,9.91,Stormy,Low,Afternoon,Scooter,33,1.4,87.3
3142,23.1,Clear,Medium,Evening,Bike,24,4.9,113.2
3143,15.03,Clear,Medium,Evening,Scooter,7,1.1,65.3
3144,13.92,Clear,High,Night,Bike,34,3.7,110.2
3145,7.45,Clear,High,Afternoon,Scooter,34,2.6,84.5
3146,9.84,Rainy,Medium,Night,Car,25,3.5,81.2
3147,22.49,Foggy,Low,Afternoon,Car,25,9.5,114.0
3148,17.0,Rainy,Medium,Morning,Scooter,20,4.6,106.6
3149,19.9,Rainy,High,Evening,Bike,28,3.6,169.8
3150,11.9,Rainy,Medium,Morning,Scooter,30,6.6,80.8
3151,16.13,Clear,High,Afternoon,Scooter,11,7.0,87.0
3152,6.96,Clear,Medium,Night,Bike,31,9.8,51.4
3153,17.93,Clear,Medium,Evening,Bike,13,5.7,86.6
3154,11.26,Clear,Medium,Evening,Bike,27,7.6,65.3
3155,11.62,Clear,Medium,Night,Bike,6,4.1,46.5
3156,16.58,Clear,High,Morning,Car,7,2.1,95.1
3157,23.47,Clear,Medium,Morning,Bike,26,4.6,115.1
3158,2.54,Clear,Medium,Morning,Bike,5,4.5,10.0
3159,20.79,Foggy,Medium,Morning,Bike,28,4.5,155.3
3160,8.02,Clear,Low,Evening,Car,27,7.1,50.5
3161,11.65,Clear,High,Afternoon,Car,10,4.4,63.0
3162,1.53,Rainy,Medium,Night,Bike,25,9.6,22.9
3163,8.23,Clear,High,Afternoon,Scooter,34,9.8,72.4
3164,13.06,Clear,Medium,Afternoon,Bike,19,5.5,62.4
3165,2.35,Clear,High,Morning,Bike,30,5.8,59.0
3166,12.79,Clear,High,Afternoon,Scooter,9,4.4,73.6
3167,23.25,Clear,Medium,Morning,Bike,17,3.9,113.6
3168,3.53,Clear,High,Morning,Bike,12,9.9,27.4
3169,19.35,Rainy,Low,Afternoon,Bike,28,0.9,100.9
3170,10.83,Rainy,Medium,Night,Bike,17,4.4,77.4
3171,16.72,Clear,High,Afternoon,Bike,23,1.9,122.8
3172,7.25,Clear,Low,Afternoon,Bike,13,7.4,31.5
3173,4.83,Clear,Medium,Evening,Scooter,7,2.3,39.1
3174,4.85,Foggy,High,Morning,Bike,33,8.9,79.4
3175,2.69,Clear,High,Evening,Bike,30,4.1,47.9
3176,5.46,Rainy,Medium,Night,Bike,18,9.2,52.9
3177,16.94,Rainy,Medium,Afternoon,Car,28,9.9,106.4
3178,22.16,Clear,Medium,Evening,Scooter,11,7.8,103.5
3179,20.54,Clear,Medium,Evening,Car,17,6.4,96.4
3180,17.44,Clear,Medium,Afternoon,Bike,13,1.9,71.7
3181,3.65,Clear,Medium,Afternoon,Scooter,15,9.4,18.8
3182,7.94,Clear,Medium,Morning,Bike,13,7.9,47.5
3183,8.44,Clear,Low,Morning,Scooter,15,3.2,36.6
3184,7.0,Clear,Low,Evening,Bike,18,5.0,37.2
3185,13.36,Clear,Low,Afternoon,Scooter,19,1.1,66.6
3186,13.85,Foggy,Medium,Morning,Bike,21,6.8,96.1
3187,9.57,Clear,High,Morning,Bike,5,1.7,54.2
3188,9.49,Foggy,Low,Night,Scooter,7,6.7,45.3
3189,20.89,Stormy,Low,Evening,Car,27,6.9,136.4
3190,19.94,Stormy,Medium,Evening,Bike,7,3.6,140.6
3191,8.39,Foggy,Medium,Evening,Car,7,9.5,41.8
3192,22.93,Clear,Low,Afternoon,Bike,8,7.9,74.6
3193,23.87,Clear,Low,Night,Scooter,28,5.2,97.2
3194,8.84,Rainy,Low,Morning,Car,34,9.2,52.9
3195,9.51,Rainy,Medium,Night,Bike,21,8.6,60.8
3196,13.14,Foggy,Low,Morning,Bike,24,7.1,72.1
3197,23.59,Stormy,Medium,Morning,Bike,8,2.0,163.3
3198,22.03,Clear,Medium,Night,Bike,17,5.2,105.2
3199,3.46,Clear,Medium,Evening,Scooter,28,8.7,38.7
3200,10.43,Clear,Low,Afternoon,Scooter,11,6.3,38.3
3201,14.28,Clear,Medium,Night,Car,8,5.7,57.6
3202,13.08,Clear,Medium,Evening,Bike,32,9.6,78.4
3203,5.65,Rainy,High,Evening,Bike,12,0.7,58.5
3204,21.61,Foggy,Low,Afternoon,Bike,15,0.6,113.4
3205,17.25,Clear,Medium,Afternoon,Car,23,9.0,85.4
3206,21.11,Foggy,Medium,Evening,Bike,30,0.9,159.9
3207,21.61,Rainy,Low,Afternoon,Car,34,3.7,116.1
3208,18.96,Foggy,High,Evening,Bike,11,9.3,129.9
3209,11.54,Clear,Medium,Morning,Scooter,13,7.1,56.4
3210,15.65,Foggy,Medium,Afternoon,Bike,26,6.7,108.5
3211,4.85,Rainy,Low,Morning,Car,8,6.7,24.9
3212,17.17,Clear,Low,Afternoon,Bike,8,3.5,67.4
3213,5.3,Clear,Medium,Evening,Scooter,5,5.5,19.9
3214,17.65,Foggy,Medium,Evening,Scooter,10,6.5,103.2
3215,6.51,Clear,Medium,Evening,Bike,7,3.4,27.4
3216,3.82,Clear,Medium,Evening,Bike,7,8.1,16.2
3217,4.97,Clear,Medium,Evening,Scooter,5,3.6,33.2
3218,1.05,Rainy,Medium,Evening,Bike,11,1.2,20.7
3219,18.25,Foggy,Low,Afternoon,Scooter,13,2.4,93.9
3220,18.58,Clear,Medium,Afternoon,Scooter,7,4.4,74.2
3221,13.36,Clear,Medium,Morning,Bike,27,9.1,72.6
3222,4.87,Stormy,Medium,Night,Bike,29,4.4,64.8
3223,3.01,Rainy,Low,Afternoon,Scooter,19,1.4,30.4
3224,1.46,Foggy,Low,Afternoon,Scooter,34,2.4,34.3
3225,4.98,Clear,Low,Night,Scooter,7,5.7,23.9
3226,22.38,Clear,High,Night,Bike,29,2.2,157.9
3227,6.8,Clear,Medium,Morning,Car,15,1.1,37.9
3228,9.5,Rainy,Low,Morning,Bike,22,7.3,56.2
3229,3.53,Clear,Low,Evening,Car,7,8.0,26.3
3230,6.34,Clear,Low,Morning,Bike,31,8.6,39.9
3231,13.46,Clear,Medium,Morning,Bike,24,8.5,76.7
3232,15.59,Clear,Low,Night,Bike,34,4.1,66.2
3233,6.89,Foggy,Medium,Afternoon,Bike,11,7.5,49.8
3234,2.39,Clear,Medium,Evening,Car,31,6.0,34.9
3235,10.38,Rainy,High,Morning,Bike,13,0.7,87.4
3236,6.62,Foggy,Medium,Night,Bike,33,4.3,78.3
3237,6.27,Clear,Medium,Evening,Bike,21,1.0,46.5
3238,24.04,Rainy,Medium,Evening,Bike,32,1.3,153.3
3239,15.79,Stormy,Medium,Night,Bike,13,1.0,137.0
3240,14.37,Stormy,High,Morning,Bike,14,9.6,127.5
3241,10.98,Clear,Medium,Morning,Bike,17,8.5,52.5
3242,11.29,Clear,Medium,Morning,Bike,9,4.7,54.9
3243,13.98,Clear,Medium,Morning,Bike,18,2.9,76.4
3244,17.71,Rainy,High,Evening,Bike,8,1.2,131.1
3245,17.85,Rainy,Medium,Afternoon,Scooter,18,4.6,108.0
3246,5.12,Rainy,High,Evening,Scooter,33,6.2,82.9
3247,13.0,Clear,Low,Evening,Scooter,15,8.1,53.0
3248,10.89,Clear,Medium,Night,Car,32,1.0,72.5
3249,21.89,Rainy,High,Evening,Car,26,4.5,161.4
3250,16.15,Clear,Medium,Morning,Bike,14,9.8,73.0
3251,13.78,Rainy,High,Night,Bike,9,1.6,111.2
3252,3.77,Clear,Low,Night,Car,25,4.3,24.8
3253,15.54,Clear,High,Night,Scooter,16,3.1,97.3
3254,3.81,Clear,Medium,Night,Bike,25,1.8,42.3
3255,9.09,Clear,Low,Night,Bike,19,8.5,43.4
3256,4.43,Clear,High,Morning,Car,28,7.1,59.8
3257,17.61,Clear,Low,Afternoon,Scooter,17,4.4,78.5
3258,5.95,Clear,Low,Afternoon,Bike,30,4.0,43.3
3259,10.4,Clear,Low,Night,Car,12,8.4,35.6
3260,22.5,Clear,Medium,Afternoon,Car,30,1.4,121.3
3261,5.9,Rainy,High,Evening,Bike,8,1.9,47.7
3262,13.19,Clear,Low,Afternoon,Car,17,9.1,56.8
3263,11.06,Rainy,Medium,Evening,Car,34,8.3,84.1
3264,1.43,Rainy,Low,Morning,Bike,19,7.9,26.2
3265,20.03,Rainy,Medium,Night,Scooter,13,6.4,101.5
3266,2.66,Stormy,Low,Evening,Bike,28,3.3,49.7
3267,12.38,Clear,Low,Morning,Scooter,32,9.4,55.5
3268,14.46,Rainy,Low,Morning,Car,10,5.2,67.5
3269,16.08,Stormy,Medium,Night,Bike,22,3.2,139.4
3270,17.53,Foggy,High,Afternoon,Bike,13,4.0,144.3
3271,7.08,Clear,Medium,Morning,Car,26,0.7,54.2
3272,1.24,Clear,Low,Afternoon,Car,28,2.9,25.4
3273,18.36,Clear,Medium,Afternoon,Bike,10,2.3,91.2
3274,13.86,Rainy,High,Afternoon,Car,25,1.8,127.5
3275,21.07,Rainy,Low,Evening,Bike,11,0.8,98.2
3276,20.71,Clear,Low,Afternoon,Bike,16,2.7,85.6
3277,21.24,Clear,Low,Afternoon,Scooter,8,1.5,78.5
3278,12.64,Rainy,Medium,Morning,Scooter,30,0.9,93.1
3279,9.01,Clear,Medium,Night,Scooter,15,1.8,50.1
3280,20.0,Foggy,Medium,Evening,Bike,7,2.4,108.8
3281,11.83,Rainy,Low,Afternoon,Bike,31,4.5,72.8
3282,5.4,Clear,Medium,Night,Car,32,6.0,53.0
3283,21.52,Rainy,High,Afternoon,Bike,11,3.6,153.4
3284,22.18,Clear,Low,Afternoon,Bike,6,1.8,87.2
3285,12.19,Rainy,High,Morning,Scooter,14,9.4,95.3
3286,2.82,Stormy,Medium,Night,Scooter,7,5.4,29.7
3287,10.31,Foggy,Low,Morning,Bike,21,7.5,49.1
3288,20.28,Clear,Medium,Morning,Bike,15,7.1,96.0
3289,22.64,Clear,High,Afternoon,Car,32,3.2,155.8
3290,5.88,Clear,Medium,Afternoon,Car,5,5.8,32.5
3291,2.61,Clear,High,Afternoon,Bike,6,6.2,21.8
3292,22.06,Clear,Low,Night,Bike,17,3.8,88.9
3293,10.35,Clear,Medium,Night,Bike,18,6.9,59.2
3294,14.0,Clear,High,Night,Scooter,21,8.0,104.6
3295,24.23,Clear,High,Night,Bike,6,4.0,137.4
3296,2.6,Clear,Medium,Afternoon,Scooter,21,0.6,25.7
3297,16.56,Stormy,Medium,Afternoon,Bike,23,3.8,149.4
3298,2.78,Rainy,Low,Morning,Bike,29,1.6,36.4
3299,10.01,Clear,Low,Afternoon,Car,13,2.0,50.8
3300,20.29,Clear,Low,Night,Bike,28,4.0,95.5
3301,11.4,Clear,Low,Evening,Scooter,29,2.5,63.8
3302,24.93,Clear,Low,Afternoon,Bike,16,9.4,79.6
3303,14.42,Clear,Medium,Night,Bike,34,6.7,85.0
3304,8.71,Foggy,High,Morning,Bike,20,5.4,95.6
3305,6.28,Rainy,Medium,Afternoon,Bike,8,0.6,52.2
3306,9.41,Rainy,Medium,Evening,Bike,34,1.5,88.5
3307,9.94,Clear,High,Night,Scooter,28,8.0,79.1
3308,2.65,Foggy,Low,Afternoon,Bike,15,4.2,20.0
3309,9.87,Foggy,Medium,Night,Car,25,0.9,81.6
3310,12.14,Clear,Medium,Evening,Bike,24,8.3,68.7
3311,18.35,Clear,Low,Evening,Bike,33,3.4,89.5
3312,16.76,Clear,Medium,Morning,Bike,8,4.2,68.8
3313,18.01,Clear,Low,Evening,Car,6,9.8,62.0
3314,1.2,Rainy,Low,Afternoon,Bike,14,0.6,25.2
3315,6.22,Clear,Low,Evening,Bike,13,7.4,31.8
3316,16.88,Clear,High,Afternoon,Bike,33,9.5,125.5
3317,12.62,Clear,Medium,Afternoon,Bike,29,1.1,84.6
3318,1.13,Clear,Medium,Night,Bike,34,8.7,35.7
3319,20.31,Foggy,Medium,Afternoon,Bike,21,4.5,134.9
3320,19.55,Rainy,Low,Afternoon,Bike,16,8.8,91.4
3321,14.16,Rainy,Medium,Morning,Bike,8,3.4,82.3
3322,2.6,Clear,Medium,Night,Scooter,13,9.8,18.1
3323,19.4,Rainy,Low,Afternoon,Scooter,18,6.6,91.1
3324,15.01,Clear,Medium,Morning,Scooter,8,6.5,68.7
3325,19.77,Rainy,Low,Night,Bike,34,8.2,100.4
3326,19.04,Clear,Low,Evening,Bike,6,4.6,71.6
3327,20.27,Clear,High,Afternoon,Scooter,22,3.0,135.8
3328,13.43,Clear,Medium,Evening,Bike,17,3.0,75.9
3329,4.37,Clear,Medium,Night,Bike,14,3.6,33.9
3330,17.11,Stormy,Medium,Night,Car,18,6.4,130.7
3331,15.89,Clear,Medium,Morning,Car,13,8.5,67.1
3332,18.81,Clear,Medium,Afternoon,Car,15,5.2,86.1
3333,5.08,Clear,Medium,Afternoon,Car,24,4.3,42.8
3334,5.68,Foggy,Medium,Morning,Car,5,8.0,42.1
3335,22.37,Clear,High,Evening,Scooter,16,3.3,138.3
3336,19.0,Rainy,High,Night,Bike,33,7.0,161.5
3337,22.8,Foggy,Medium,Morning,Car,21,1.5,157.8
3338,19.21,Clear,High,Night,Car,21,1.6,129.4
3339,15.33,Clear,Medium,Evening,Bike,12,6.6,69.2
3340,16.7,Clear,Medium,Evening,Bike,21,1.3,97.5
3341,22.34,Foggy,Low,Evening,Bike,25,2.0,126.7
3342,14.89,Clear,Medium,Afternoon,Car,29,6.4,82.3
3343,16.18,Clear,High,Night,Bike,24,4.7,110.7
3344,4.76,Rainy,High,Night,Bike,31,5.8,73.1
3345,12.37,Rainy,High,Morning,Bike,29,9.8,110.6
3346,18.19,Clear,Low,Night,Car,25,6.5,81.7
3347,7.5,Clear,Medium,Afternoon,Scooter,17,6.1,47.9
3348,5.85,Clear,Low,Morning,Bike,29,4.1,36.1
3349,8.53,Clear,Medium,Evening,Bike,17,6.5,45.1
3350,6.8,Clear,Medium,Night,Bike,19,0.6,49.9
3351,6.16,Foggy,Medium,Afternoon,Bike,22,5.8,58.8
3352,11.2,Clear,Medium,Afternoon,Bike,34,1.2,77.3
3353,22.79,Foggy,Medium,Night,Bike,17,2.6,151.1
3354,13.17,Rainy,Low,Afternoon,Bike,12,5.8,49.8
3355,5.51,Clear,Low,Evening,Bike,11,6.8,26.9
3356,2.85,Rainy,High,Night,Bike,27,4.2,49.1
3357,17.71,Clear,Low,Night,Car,23,4.5,79.4
3358,10.19,Stormy,Low,Night,Bike,14,5.2,67.8
3359,20.72,Foggy,High,Morning,Bike,16,7.7,160.7
3360,16.83,Clear,High,Evening,Bike,6,0.7,98.9
3361,20.11,Clear,Medium,Afternoon,Bike,31,4.7,117.2
3362,7.53,Clear,Low,Night,Bike,18,0.6,31.1
3363,17.62,Clear,Low,Night,Bike,14,3.5,73.4
3364,7.34,Clear,High,Afternoon,Scooter,21,5.4,59.4
3365,23.54,Clear,High,Evening,Bike,17,1.3,152.5
3366,16.27,Rainy,Medium,Afternoon,Bike,5,5.1,86.5
3367,8.79,Clear,Low,Afternoon,Car,27,9.3,38.1
3368,7.47,Foggy,Low,Night,Bike,29,7.0,62.4
3369,5.58,Foggy,Low,Morning,Scooter,19,7.9,41.8
3370,17.67,Clear,Medium,Morning,Bike,5,6.0,75.5
3371,6.25,Foggy,Low,Morning,Bike,19,9.0,43.6
3372,15.29,Clear,High,Morning,Bike,30,1.9,121.1
3373,7.35,Clear,Low,Morning,Bike,24,4.8,45.9
3374,16.89,Rainy,Medium,Night,Car,19,6.2,98.7
3375,20.56,Clear,Low,Morning,Bike,18,8.8,79.1
3376,19.67,Rainy,Medium,Afternoon,Bike,17,3.4,120.2
3377,19.26,Foggy,Low,Night,Scooter,6,0.5,92.3
3378,5.51,Stormy,High,Afternoon,Bike,34,9.8,110.7
3379,3.12,Rainy,Medium,Morning,Scooter,12,0.7,32.7
3380,17.77,Rainy,Low,Evening,Bike,13,1.9,85.6
3381,9.84,Clear,High,Morning,Scooter,23,4.5,81.7
3382,11.38,Clear,Medium,Night,Scooter,23,5.2,66.6
3383,1.75,Rainy,High,Afternoon,Bike,27,8.4,52.5
3384,7.23,Clear,High,Evening,Bike,13,4.8,52.9
3385,1.81,Clear,High,Evening,Bike,27,5.7,45.0
3386,22.1,Clear,Low,Evening,Bike,32,2.4,93.9
3387,6.84,Rainy,Low,Afternoon,Bike,34,5.9,47.0
3388,14.38,Clear,High,Night,Car,33,3.8,117.8
3389,1.94,Rainy,Medium,Evening,Bike,11,1.4,21.0
3390,17.0,Clear,Low,Afternoon,Bike,18,9.5,62.4
3391,8.75,Clear,High,Afternoon,Bike,6,1.3,43.9
3392,22.55,Clear,Low,Morning,Bike,16,6.9,90.7
3393,22.31,Clear,Medium,Afternoon,Bike,15,9.1,97.8
3394,8.81,Foggy,High,Night,Bike,21,2.2,102.5
3395,22.62,Clear,High,Night,Bike,6,2.8,121.7
3396,24.91,Clear,Low,Evening,Bike,32,4.6,105.5
3397,20.81,Clear,Medium,Afternoon,Scooter,26,3.3,113.3
3398,21.28,Clear,Medium,Afternoon,Car,32,7.7,111.3
3399,6.98,Clear,Medium,Morning,Bike,16,3.7,45.1
3400,14.84,Clear,Low,Morning,Scooter,34,9.9,60.4
3401,2.61,Stormy,Medium,Afternoon,Bike,30,8.7,59.2
3402,3.28,Rainy,Medium,Afternoon,Scooter,19,9.0,30.4
3403,24.97,Clear,Medium,Afternoon,Bike,33,1.1,136.8
3404,8.84,Clear,High,Morning,Scooter,12,2.2,62.8
3405,18.96,Clear,Medium,Morning,Car,12,2.1,90.2
3406,20.36,Clear,Low,Night,Scooter,26,6.9,81.1
3407,21.59,Rainy,Medium,Evening,Scooter,22,0.6,144.1
3408,24.94,Foggy,High,Evening,Bike,18,8.2,184.7
3409,6.8,Clear,Medium,Evening,Bike,29,5.7,51.7
3410,1.97,Foggy,Medium,Evening,Scooter,14,5.9,26.2
3411,10.87,Clear,Low,Morning,Bike,8,5.6,35.2
3412,4.12,Clear,Medium,Morning,Bike,20,5.6,35.6
3413,1.54,Clear,High,Afternoon,Bike,20,2.4,36.6
3414,9.65,Clear,High,Night,Scooter,33,3.2,93.2
3415,19.81,Foggy,Medium,Night,Bike,25,5.1,134.2
3416,14.59,Clear,Medium,Evening,Scooter,21,6.9,79.1
3417,8.51,Clear,High,Afternoon,Scooter,13,3.1,58.5
3418,16.7,Stormy,High,Afternoon,Bike,15,8.2,158.4
3419,6.57,Foggy,Medium,Morning,Bike,31,8.2,75.1
3420,1.35,Rainy,Medium,Afternoon,Car,31,3.1,40.8
3421,19.34,Foggy,Medium,Night,Car,30,5.8,139.1
3422,15.97,Clear,Low,Night,Bike,17,3.8,68.7
3423,19.3,Foggy,Medium,Afternoon,Bike,5,2.3,108.5
3424,1.93,Rainy,High,Morning,Bike,11,8.2,29.6
3425,21.09,Foggy,High,Night,Bike,15,9.9,149.0
3426,15.87,Rainy,High,Morning,Bike,29,5.9,140.0
3427,14.52,Clear,Low,Morning,Car,7,9.2,45.5
3428,15.99,Rainy,Medium,Night,Car,6,6.6,83.5
3429,21.75,Clear,Low,Morning,Scooter,18,5.9,83.2
3430,15.09,Clear,Low,Evening,Bike,14,5.1,59.7
3431,14.94,Clear,High,Evening,Bike,28,2.7,116.0
3432,24.78,Foggy,Medium,Evening,Bike,24,1.3,166.1
3433,19.16,Clear,High,Afternoon,Scooter,21,4.7,118.9
3434,11.62,Clear,Low,Night,Bike,12,5.8,46.3
3435,17.98,Clear,Medium,Evening,Scooter,19,5.3,95.4
3436,10.34,Stormy,Medium,Morning,Scooter,26,7.1,104.8
3437,6.49,Clear,Low,Evening,Scooter,10,2.3,31.9
3438,15.32,Rainy,Medium,Morning,Bike,24,3.9,100.3
3439,23.28,Foggy,Low,Night,Scooter,26,4.4,125.1
3440,23.3,Clear,Medium,Evening,Bike,6,2.3,100.1
3441,9.21,Clear,High,Night,Scooter,26,9.1,71.2
3442,13.66,Rainy,High,Evening,Bike,19,7.0,110.1
3443,6.08,Foggy,High,Morning,Bike,20,1.4,66.8
3444,24.9,Rainy,High,Morning,Bike,6,7.3,165.9
3445,24.55,Clear,High,Afternoon,Bike,26,5.7,149.5
3446,16.59,Foggy,Medium,Afternoon,Car,18,5.5,117.5
3447,20.31,Clear,Medium,Afternoon,Bike,29,9.9,96.2
3448,18.16,Rainy,Medium,Evening,Car,27,6.4,111.2
3449,15.24,Foggy,High,Night,Bike,32,9.0,140.0
3450,2.28,Clear,Low,Evening,Bike,34,9.2,28.1
3451,11.91,Rainy,Low,Morning,Bike,34,1.5,77.8
3452,17.19,Rainy,High,Night,Bike,32,0.6,161.3
3453,17.26,Foggy,Low,Morning,Scooter,24,4.6,96.8
3454,9.95,Clear,High,Afternoon,Bike,5,7.8,50.4
3455,23.6,Clear,Medium,Morning,Scooter,13,8.3,106.0
3456,5.02,Foggy,Medium,Evening,Bike,21,8.0,56.2
3457,13.01,Clear,Medium,Morning,Bike,25,4.7,66.4
3458,17.58,Clear,High,Morning,Bike,18,7.6,116.9
3459,17.73,Stormy,Low,Morning,Scooter,27,7.3,123.1
3460,16.57,Clear,High,Night,Scooter,14,3.5,106.2
3461,7.61,Stormy,High,Morning,Bike,17,2.1,96.9
3462,4.75,Clear,Low,Morning,Bike,17,6.4,28.2
3463,16.26,Clear,Low,Afternoon,Scooter,30,6.9,77.0
3464,15.38,Rainy,Low,Afternoon,Car,26,5.9,94.7
3465,5.3,Rainy,Low,Evening,Bike,23,2.5,53.6
3466,17.92,Rainy,Low,Afternoon,Scooter,31,3.1,92.5
3467,11.92,Clear,Medium,Morning,Bike,12,7.2,56.2
3468,17.03,Foggy,Medium,Afternoon,Bike,31,9.6,117.8
3469,21.1,Clear,High,Night,Car,11,9.5,120.1
3470,5.07,Clear,Low,Evening,Scooter,29,5.4,37.2
3471,1.46,Clear,Medium,Afternoon,Scooter,21,8.9,20.0
3472,19.7,Rainy,Medium,Evening,Bike,12,0.8,116.7
3473,15.63,Clear,High,Evening,Bike,8,8.7,83.1
3474,17.79,Clear,Medium,Evening,Scooter,11,5.0,87.1
3475,21.12,Clear,Medium,Night,Car,27,7.9,117.2
3476,20.27,Clear,High,Morning,Scooter,24,0.6,147.5
3477,24.06,Clear,Medium,Night,Bike,28,8.8,120.4
3478,13.86,Rainy,Low,Evening,Bike,33,6.2,87.7
3479,12.72,Clear,Medium,Afternoon,Bike,32,2.8,86.2
3480,10.65,Foggy,High,Afternoon,Bike,21,3.8,104.1
3481,4.69,Rainy,Low,Night,Bike,9,2.4,25.8
3482,14.74,Clear,Medium,Afternoon,Bike,24,4.5,88.0
3483,7.65,Rainy,Medium,Evening,Scooter,8,3.6,48.5
3484,23.11,Clear,High,Evening,Scooter,23,5.6,140.6
3485,15.0,Rainy,Low,Morning,Scooter,5,8.2,66.0
3486,15.23,Stormy,Low,Evening,Car,25,9.8,96.2
3487,9.52,Clear,Medium,Afternoon,Bike,28,2.9,61.0
3488,2.25,Rainy,Medium,Morning,Car,14,1.5,23.6
3489,1.76,Clear,Medium,Afternoon,Scooter,10,4.3,18.1
3490,11.16,Clear,Medium,Night,Car,16,1.9,67.8
3491,3.03,Foggy,High,Morning,Bike,21,8.4,51.1
3492,15.56,Clear,High,Evening,Bike,9,5.3,88.0
3493,22.14,Clear,High,Morning,Scooter,26,6.4,138.1
3494,22.19,Clear,Medium,Evening,Car,13,1.9,110.8
3495,16.82,Rainy,High,Evening,Scooter,13,7.6,117.4
3496,6.07,Clear,Low,Afternoon,Scooter,9,9.7,26.0
3497,21.71,Foggy,Medium,Evening,Bike,23,5.1,140.9
3498,22.27,Clear,Medium,Evening,Scooter,26,9.6,107.2
3499,5.72,Clear,High,Evening,Scooter,31,0.8,72.8
3500,18.7,Rainy,Medium,Afternoon,Scooter,28,0.8,142.3
3501,7.88,Clear,High,Evening,Scooter,32,9.6,74.8
3502,20.26,Rainy,High,Night,Bike,15,7.2,140.1
3503,24.93,Clear,Medium,Afternoon,Scooter,32,2.3,137.1
3504,1.72,Clear,High,Night,Bike,16,4.0,23.6
3505,22.54,Clear,Low,Morning,Car,9,5.3,74.5
3506,15.94,Foggy,Low,Afternoon,Scooter,12,7.2,82.1
3507,24.36,Rainy,High,Night,Scooter,21,8.5,172.5
3508,12.16,Rainy,Medium,Afternoon,Car,12,1.3,82.3
3509,21.34,Clear,Medium,Evening,Bike,6,6.7,81.3
3510,2.5,Rainy,Medium,Afternoon,Bike,27,5.0,37.2
3511,9.05,Clear,Low,Morning,Scooter,22,6.2,46.2
3512,2.61,Foggy,Medium,Night,Bike,23,5.3,37.1
3513,24.41,Rainy,Medium,Afternoon,Bike,25,4.8,139.6
3514,20.61,Rainy,Low,Evening,Car,14,2.5,90.9
3515,21.46,Clear,Low,Night,Bike,11,5.0,76.0
3516,23.51,Clear,Medium,Night,Bike,13,2.3,113.9
3517,3.04,Clear,Medium,Night,Bike,16,0.9,37.5
3518,10.25,Foggy,Low,Morning,Bike,16,4.1,54.1
3519,2.7,Clear,Medium,Evening,Bike,9,0.7,15.6
3520,6.06,Clear,High,Evening,Bike,15,5.8,41.3
3521,6.5,Clear,Medium,Night,Car,21,1.2,51.4
3522,12.26,Clear,High,Afternoon,Bike,19,4.7,87.0
3523,7.45,Clear,High,Night,Bike,15,9.8,47.1
3524,3.42,Foggy,Low,Evening,Bike,19,0.6,30.8
3525,5.02,Rainy,Low,Morning,Scooter,20,4.0,37.2
3526,4.53,Foggy,Medium,Morning,Bike,23,6.9,49.6
3527,24.35,Foggy,Medium,Night,Bike,25,2.0,160.7
3528,19.22,Clear,Medium,Morning,Car,16,5.8,92.3
3529,24.23,Clear,Medium,Morning,Bike,7,3.0,101.0
3530,11.55,Clear,Medium,Afternoon,Bike,12,2.6,60.3
3531,7.68,Foggy,Low,Morning,Scooter,28,9.0,54.5
3532,20.16,Clear,High,Afternoon,Bike,15,2.4,129.3
3533,8.83,Clear,Low,Night,Bike,5,4.1,38.8
3534,8.19,Clear,High,Evening,Bike,28,2.1,77.3
3535,6.58,Clear,Low,Evening,Car,34,3.2,47.8
3536,4.11,Clear,Low,Afternoon,Car,8,3.3,10.0
3537,7.16,Clear,Low,Evening,Bike,31,3.6,57.0
3538,9.53,Rainy,High,Night,Bike,10,6.6,62.2
3539,17.18,Foggy,Low,Evening,Bike,14,7.6,81.7
3540,2.5,Clear,Medium,Morning,Scooter,19,5.4,14.8
3541,6.05,Clear,High,Night,Bike,12,6.3,40.5
3542,20.42,Foggy,Medium,Night,Bike,18,8.2,131.1
3543,4.53,Clear,Medium,Evening,Scooter,6,10.0,27.7
3544,9.22,Foggy,High,Evening,Bike,28,4.8,110.5
3545,21.75,Clear,High,Afternoon,Bike,27,9.4,133.3
3546,4.72,Rainy,Medium,Morning,Scooter,24,5.2,57.7
3547,2.99,Rainy,Medium,Evening,Scooter,32,7.9,49.0
3548,12.63,Rainy,High,Evening,Scooter,25,5.9,115.8
3549,8.26,Foggy,High,Afternoon,Car,10,8.9,79.8
3550,14.52,Clear,Medium,Evening,Bike,7,4.8,70.9
3551,20.29,Clear,High,Morning,Bike,6,7.1,108.1
3552,4.29,Clear,Medium,Morning,Bike,18,4.9,36.6
3553,14.94,Foggy,Medium,Night,Bike,22,8.6,105.9
3554,13.13,Clear,Low,Night,Bike,19,9.9,55.2
3555,4.46,Foggy,Low,Morning,Bike,8,2.8,31.3
3556,15.98,Clear,Medium,Afternoon,Bike,20,5.0,89.6
3557,7.57,Clear,Medium,Night,Bike,27,1.3,71.6
3558,12.71,Rainy,Low,Morning,Bike,16,1.8,62.2
3559,2.97,Clear,Medium,Morning,Bike,21,9.3,32.8
3560,12.03,Clear,Medium,Night,Scooter,5,5.7,55.0
3561,8.36,Clear,High,Morning,Bike,24,4.3,70.6
3562,20.74,Clear,High,Morning,Bike,13,6.9,115.8
3563,2.37,Rainy,Medium,Morning,Car,16,5.8,37.1
3564,11.05,Rainy,High,Morning,Scooter,34,3.2,115.3
3565,12.0,Clear,Medium,Night,Bike,32,2.7,74.0
3566,18.4,Clear,Medium,Afternoon,Bike,9,6.1,78.5
3567,14.78,Clear,High,Morning,Scooter,21,2.3,97.0
3568,17.01,Clear,Medium,Evening,Bike,7,1.8,75.0
3569,19.65,Stormy,Medium,Afternoon,Bike,31,3.5,172.1
3570,21.69,Foggy,Low,Evening,Scooter,10,8.7,95.3
3571,8.53,Clear,Low,Evening,Bike,33,0.8,62.8
3572,13.91,Clear,Medium,Morning,Bike,7,8.4,56.4
3573,21.16,Foggy,High,Night,Bike,31,6.4,190.2
3574,24.75,Clear,Medium,Evening,Bike,26,0.9,136.2
3575,22.35,Clear,High,Evening,Car,10,6.2,114.0
3576,9.92,Rainy,High,Evening,Bike,25,4.5,95.2
3577,5.68,Clear,Low,Morning,Bike,30,8.5,36.4
3578,12.75,Clear,Medium,Morning,Scooter,17,9.1,64.8
3579,18.8,Stormy,Medium,Night,Bike,25,3.2,166.2
3580,12.82,Rainy,Medium,Morning,Bike,29,7.9,91.7
3581,12.6,Clear,Low,Afternoon,Bike,23,3.4,54.8
3582,21.12,Clear,High,Night,Bike,19,3.3,132.4
3583,9.67,Clear,High,Morning,Scooter,31,2.3,83.1
3584,21.64,Rainy,Medium,Morning,Bike,30,6.9,134.5
3585,10.76,Clear,Medium,Evening,Bike,11,3.0,53.6
3586,8.88,Clear,Low,Morning,Car,17,4.9,44.1
3587,11.9,Foggy,Medium,Evening,Bike,24,8.2,90.2
3588,19.3,Clear,High,Morning,Bike,6,8.0,100.2
3589,4.02,Clear,High,Morning,Bike,30,8.6,54.5
3590,5.71,Clear,Medium,Morning,Bike,23,2.0,45.5
3591,23.83,Clear,Medium,Morning,Bike,23,6.1,110.0
3592,5.21,Clear,Medium,Morning,Bike,7,9.2,21.7
3593,14.63,Foggy,Medium,Night,Bike,7,0.9,79.7
3594,14.9,Foggy,Low,Morning,Bike,30,8.0,85.1
3595,12.75,Clear,Medium,Morning,Bike,10,2.8,60.1
3596,16.47,Clear,Medium,Evening,Scooter,17,6.9,74.4
3597,6.52,Rainy,Low,Afternoon,Scooter,18,7.3,43.9
3598,14.26,Clear,Low,Afternoon,Bike,10,9.3,52.5
3599,9.93,Clear,Low,Night,Car,31,5.3,57.6
3600,16.88,Foggy,Medium,Morning,Scooter,13,8.6,101.8
3601,4.39,Clear,Medium,Afternoon,Scooter,28,0.9,46.6
3602,14.7,Clear,Low,Evening,Bike,14,4.5,58.4
3603,5.45,Clear,Low,Evening,Scooter,20,4.7,36.8
3604,7.69,Clear,High,Night,Car,27,5.6,74.4
3605,6.25,Clear,Low,Evening,Bike,19,5.1,39.4
3606,5.39,Clear,Medium,Afternoon,Scooter,16,9.7,33.6
3607,20.82,Clear,High,Afternoon,Scooter,32,1.2,149.8
3608,7.86,Rainy,Medium,Afternoon,Bike,17,3.0,60.1
3609,23.25,Clear,Medium,Morning,Bike,22,9.7,102.8
3610,24.28,Clear,Medium,Evening,Bike,30,4.7,129.9
3611,14.71,Rainy,Low,Evening,Bike,6,5.9,63.0
3612,4.43,Foggy,Medium,Morning,Bike,18,1.3,47.9
3613,9.99,Clear,Medium,Afternoon,Bike,21,3.2,59.6
3614,20.15,Clear,Low,Evening,Scooter,27,0.9,95.9
3615,9.82,Clear,Medium,Afternoon,Car,27,1.8,72.7
3616,3.09,Rainy,High,Morning,Bike,5,6.5,22.9
3617,14.36,Clear,Low,Afternoon,Bike,26,7.8,56.6
3618,21.28,Clear,Medium,Night,Bike,15,8.8,94.7
3619,20.1,Clear,Medium,Morning,Car,18,2.9,107.3
3620,5.2,Clear,High,Afternoon,Bike,16,3.7,40.5
3621,17.15,Clear,High,Morning,Scooter,27,5.9,121.4
3622,6.29,Clear,High,Evening,Bike,18,1.3,53.0
3623,6.24,Foggy,Medium,Night,Bike,21,8.2,50.0
3624,21.98,Rainy,Low,Morning,Bike,16,5.1,104.1
3625,6.99,Clear,Medium,Afternoon,Bike,10,9.7,37.9
3626,7.32,Clear,Medium,Evening,Scooter,30,1.6,59.8
3627,1.02,Clear,Medium,Afternoon,Bike,13,1.8,20.9
3628,21.9,Clear,High,Afternoon,Bike,16,3.8,138.4
3629,20.02,Foggy,Medium,Morning,Scooter,21,2.5,128.4
3630,16.06,Stormy,Medium,Morning,Bike,20,7.1,129.5
3631,19.01,Clear,Medium,Afternoon,Bike,6,9.5,83.5
3632,4.65,Clear,Low,Morning,Car,22,1.4,35.5
3633,12.0,Clear,Medium,Afternoon,Bike,20,2.8,56.4
3634,9.43,Rainy,Medium,Morning,Scooter,14,2.8,58.2
3635,3.25,Rainy,High,Night,Scooter,23,5.3,57.6
3636,12.67,Foggy,Medium,Morning,Bike,34,4.8,105.1
3637,23.1,Rainy,High,Afternoon,Bike,8,7.4,154.5
3638,1.96,Clear,Medium,Evening,Bike,11,7.5,27.6
3639,8.0,Rainy,Low,Morning,Bike,20,5.9,46.9
3640,5.98,Rainy,Low,Night,Scooter,23,6.1,39.8
3641,6.72,Clear,Low,Night,Bike,27,8.5,34.3
3642,22.8,Clear,Medium,Night,Bike,9,4.3,105.5
3643,12.23,Rainy,Low,Night,Bike,9,0.6,56.5
3644,12.19,Rainy,Medium,Afternoon,Bike,27,2.5,90.8
3645,19.25,Rainy,High,Night,Scooter,27,0.8,163.2
3646,4.71,Rainy,Medium,Evening,Scooter,11,4.2,33.4
3647,12.69,Rainy,High,Morning,Scooter,29,3.9,118.7
3648,11.32,Rainy,Low,Night,Scooter,21,1.4,56.4
3649,15.33,Clear,Medium,Morning,Bike,5,7.7,59.6
3650,24.99,Rainy,Low,Afternoon,Bike,7,5.8,105.7
3651,19.47,Clear,High,Morning,Bike,20,2.6,136.1
3652,10.55,Clear,Low,Afternoon,Car,26,7.7,50.5
3653,20.86,Clear,Medium,Afternoon,Bike,6,6.8,87.5
3654,5.1,Rainy,Medium,Morning,Car,29,2.3,60.9
3655,1.73,Rainy,Medium,Night,Scooter,5,9.8,22.7
3656,5.91,Stormy,High,Evening,Scooter,34,2.2,113.5
3657,9.17,Clear,Low,Morning,Bike,25,7.8,39.7
3658,13.25,Clear,Medium,Evening,Bike,11,9.7,58.7
3659,15.76,Clear,High,Morning,Bike,14,7.4,96.4
3660,22.85,Clear,Medium,Evening,Bike,7,6.8,95.9
3661,13.24,Rainy,Medium,Morning,Car,34,9.1,88.4
3662,13.03,Clear,Low,Evening,Scooter,22,3.1,64.7
3663,2.21,Rainy,High,Evening,Scooter,33,3.1,61.8
3664,1.84,Rainy,High,Morning,Bike,7,6.6,23.6
3665,14.23,Clear,Medium,Morning,Bike,32,8.9,89.4
3666,11.52,Foggy,High,Afternoon,Scooter,11,6.4,85.0
3667,21.14,Clear,Medium,Evening,Bike,19,9.8,86.5
3668,4.86,Clear,Low,Morning,Car,5,2.6,23.0
3669,1.6,Foggy,Low,Night,Scooter,28,8.3,21.7
3670,11.78,Foggy,Medium,Night,Bike,23,9.3,81.4
3671,6.7,Clear,Medium,Afternoon,Scooter,9,4.6,32.8
3672,2.19,Clear,High,Night,Scooter,30,9.6,45.2
3673,18.39,Clear,Medium,Morning,Bike,31,2.4,104.1
3674,3.68,Clear,High,Evening,Bike,25,9.6,47.5
3675,15.6,Stormy,Medium,Morning,Bike,26,9.1,124.9
3676,7.75,Rainy,Medium,Night,Bike,11,1.1,46.8
3677,5.16,Clear,Low,Night,Scooter,15,5.5,27.7
3678,10.11,Foggy,Medium,Morning,Bike,5,5.5,59.2
3679,20.23,Clear,High,Afternoon,Scooter,26,1.0,145.8
3680,10.41,Clear,Low,Morning,Bike,6,0.9,48.1
3681,19.02,Foggy,High,Afternoon,Car,18,0.5,173.6
3682,4.01,Foggy,High,Night,Car,14,5.5,50.4
3683,19.55,Foggy,Medium,Evening,Scooter,7,4.9,115.5
3684,6.69,Clear,Medium,Evening,Bike,18,9.4,41.9
3685,17.26,Rainy,Low,Morning,Bike,9,3.8,82.4
3686,14.58,Clear,Low,Afternoon,Bike,21,6.8,62.7
3687,23.3,Rainy,Low,Night,Bike,11,0.6,104.7
3688,10.3,Stormy,Medium,Evening,Bike,5,6.8,68.2
3689,2.59,Clear,Low,Morning,Scooter,28,9.2,32.9
3690,1.46,Rainy,Medium,Morning,Bike,15,3.9,23.2
3691,20.84,Clear,Medium,Night,Bike,32,3.5,126.3
3692,13.59,Clear,Low,Night,Bike,10,6.4,44.7
3693,19.61,Rainy,Medium,Morning,Car,20,3.6,126.4
3694,6.63,Clear,High,Morning,Bike,31,4.3,69.7
3695,9.28,Rainy,Medium,Morning,Bike,18,3.1,69.1
3696,1.72,Clear,Medium,Afternoon,Car,21,3.8,20.4
3697,24.08,Foggy,High,Night,Bike,19,7.0,176.0
3698,17.03,Clear,Medium,Morning,Scooter,18,9.3,87.0
3699,23.4,Clear,High,Night,Scooter,11,6.0,129.9
3700,7.37,Clear,Low,Morning,Bike,14,0.6,41.6
3701,15.68,Foggy,High,Morning,Bike,23,3.0,142.3
3702,17.28,Rainy,Medium,Morning,Car,11,9.5,94.0
3703,8.62,Rainy,High,Night,Bike,19,9.1,73.1
3704,21.35,Clear,Low,Morning,Bike,31,1.6,91.1
3705,23.73,Clear,High,Morning,Bike,28,9.1,148.9
3706,22.24,Clear,High,Night,Bike,30,9.7,144.0
3707,18.74,Rainy,Low,Morning,Bike,18,3.6,94.0
3708,7.66,Clear,High,Evening,Car,19,7.2,59.2
3709,7.76,Stormy,Low,Evening,Car,23,5.8,57.8
3710,24.12,Rainy,Low,Morning,Bike,25,3.7,113.0
3711,1.25,Clear,Medium,Afternoon,Bike,30,2.0,30.9
3712,18.19,Clear,High,Night,Bike,20,4.0,118.5
3713,17.95,Rainy,Medium,Morning,Car,6,9.3,92.9
3714,15.94,Clear,Medium,Night,Bike,34,8.2,90.4
3715,24.76,Clear,Medium,Afternoon,Bike,6,3.6,97.6
3716,8.49,Clear,High,Afternoon,Scooter,5,5.7,36.4
3717,9.16,Rainy,High,Night,Bike,20,4.4,82.7
3718,2.89,Rainy,Low,Afternoon,Bike,23,4.9,29.1
3719,11.63,Clear,Medium,Afternoon,Bike,8,7.7,53.9
3720,7.27,Clear,Low,Night,Scooter,7,5.7,21.1
3721,9.24,Clear,Medium,Afternoon,Scooter,15,2.2,46.7
3722,21.03,Rainy,Low,Evening,Scooter,28,3.1,112.1
3723,23.45,Clear,Low,Morning,Bike,21,5.9,96.8
3724,5.46,Clear,High,Evening,Bike,9,7.1,27.8
3725,9.94,Foggy,Medium,Evening,Scooter,27,5.3,80.5
3726,23.29,Stormy,Medium,Morning,Car,33,6.4,200.7
3727,2.48,Stormy,Medium,Evening,Bike,13,8.0,38.2
3728,3.22,Foggy,Low,Morning,Bike,5,5.7,13.5
3729,4.91,Clear,Medium,Morning,Scooter,29,9.8,48.9
3730,15.29,Clear,Medium,Night,Bike,31,2.7,94.2
3731,4.61,Clear,High,Morning,Bike,13,9.2,39.9
3732,24.23,Clear,Medium,Morning,Bike,8,2.9,105.5
3733,11.72,Stormy,Medium,Afternoon,Car,20,5.6,105.9
3734,13.04,Rainy,High,Afternoon,Scooter,19,4.8,102.6
3735,6.92,Rainy,High,Evening,Bike,14,4.0,61.2
3736,12.3,Clear,High,Morning,Scooter,9,9.6,67.3
3737,16.89,Foggy,High,Morning,Bike,20,3.1,149.7
3738,19.03,Foggy,High,Night,Bike,10,6.9,151.2
3739,19.09,Clear,Medium,Morning,Bike,20,8.1,103.7
3740,14.87,Foggy,High,Night,Bike,8,2.4,115.2
3741,22.7,Clear,Medium,Morning,Car,26,9.7,114.5
3742,20.62,Clear,Low,Afternoon,Bike,25,5.7,78.7
3743,19.17,Rainy,Medium,Afternoon,Bike,19,9.2,108.4
3744,2.33,Rainy,Low,Afternoon,Car,7,6.8,11.4
3745,1.17,Clear,Low,Evening,Bike,23,6.7,18.0
3746,6.1,Clear,Low,Morning,Bike,13,3.8,43.2
3747,16.92,Stormy,Low,Afternoon,Bike,9,7.8,91.9
3748,10.87,Rainy,High,Night,Car,20,0.8,99.3
3749,10.66,Rainy,High,Afternoon,Bike,31,5.8,103.9
3750,22.23,Clear,Medium,Morning,Bike,7,0.8,99.2
3751,22.49,Clear,High,Afternoon,Bike,12,3.4,127.0
3752,22.82,Clear,Low,Morning,Car,28,1.4,101.2
3753,8.53,Clear,High,Morning,Scooter,18,9.2,62.1
3754,17.59,Clear,Medium,Afternoon,Bike,34,6.5,101.8
3755,7.52,Clear,Low,Night,Scooter,33,6.9,47.2
3756,5.57,Rainy,Low,Evening,Scooter,7,8.6,23.4
3757,5.43,Clear,Medium,Morning,Scooter,20,7.5,35.5
3758,9.21,Foggy,Low,Evening,Scooter,11,1.7,52.8
3759,11.32,Clear,Medium,Afternoon,Bike,13,6.4,56.3
3760,20.94,Clear,Low,Morning,Scooter,7,9.8,64.1
3761,3.88,Clear,Low,Morning,Scooter,12,2.5,20.9
3762,18.64,Clear,Low,Afternoon,Bike,32,6.4,89.8
3763,13.75,Clear,High,Evening,Bike,16,5.9,98.7
3764,7.91,Stormy,Low,Night,Bike,21,4.2,65.6
3765,12.83,Rainy,Low,Afternoon,Scooter,32,9.6,68.8
3766,8.2,Clear,Medium,Afternoon,Scooter,18,3.9,50.5
3767,15.31,Clear,High,Night,Bike,20,1.4,114.7
3768,11.41,Rainy,Medium,Night,Scooter,23,9.6,74.7
3769,4.95,Rainy,High,Night,Scooter,32,7.4,75.0
3770,3.8,Clear,Medium,Night,Car,8,3.8,19.9
3771,14.12,Rainy,Low,Afternoon,Bike,7,3.2,57.0
3772,22.66,Foggy,Medium,Night,Bike,17,9.3,133.7
3773,9.25,Rainy,Medium,Evening,Scooter,13,3.1,62.2
3774,18.59,Foggy,Medium,Night,Bike,17,5.6,120.4
3775,16.81,Foggy,Medium,Morning,Bike,33,2.5,124.8
3776,23.36,Foggy,Low,Morning,Bike,16,10.0,113.7
3777,20.7,Clear,Medium,Night,Scooter,30,7.8,107.7
3778,14.6,Rainy,Medium,Afternoon,Bike,25,5.9,88.2
3779,16.77,Rainy,Medium,Afternoon,Bike,19,7.6,103.1
3780,22.56,Rainy,Medium,Evening,Bike,7,9.2,107.5
3781,10.59,Stormy,Medium,Afternoon,Bike,7,9.6,73.2
3782,8.84,Clear,Low,Evening,Car,31,8.0,46.7
3783,1.26,Clear,High,Evening,Bike,6,8.6,12.3
3784,20.84,Clear,Medium,Evening,Bike,30,4.3,113.1
3785,20.22,Clear,Low,Night,Bike,10,4.2,65.5
3786,3.51,Clear,High,Afternoon,Bike,29,8.2,54.1
3787,14.84,Rainy,Medium,Morning,Car,20,7.7,90.7
3788,12.14,Clear,Medium,Evening,Car,27,9.1,71.4
3789,3.85,Rainy,Low,Morning,Bike,22,1.8,40.4
3790,24.53,Rainy,Medium,Evening,Bike,13,7.1,129.6
3791,6.15,Clear,Low,Afternoon,Bike,34,6.7,45.5
3792,2.61,Clear,Medium,Night,Bike,7,8.1,10.0
3793,15.28,Rainy,Medium,Evening,Scooter,27,0.7,107.3
3794,18.73,Rainy,Medium,Evening,Bike,30,8.3,118.0
3795,1.78,Foggy,Low,Morning,Scooter,27,3.6,35.2
3796,16.81,Foggy,High,Night,Scooter,20,7.0,141.3
3797,13.78,Stormy,Medium,Afternoon,Bike,8,6.4,105.8
3798,3.48,Rainy,Medium,Evening,Scooter,18,4.7,36.6
3799,5.14,Foggy,High,Afternoon,Scooter,8,7.6,46.8
3800,14.63,Foggy,Medium,Night,Bike,32,9.6,107.1
3801,8.11,Foggy,Medium,Morning,Car,22,3.6,69.4
3802,23.52,Clear,Medium,Night,Scooter,22,7.6,109.6
3803,20.65,Stormy,Medium,Night,Bike,22,3.5,166.4
3804,24.61,Clear,Medium,Night,Car,32,8.5,121.3
3805,7.23,Rainy,Medium,Night,Scooter,31,4.7,68.8
3806,24.27,Clear,Medium,Afternoon,Bike,25,4.8,121.0
3807,11.35,Clear,Medium,Afternoon,Bike,7,7.8,41.3
3808,9.34,Clear,Low,Morning,Car,30,5.2,51.8
3809,2.21,Clear,Medium,Evening,Bike,11,3.0,15.4
3810,2.27,Clear,Low,Evening,Bike,17,10.0,18.0
3811,17.61,Foggy,Medium,Night,Bike,11,6.4,98.0
3812,11.99,Clear,Medium,Night,Bike,26,6.6,70.9
3813,6.44,Clear,Medium,Afternoon,Scooter,17,6.6,39.2
3814,15.74,Clear,High,Evening,Bike,28,8.9,104.3
3815,7.07,Rainy,Low,Morning,Bike,31,2.2,58.9
3816,14.86,Clear,High,Night,Car,8,1.1,93.8
3817,9.62,Clear,Medium,Afternoon,Scooter,20,4.2,57.9
3818,20.77,Clear,Medium,Night,Car,29,5.9,112.1
3819,20.7,Rainy,Medium,Night,Bike,32,3.2,137.9
3820,12.46,Clear,High,Afternoon,Scooter,32,7.0,101.1
3821,9.42,Clear,Medium,Evening,Scooter,19,1.2,58.9
3822,9.7,Clear,Medium,Evening,Bike,17,8.0,47.3
3823,20.34,Stormy,High,Night,Scooter,14,7.3,183.8
3824,8.88,Clear,High,Evening,Bike,14,2.5,70.9
3825,6.02,Rainy,Low,Afternoon,Bike,9,3.3,40.1
3826,3.03,Clear,High,Evening,Scooter,8,8.2,27.4
3827,12.2,Clear,High,Night,Bike,23,7.8,83.4
3828,12.57,Clear,Medium,Night,Scooter,34,8.2,85.2
3829,21.18,Clear,High,Afternoon,Bike,19,3.6,138.3
3830,6.31,Clear,High,Night,Scooter,13,9.7,46.1
3831,10.14,Clear,Medium,Evening,Bike,20,7.3,66.5
3832,20.4,Clear,Low,Afternoon,Bike,32,1.1,91.1
3833,20.77,Rainy,Medium,Night,Bike,8,5.0,113.6
3834,10.23,Stormy,Low,Afternoon,Bike,29,6.8,80.7
3835,12.02,Clear,Low,Afternoon,Scooter,15,2.1,49.3
3836,8.28,Rainy,Medium,Evening,Scooter,21,9.1,72.3
3837,23.38,Stormy,Medium,Evening,Bike,25,7.7,182.6
3838,3.85,Foggy,Medium,Morning,Bike,5,1.3,37.1
3839,23.41,Clear,High,Afternoon,Bike,13,9.2,130.1
3840,17.41,Rainy,Medium,Evening,Scooter,16,4.3,105.5
3841,13.76,Clear,High,Night,Bike,27,4.8,100.4
3842,1.78,Clear,Low,Morning,Bike,16,7.9,21.7
3843,12.41,Clear,High,Morning,Bike,14,6.6,78.9
3844,10.79,Clear,High,Night,Bike,13,4.7,72.0
3845,4.87,Clear,Medium,Evening,Bike,25,3.0,42.9
3846,16.75,Clear,Low,Afternoon,Bike,30,5.4,75.4
3847,24.31,Rainy,Medium,Morning,Bike,34,6.0,153.4
3848,14.49,Clear,High,Night,Bike,29,6.5,107.3
3849,18.15,Clear,High,Night,Bike,24,6.2,119.8
3850,2.64,Clear,Medium,Night,Bike,20,6.4,20.7
3851,11.02,Clear,Medium,Night,Bike,17,5.0,63.0
3852,3.79,Rainy,Low,Morning,Bike,7,5.8,20.1
3853,15.71,Stormy,Medium,Afternoon,Scooter,22,3.2,121.6
3854,23.52,Clear,High,Evening,Car,8,2.0,129.8
3855,16.88,Clear,Low,Night,Scooter,23,6.3,67.8
3856,2.84,Foggy,High,Night,Bike,29,0.9,74.4
3857,9.51,Clear,High,Afternoon,Scooter,17,1.1,76.8
3858,14.22,Foggy,High,Afternoon,Bike,32,2.8,146.7
3859,10.68,Clear,Low,Evening,Bike,32,2.3,59.9
3860,21.01,Clear,Low,Morning,Bike,17,4.1,87.3
3861,20.55,Clear,Low,Afternoon,Bike,16,4.0,76.6
3862,15.68,Clear,Medium,Morning,Bike,28,1.6,88.9
3863,9.96,Clear,Medium,Morning,Bike,32,2.8,76.8
3864,7.13,Foggy,Low,Night,Bike,5,0.5,42.9
3865,3.54,Rainy,High,Morning,Car,6,3.8,28.1
3866,9.52,Rainy,Low,Night,Car,7,8.1,43.5
3867,10.92,Rainy,Low,Night,Car,26,3.0,67.4
3868,17.22,Clear,Medium,Evening,Bike,25,6.6,87.5
3869,16.8,Rainy,Low,Morning,Car,31,1.4,104.1
3870,2.68,Clear,Low,Afternoon,Scooter,25,0.6,25.8
3871,10.49,Rainy,Medium,Afternoon,Car,26,5.2,83.3
3872,5.36,Clear,High,Afternoon,Bike,17,4.9,48.3
3873,4.76,Rainy,High,Evening,Scooter,16,2.3,53.7
3874,20.86,Foggy,Medium,Night,Bike,20,3.2,134.9
3875,2.01,Clear,Medium,Night,Bike,18,0.8,21.5
3876,11.06,Clear,Medium,Afternoon,Bike,28,8.1,65.9
3877,5.04,Clear,Medium,Night,Car,18,3.4,35.4
3878,22.1,Clear,Medium,Night,Bike,21,2.6,113.6
3879,14.37,Rainy,Medium,Evening,Bike,9,8.1,69.8
3880,6.55,Stormy,Medium,Morning,Car,10,0.9,60.3
3881,13.06,Clear,Medium,Morning,Bike,31,3.2,85.9
3882,18.56,Clear,Medium,Evening,Car,14,3.0,87.5
3883,23.99,Rainy,Medium,Evening,Scooter,31,3.0,159.5
3884,6.29,Clear,High,Night,Bike,26,0.6,72.1
3885,22.27,Clear,Low,Evening,Bike,13,9.4,69.9
3886,23.42,Foggy,High,Night,Bike,30,8.7,187.9
3887,22.99,Rainy,Medium,Morning,Car,11,4.4,118.4
3888,16.25,Clear,Low,Evening,Car,8,4.7,60.9
3889,16.12,Clear,Medium,Night,Bike,27,5.5,90.1
3890,10.68,Rainy,Medium,Morning,Bike,11,5.0,56.1
3891,19.06,Rainy,High,Morning,Bike,15,7.9,130.0
3892,13.75,Foggy,Medium,Afternoon,Scooter,31,5.1,111.0
3893,17.26,Clear,Medium,Morning,Bike,10,2.3,83.1
3894,11.28,Foggy,Medium,Evening,Bike,20,1.6,94.0
3895,18.56,Rainy,Low,Evening,Scooter,20,9.2,78.0
3896,20.79,Rainy,Medium,Night,Bike,28,1.0,140.6
3897,4.51,Rainy,Medium,Evening,Bike,28,9.0,44.5
3898,20.99,Clear,Medium,Morning,Scooter,33,7.1,112.1
3899,13.97,Stormy,Medium,Night,Bike,17,4.3,116.0
3900,21.27,Clear,High,Morning,Bike,30,2.3,153.4
3901,11.35,Clear,Medium,Afternoon,Scooter,16,3.4,60.3
3902,10.1,Foggy,High,Night,Bike,33,5.5,121.7
3903,22.96,Rainy,Low,Afternoon,Scooter,26,6.7,105.6
3904,7.03,Foggy,Low,Night,Car,31,7.1,52.3
3905,21.26,Clear,Medium,Evening,Scooter,6,4.7,93.2
3906,12.62,Clear,Low,Morning,Scooter,25,4.1,69.5
3907,13.34,Foggy,Medium,Night,Scooter,17,7.8,78.9
3908,8.4,Clear,Medium,Evening,Bike,5,9.3,30.2
3909,14.75,Foggy,Medium,Evening,Bike,14,9.2,89.2
3910,8.81,Clear,Medium,Evening,Bike,30,5.7,68.3
3911,1.94,Foggy,High,Afternoon,Scooter,34,1.3,70.9
3912,7.53,Clear,High,Evening,Bike,32,1.2,78.6
3913,1.15,Rainy,Low,Night,Bike,33,4.3,36.3
3914,24.48,Foggy,Medium,Afternoon,Scooter,14,7.5,142.3
3915,24.18,Clear,Low,Morning,Bike,34,5.2,99.7
3916,10.48,Rainy,Low,Evening,Scooter,32,6.5,71.6
3917,18.48,Foggy,Medium,Night,Bike,33,8.5,129.0
3918,9.3,Rainy,Medium,Night,Bike,15,0.9,57.2
3919,17.11,Foggy,Low,Afternoon,Bike,13,9.3,78.0
3920,20.33,Clear,Medium,Morning,Bike,8,3.6,88.9
3921,23.72,Clear,Medium,Afternoon,Bike,21,0.9,129.6
3922,10.61,Clear,Low,Evening,Bike,23,8.4,41.9
3923,19.8,Clear,Medium,Morning,Bike,14,9.4,84.0
3924,7.38,Clear,High,Morning,Scooter,17,7.8,57.0
3925,24.77,Rainy,Medium,Morning,Bike,6,8.1,132.7
3926,1.62,Clear,Medium,Afternoon,Scooter,13,8.8,27.2
3927,15.48,Clear,Low,Night,Scooter,11,5.5,57.6
3928,16.83,Clear,Low,Afternoon,Bike,30,7.0,75.9
3929,17.51,Foggy,Low,Night,Bike,14,3.2,92.7
3930,3.89,Rainy,High,Afternoon,Bike,16,2.9,43.4
3931,23.52,Clear,Low,Night,Car,26,6.3,93.4
3932,5.35,Foggy,Low,Night,Car,24,7.5,50.5
3933,15.95,Clear,Low,Morning,Bike,15,4.3,64.2
3934,6.34,Stormy,High,Night,Bike,8,4.3,78.2
3935,8.37,Rainy,Low,Evening,Car,16,9.6,41.0
3936,14.12,Clear,Medium,Evening,Scooter,16,5.4,71.0
3937,11.01,Rainy,Medium,Night,Bike,27,9.9,76.4
3938,4.85,Rainy,Medium,Night,Bike,12,8.7,28.2
3939,5.1,Clear,Low,Night,Bike,24,6.6,38.9
3940,11.04,Foggy,Low,Night,Scooter,18,0.6,66.7
3941,19.17,Clear,High,Morning,Scooter,11,3.3,116.7
3942,22.55,Clear,High,Evening,Bike,7,4.5,123.1
3943,3.02,Clear,Medium,Morning,Bike,32,6.7,49.3
3944,10.43,Clear,Low,Evening,Car,32,4.3,64.3
3945,3.41,Clear,Low,Night,Scooter,29,8.4,31.0
3946,1.4,Foggy,High,Evening,Bike,32,6.8,50.8
3947,16.88,Clear,Medium,Evening,Bike,23,3.8,95.0
3948,15.46,Clear,High,Afternoon,Bike,18,8.0,101.9
3949,4.91,Clear,Medium,Afternoon,Bike,23,3.4,37.6
3950,6.61,Foggy,High,Night,Bike,14,1.1,69.5
3951,1.57,Stormy,High,Morning,Bike,16,2.1,45.7
3952,21.04,Rainy,High,Afternoon,Car,33,0.5,196.1
3953,24.39,Stormy,Medium,Night,Scooter,22,8.4,179.2
3954,4.25,Rainy,Medium,Morning,Bike,23,6.5,49.9
3955,6.56,Stormy,Medium,Afternoon,Car,28,5.9,78.8
3956,21.84,Rainy,Medium,Evening,Scooter,22,6.8,121.4
3957,23.24,Clear,Medium,Afternoon,Bike,17,6.7,115.9
3958,11.07,Clear,Low,Night,Car,21,5.9,44.1
3959,2.21,Rainy,Medium,Afternoon,Bike,25,8.5,32.5
3960,1.95,Clear,Medium,Afternoon,Scooter,28,4.7,37.9
3961,14.77,Clear,Medium,Morning,Bike,10,8.1,62.9
3962,10.43,Rainy,Low,Morning,Bike,34,8.0,64.5
3963,1.69,Foggy,Medium,Evening,Bike,20,2.4,33.3
3964,15.0,Clear,Low,Night,Bike,22,4.8,54.3
3965,1.27,Rainy,High,Evening,Bike,32,8.4,56.0
3966,19.9,Rainy,Medium,Evening,Car,13,8.4,105.8
3967,8.35,Stormy,Low,Afternoon,Scooter,34,0.7,85.3
3968,1.97,Foggy,Low,Evening,Bike,17,2.6,17.0
3969,15.12,Rainy,Medium,Morning,Bike,8,4.5,76.1
3970,10.54,Clear,Low,Evening,Car,17,0.9,41.8
3971,24.37,Clear,High,Night,Bike,7,3.0,140.0
3972,14.06,Clear,Medium,Evening,Bike,8,3.0,67.6
3973,7.61,Rainy,Low,Night,Scooter,23,2.5,55.1
3974,18.03,Foggy,Medium,Night,Car,28,4.3,133.6
3975,7.52,Rainy,Low,Evening,Scooter,5,8.2,35.0
3976,22.7,Clear,High,Evening,Bike,5,2.8,135.6
3977,9.99,Rainy,Medium,Evening,Bike,13,6.0,67.9
3978,14.2,Clear,High,Night,Scooter,27,5.8,108.9
3979,2.21,Clear,Medium,Morning,Car,29,8.3,35.0
3980,11.23,Clear,High,Afternoon,Car,7,4.2,70.9
3981,20.98,Clear,Low,Evening,Bike,7,2.6,73.9
3982,20.34,Foggy,Medium,Afternoon,Scooter,34,9.0,137.2
3983,6.38,Clear,Medium,Evening,Bike,22,8.4,52.2
3984,6.43,Clear,Medium,Night,Bike,6,6.4,28.1
3985,20.62,Stormy,Low,Night,Bike,15,1.4,128.7
3986,23.33,Clear,Medium,Afternoon,Car,13,0.7,112.1
3987,3.29,Clear,Low,Morning,Bike,6,2.2,13.0
3988,11.8,Clear,Medium,Night,Bike,24,2.4,70.6
3989,9.1,Clear,Medium,Afternoon,Car,31,1.8,70.1
3990,21.9,Clear,Medium,Night,Bike,8,3.0,100.5
3991,3.0,Clear,Low,Evening,Bike,13,3.7,24.3
3992,6.07,Rainy,Medium,Afternoon,Scooter,18,7.7,58.2
3993,19.06,Clear,Low,Afternoon,Scooter,23,7.2,74.1
3994,2.23,Clear,High,Evening,Bike,20,1.5,36.9
3995,12.82,Foggy,Low,Afternoon,Car,30,9.8,67.2
3996,11.61,Clear,High,Evening,Bike,18,7.6,71.6
3997,9.03,Foggy,Medium,Morning,Car,19,2.1,72.9
3998,10.47,Clear,Medium,Evening,Scooter,22,1.7,68.4
3999,13.72,Clear,Low,Morning,Bike,32,1.3,74.6
4000,4.87,Rainy,Medium,Afternoon,Scooter,19,7.5,46.0
4001,14.73,Clear,Medium,Evening,Bike,23,2.7,90.2
4002,20.33,Clear,Medium,Afternoon,Bike,34,1.2,129.3
4003,19.24,Rainy,Low,Morning,Car,13,4.5,85.8
4004,4.69,Clear,High,Night,Bike,25,7.2,48.0
4005,4.58,Rainy,High,Night,Bike,25,3.4,68.9
4006,7.44,Foggy,Medium,Night,Bike,20,5.1,67.8
4007,9.67,Clear,Medium,Night,Bike,27,2.3,67.6
4008,10.8,Rainy,Medium,Night,Car,34,4.6,89.9
4009,17.31,Clear,Medium,Morning,Car,21,3.9,88.6
4010,2.36,Stormy,Low,Night,Bike,14,4.6,28.8
4011,1.83,Foggy,Medium,Night,Bike,9,4.9,23.9
4012,10.41,Foggy,High,Afternoon,Bike,13,1.4,92.0
4013,17.73,Clear,Low,Evening,Bike,18,1.4,70.8
4014,5.64,Rainy,Medium,Evening,Bike,34,3.0,70.2
4015,16.4,Clear,High,Evening,Bike,26,1.6,117.9
4016,7.24,Clear,Low,Evening,Bike,32,2.9,49.5
4017,22.27,Foggy,Low,Morning,Scooter,28,0.7,129.6
4018,22.5,Clear,High,Evening,Car,14,3.8,135.7
4019,8.13,Stormy,Low,Afternoon,Scooter,28,2.5,75.1
4020,6.52,Clear,Low,Morning,Scooter,5,9.0,31.9
4021,10.87,Foggy,Medium,Night,Bike,28,8.7,87.4
4022,6.77,Clear,Medium,Afternoon,Car,26,3.4,50.2
4023,17.14,Clear,High,Afternoon,Car,24,5.0,118.9
4024,20.83,Clear,Medium,Night,Car,7,9.6,93.2
4025,17.15,Rainy,Medium,Night,Bike,20,5.5,105.1
4026,20.78,Clear,Medium,Afternoon,Scooter,9,8.6,94.7
4027,10.53,Rainy,High,Morning,Scooter,17,8.4,78.9
4028,4.75,Clear,Low,Night,Bike,9,9.4,16.2
4029,18.71,Clear,Low,Evening,Car,27,3.4,71.9
4030,9.65,Clear,High,Afternoon,Bike,29,0.9,99.8
4031,17.11,Clear,High,Afternoon,Bike,15,1.5,103.9
4032,7.5,Foggy,Low,Night,Bike,21,5.9,51.9
4033,2.95,Foggy,Low,Night,Bike,34,5.5,53.4
4034,24.82,Clear,Medium,Evening,Car,29,3.3,135.6
4035,4.75,Rainy,Low,Evening,Bike,7,2.9,27.4
4036,24.72,Rainy,Medium,Evening,Bike,26,7.2,150.0
4037,24.45,Clear,Low,Evening,Scooter,10,3.7,85.0
4038,20.05,Clear,Low,Afternoon,Bike,20,6.2,80.7
4039,16.83,Clear,Medium,Night,Scooter,24,7.3,86.4
4040,14.87,Clear,High,Morning,Scooter,34,4.6,117.4
4041,21.79,Clear,Medium,Night,Bike,6,2.3,98.8
4042,7.95,Clear,Medium,Night,Car,9,8.7,43.9
4043,12.22,Rainy,High,Evening,Bike,23,1.4,122.8
4044,15.87,Clear,Medium,Evening,Scooter,24,8.4,80.3
4045,10.87,Clear,Medium,Afternoon,Car,26,8.4,58.8
4046,11.26,Clear,Medium,Evening,Scooter,15,5.9,54.5
4047,8.93,Clear,Low,Afternoon,Bike,27,6.5,57.4
4048,14.54,Clear,Medium,Night,Bike,22,3.9,88.0
4049,21.41,Foggy,Medium,Night,Scooter,31,8.5,135.9
4050,5.84,Clear,Low,Night,Car,7,3.0,33.2
4051,23.43,Rainy,Low,Afternoon,Bike,16,5.8,100.3
4052,17.54,Clear,Medium,Afternoon,Bike,27,0.5,106.3
4053,20.76,Rainy,Medium,Afternoon,Bike,17,9.4,107.6
4054,14.35,Rainy,Low,Evening,Scooter,25,9.5,83.1
4055,19.71,Clear,Low,Morning,Bike,24,7.2,75.8
4056,1.39,Foggy,High,Evening,Car,24,4.5,41.4
4057,20.64,Clear,Medium,Morning,Car,13,2.2,97.6
4058,1.96,Foggy,Low,Evening,Bike,13,5.2,33.8
4059,22.36,Clear,Medium,Night,Bike,30,8.0,113.8
4060,24.81,Stormy,Low,Afternoon,Scooter,11,6.3,133.4
4061,8.06,Rainy,Medium,Evening,Bike,5,5.5,40.4
4062,6.05,Stormy,Medium,Afternoon,Bike,5,8.6,35.1
4063,19.37,Clear,Medium,Evening,Bike,23,3.5,104.8
4064,7.07,Clear,Medium,Night,Bike,7,8.7,26.7
4065,21.77,Rainy,Low,Afternoon,Bike,11,4.7,100.3
4066,3.47,Foggy,Medium,Night,Scooter,16,0.5,44.2
4067,4.02,Stormy,Low,Morning,Scooter,34,7.5,58.1
4068,24.5,Clear,Medium,Afternoon,Car,20,8.8,116.6
4069,17.17,Rainy,High,Evening,Bike,17,5.1,135.3
4070,21.33,Clear,Medium,Afternoon,Bike,22,4.8,107.8
4071,8.78,Clear,High,Morning,Bike,28,8.2,70.7
4072,17.24,Clear,Low,Morning,Bike,21,8.9,68.9
4073,15.26,Clear,Medium,Evening,Bike,31,9.8,85.4
4074,15.48,Foggy,Low,Night,Bike,33,3.8,101.2
4075,17.38,Clear,Medium,Afternoon,Bike,28,6.1,94.9
4076,14.81,Rainy,Low,Night,Bike,13,8.3,67.0
4077,11.3,Rainy,Low,Night,Bike,18,5.6,60.8
4078,7.62,Clear,Low,Evening,Bike,9,4.9,38.2
4079,19.45,Clear,Medium,Afternoon,Bike,15,5.9,84.9
4080,6.43,Rainy,Low,Morning,Car,24,3.9,42.1
4081,17.62,Clear,High,Evening,Bike,10,2.3,108.0
4082,6.6,Foggy,Low,Night,Bike,10,1.1,36.0
4083,16.01,Stormy,Low,Morning,Bike,28,6.3,114.7
4084,18.93,Clear,Medium,Night,Bike,12,4.1,83.4
4085,6.25,Clear,High,Afternoon,Car,5,8.9,31.1
4086,2.44,Clear,Low,Night,Bike,13,2.6,28.5
4087,4.14,Rainy,Low,Morning,Scooter,14,3.5,28.1
4088,15.54,Clear,High,Afternoon,Bike,21,9.7,91.5
4089,21.39,Clear,Medium,Evening,Scooter,7,5.8,91.3
4090,2.08,Clear,Medium,Night,Car,27,3.8,39.2
4091,18.62,Stormy,Low,Afternoon,Scooter,25,8.7,124.5
4092,9.19,Clear,Medium,Afternoon,Bike,26,7.6,51.4
4093,12.48,Clear,Low,Evening,Scooter,17,5.9,48.4
4094,23.29,Stormy,Medium,Evening,Bike,12,8.9,159.0
4095,8.97,Rainy,High,Morning,Bike,24,1.4,94.9
4096,12.17,Rainy,High,Afternoon,Scooter,18,4.2,94.5
4097,1.33,Rainy,Medium,Afternoon,Car,34,8.2,34.7
4098,2.96,Stormy,High,Morning,Bike,24,4.2,65.6
4099,7.21,Rainy,Low,Night,Scooter,12,9.3,27.1
4100,1.67,Foggy,Low,Afternoon,Bike,23,1.9,28.3
4101,16.15,Rainy,Medium,Afternoon,Bike,17,3.7,105.3
4102,11.23,Rainy,Medium,Night,Car,10,4.5,62.8
4103,14.16,Clear,Low,Evening,Bike,8,7.0,55.5
4104,5.19,Clear,Medium,Evening,Bike,10,2.4,31.7
4105,8.1,Rainy,Medium,Evening,Bike,24,0.6,69.8
4106,16.93,Clear,Medium,Morning,Scooter,6,9.8,60.0
4107,24.17,Rainy,High,Night,Bike,14,9.0,164.9
4108,2.21,Clear,Medium,Evening,Bike,15,3.4,24.0
4109,22.37,Foggy,Low,Morning,Bike,15,5.1,100.4
4110,14.85,Clear,Medium,Night,Car,7,5.1,68.4
4111,14.53,Foggy,Medium,Evening,Scooter,15,8.8,85.7
4112,13.01,Rainy,Low,Afternoon,Scooter,12,6.2,60.3
4113,2.67,Clear,Medium,Afternoon,Scooter,33,8.4,40.3
4114,3.16,Clear,High,Evening,Bike,21,9.2,44.5
4115,15.42,Clear,Low,Evening,Bike,31,5.9,66.2
4116,9.18,Clear,Low,Morning,Bike,30,3.2,56.3
4117,23.01,Clear,Low,Afternoon,Bike,26,5.2,100.1
4118,10.76,Clear,Medium,Night,Bike,29,8.6,78.9
4119,4.44,Stormy,High,Evening,Scooter,5,6.0,50.8
4120,18.15,Clear,Medium,Night,Bike,20,9.0,87.8
4121,8.04,Rainy,Medium,Evening,Bike,33,9.0,72.1
4122,13.61,Clear,Medium,Afternoon,Bike,24,4.0,86.3
4123,17.75,Rainy,Medium,Evening,Bike,11,4.8,97.3
4124,22.61,Clear,Medium,Night,Bike,26,6.9,116.0
4125,20.01,Rainy,Low,Afternoon,Scooter,26,1.6,117.4
4126,17.23,Rainy,Medium,Evening,Bike,29,4.9,115.5
4127,17.31,Rainy,Medium,Afternoon,Bike,12,1.9,92.2
4128,23.7,Clear,Low,Morning,Scooter,17,8.6,79.8
4129,8.1,Rainy,Medium,Night,Bike,33,9.5,71.9
4130,1.03,Clear,High,Evening,Scooter,9,1.8,12.6
4131,7.53,Clear,Medium,Evening,Bike,31,6.8,55.7
4132,6.23,Clear,High,Evening,Scooter,34,6.5,69.3
4133,16.88,Clear,Low,Night,Bike,32,7.7,77.7
4134,16.21,Clear,Medium,Morning,Scooter,31,7.1,86.3
4135,15.24,Rainy,Low,Night,Bike,22,2.6,78.9
4136,1.39,Clear,Low,Evening,Bike,16,3.3,23.8
4137,18.49,Clear,Medium,Night,Scooter,20,2.1,95.3
4138,8.76,Clear,Medium,Evening,Bike,7,9.3,42.6
4139,16.96,Rainy,High,Night,Bike,16,5.5,127.2
4140,14.36,Rainy,Medium,Afternoon,Bike,30,9.8,94.9
4141,9.23,Clear,Medium,Night,Bike,23,4.8,62.5
4142,4.23,Rainy,High,Evening,Scooter,24,5.8,50.3
4143,3.27,Clear,Medium,Evening,Scooter,22,8.0,34.2
4144,20.96,Clear,Low,Night,Bike,12,8.1,75.6
4145,23.04,Clear,Low,Night,Bike,28,2.7,103.1
4146,16.59,Rainy,Medium,Afternoon,Car,34,3.2,119.9
4147,3.48,Rainy,Medium,Morning,Bike,17,1.4,37.9
4148,10.65,Clear,Low,Morning,Scooter,32,8.2,42.9
4149,18.49,Clear,Low,Afternoon,Bike,12,8.0,62.0
4150,19.72,Clear,Low,Morning,Car,14,1.3,79.5
4151,3.84,Rainy,Medium,Morning,Bike,18,2.9,47.3
4152,1.0,Foggy,Low,Evening,Bike,19,4.8,31.8
4153,18.09,Clear,Low,Evening,Bike,25,5.6,74.6
4154,9.56,Clear,Medium,Evening,Scooter,19,5.5,60.2
4155,7.11,Rainy,High,Night,Bike,30,9.8,79.3
4156,1.31,Foggy,Medium,Night,Scooter,10,7.8,10.0
4157,13.97,Foggy,Medium,Morning,Bike,18,1.6,103.4
4158,21.43,Rainy,Low,Night,Bike,10,3.3,103.8
4159,23.98,Foggy,High,Evening,Scooter,27,3.8,205.1
4160,14.58,Clear,Medium,Night,Bike,5,3.5,60.6
4161,13.35,Clear,High,Morning,Bike,14,8.0,81.9
4162,3.04,Clear,High,Evening,Bike,23,3.9,43.1
4163,14.17,Rainy,High,Morning,Car,15,5.2,122.1
4164,10.12,Clear,Low,Night,Bike,7,5.6,42.6
4165,15.57,Clear,Medium,Afternoon,Bike,31,3.1,95.2
4166,10.33,Clear,Low,Afternoon,Bike,27,3.6,40.2
4167,6.77,Clear,High,Evening,Bike,34,7.9,71.1
4168,3.28,Foggy,High,Morning,Bike,10,8.7,44.5
4169,8.56,Clear,High,Afternoon,Scooter,13,0.9,64.1
4170,3.32,Clear,Medium,Afternoon,Bike,29,6.2,43.6
4171,5.25,Rainy,Medium,Evening,Scooter,13,6.5,40.9
4172,24.7,Clear,Medium,Evening,Bike,33,7.5,122.8
4173,11.66,Rainy,Medium,Morning,Car,8,7.1,71.7
4174,13.76,Foggy,Medium,Afternoon,Car,7,8.8,76.8
4175,21.97,Foggy,Medium,Morning,Bike,24,1.2,149.8
4176,24.89,Foggy,High,Morning,Bike,23,4.2,205.8
4177,14.99,Clear,Medium,Evening,Scooter,27,7.9,88.7
4178,20.5,Rainy,High,Morning,Bike,15,8.5,132.9
4179,8.85,Clear,High,Night,Bike,23,3.0,76.8
4180,8.34,Clear,Medium,Morning,Car,21,6.1,52.6
4181,10.66,Clear,Medium,Afternoon,Bike,12,2.2,49.0
4182,17.14,Clear,Medium,Morning,Bike,10,8.6,77.9
4183,17.37,Foggy,Medium,Night,Scooter,9,7.4,99.5
4184,8.57,Clear,Low,Night,Bike,12,2.6,42.4
4185,4.2,Rainy,Medium,Afternoon,Bike,31,6.4,59.3
4186,16.18,Clear,High,Afternoon,Bike,12,5.3,97.3
4187,4.08,Clear,Low,Morning,Bike,7,3.0,16.2
4188,14.88,Stormy,Medium,Night,Car,23,9.0,114.8
4189,17.64,Clear,High,Night,Car,20,1.9,117.6
4190,17.81,Rainy,Medium,Morning,Bike,14,4.9,102.3
4191,19.08,Clear,Medium,Afternoon,Scooter,27,6.0,95.7
4192,21.95,Clear,Medium,Night,Bike,7,8.3,93.1
4193,13.0,Clear,Medium,Morning,Scooter,13,1.9,63.4
4194,18.53,Foggy,Low,Afternoon,Bike,12,6.3,78.8
4195,15.86,Clear,High,Morning,Bike,12,0.6,100.3
4196,5.48,Clear,Medium,Afternoon,Bike,29,8.3,47.3
4197,1.62,Clear,Medium,Afternoon,Bike,12,2.7,12.0
4198,7.83,Rainy,Medium,Night,Bike,24,7.3,57.8
4199,11.63,Rainy,Low,Evening,Bike,11,6.2,50.7
4200,15.81,Rainy,High,Night,Car,18,1.0,129.4
4201,21.4,Clear,High,Morning,Car,26,2.2,149.6
4202,5.71,Foggy,Low,Afternoon,Scooter,21,3.0,48.9
4203,4.01,Rainy,High,Night,Bike,16,8.9,42.3
4204,24.12,Foggy,Medium,Afternoon,Bike,9,5.1,132.3
4205,3.59,Foggy,Medium,Night,Bike,6,9.2,25.0
4206,12.48,Rainy,Medium,Morning,Bike,29,1.0,101.4
4207,15.05,Clear,Low,Morning,Bike,19,0.6,75.3
4208,13.99,Foggy,Medium,Morning,Bike,15,9.5,90.7
4209,3.06,Foggy,Low,Night,Bike,19,7.4,23.6
4210,2.37,Clear,Medium,Evening,Scooter,17,7.9,23.4
4211,3.53,Clear,Medium,Morning,Scooter,23,9.2,35.4
4212,15.05,Stormy,High,Night,Bike,16,9.9,138.5
4213,14.06,Clear,Medium,Evening,Scooter,19,1.4,77.1
4214,6.61,Foggy,Low,Night,Bike,16,2.0,48.7
4215,16.31,Clear,High,Night,Bike,27,2.3,122.8
4216,20.68,Clear,Medium,Morning,Bike,22,8.3,98.5
4217,2.0,Clear,Medium,Evening,Scooter,27,3.9,30.4
4218,12.96,Clear,Low,Night,Bike,33,6.1,58.0
4219,17.54,Clear,High,Night,Bike,8,8.6,92.9
4220,7.06,Clear,High,Night,Bike,15,7.0,52.1
4221,8.39,Rainy,High,Night,Bike,26,1.1,87.4
4222,15.73,Stormy,High,Morning,Bike,19,4.7,167.4
4223,22.55,Clear,Medium,Night,Scooter,29,1.1,127.5
4224,20.44,Clear,High,Evening,Bike,28,5.0,135.6
4225,15.0,Clear,Medium,Afternoon,Scooter,29,2.6,93.0
4226,18.53,Clear,Low,Evening,Bike,34,0.5,92.7
4227,9.76,Clear,Medium,Night,Bike,9,8.2,43.8
4228,16.38,Clear,Medium,Night,Scooter,9,9.7,66.8
4229,12.19,Clear,Low,Evening,Bike,24,9.7,51.2
4230,5.56,Clear,Low,Afternoon,Bike,29,3.3,36.3
4231,17.84,Clear,Low,Morning,Bike,34,8.4,80.1
4232,14.36,Rainy,Medium,Afternoon,Scooter,14,6.9,78.4
4233,9.61,Clear,Low,Afternoon,Scooter,28,8.1,45.3
4234,22.87,Foggy,Low,Afternoon,Bike,26,8.5,116.9
4235,1.5,Foggy,Medium,Evening,Bike,14,9.8,21.6
4236,8.58,Stormy,High,Afternoon,Scooter,34,1.9,142.6
4237,2.37,Foggy,High,Morning,Bike,34,7.8,56.6
4238,19.4,Clear,Medium,Night,Bike,26,7.5,95.8
4239,17.85,Clear,High,Evening,Scooter,10,3.2,115.8
4240,8.95,Clear,Medium,Evening,Scooter,10,4.2,37.2
4241,17.22,Foggy,Medium,Afternoon,Bike,27,2.2,137.4
4242,10.5,Foggy,Medium,Night,Scooter,10,9.2,64.0
4243,19.15,Foggy,Medium,Night,Bike,28,8.9,123.3
4244,11.9,Clear,Low,Night,Scooter,11,6.3,44.7
4245,10.89,Rainy,Medium,Evening,Bike,22,5.4,83.0
4246,23.43,Clear,Medium,Morning,Bike,30,2.7,115.8
4247,7.02,Clear,Medium,Night,Bike,8,8.0,41.1
4248,3.89,Rainy,High,Evening,Bike,18,0.6,54.6
4249,15.03,Clear,Medium,Afternoon,Bike,15,4.9,79.9
4250,24.26,Stormy,Medium,Night,Scooter,11,8.7,154.2
4251,10.07,Clear,Medium,Afternoon,Bike,22,6.4,58.6
4252,2.49,Foggy,High,Night,Scooter,24,6.5,40.8
4253,9.14,Clear,Medium,Afternoon,Bike,6,1.2,51.1
4254,13.14,Foggy,High,Evening,Scooter,6,3.2,95.7
4255,4.89,Foggy,High,Afternoon,Bike,34,6.9,77.6
4256,16.79,Foggy,Medium,Evening,Bike,11,1.0,98.5
4257,24.95,Clear,Medium,Afternoon,Bike,15,3.6,119.7
4258,11.84,Foggy,Low,Afternoon,Bike,22,3.9,72.6
4259,9.51,Clear,High,Afternoon,Bike,24,5.2,73.7
4260,10.62,Clear,Low,Night,Bike,11,3.9,44.6
4261,3.76,Clear,Medium,Morning,Car,26,4.8,35.5
4262,22.2,Foggy,Medium,Morning,Car,24,5.7,135.2
4263,10.96,Clear,Medium,Night,Scooter,29,1.7,73.2
4264,10.29,Foggy,Medium,Afternoon,Bike,9,2.2,76.1
4265,16.83,Rainy,High,Afternoon,Scooter,6,8.4,111.8
4266,11.61,Clear,Medium,Night,Bike,18,4.9,66.0
4267,16.56,Foggy,High,Evening,Bike,11,3.9,132.0
4268,2.47,Clear,Medium,Evening,Bike,14,4.6,21.3
4269,20.53,Foggy,Low,Night,Bike,32,2.2,126.2
4270,23.57,Clear,Low,Morning,Bike,22,2.8,98.7
4271,16.57,Clear,Medium,Evening,Bike,12,5.4,77.2
4272,23.91,Clear,Low,Night,Bike,27,3.9,100.1
4273,4.63,Clear,Medium,Evening,Scooter,20,5.0,29.2
4274,12.46,Clear,Low,Night,Car,18,1.9,54.0
4275,15.44,Clear,Medium,Evening,Bike,32,2.0,90.6
4276,14.96,Clear,Medium,Evening,Bike,13,4.1,67.6
4277,10.64,Clear,Medium,Night,Scooter,10,4.1,55.4
4278,9.11,Clear,Low,Morning,Bike,11,8.9,28.9
4279,4.04,Rainy,Low,Morning,Car,30,0.8,49.1
4280,10.4,Rainy,Medium,Evening,Car,34,9.9,86.4
4281,4.9,Foggy,Low,Evening,Bike,34,9.6,49.0
4282,18.62,Rainy,Medium,Morning,Bike,13,5.7,100.6
4283,6.01,Rainy,Medium,Night,Car,11,7.3,45.0
4284,2.41,Rainy,Low,Afternoon,Car,13,9.4,22.2
4285,14.26,Clear,Medium,Evening,Bike,28,2.9,92.4
4286,15.29,Rainy,Medium,Afternoon,Bike,25,3.5,99.1
4287,21.93,Clear,Medium,Evening,Scooter,11,1.6,103.1
4288,14.85,Foggy,Medium,Morning,Bike,16,5.9,94.9
4289,9.29,Rainy,Medium,Night,Car,27,2.0,79.8
4290,20.27,Clear,Medium,Evening,Scooter,21,9.3,97.5
4291,13.97,Rainy,High,Afternoon,Scooter,24,4.6,122.4
4292,2.9,Clear,Low,Morning,Bike,25,9.2,32.7
4293,14.58,Clear,Medium,Evening,Scooter,16,2.4,75.0
4294,22.79,Clear,Medium,Night,Bike,26,7.1,107.1
4295,10.51,Rainy,Medium,Evening,Bike,27,6.7,75.4
4296,8.11,Rainy,Medium,Night,Bike,9,4.3,46.0
4297,4.44,Foggy,Medium,Night,Bike,22,9.0,44.3
4298,4.63,Clear,Medium,Morning,Scooter,9,4.6,25.9
4299,11.39,Clear,Medium,Evening,Car,9,2.4,55.6
4300,15.3,Rainy,High,Night,Bike,11,9.8,103.3
4301,2.93,Clear,High,Morning,Bike,33,4.7,52.2
4302,23.55,Rainy,Medium,Evening,Bike,7,2.5,132.3
4303,19.12,Clear,High,Night,Bike,5,4.0,97.0
4304,15.08,Clear,Low,Morning,Scooter,32,6.3,59.8
4305,20.88,Clear,Medium,Evening,Bike,10,5.4,98.1
4306,2.92,Rainy,Low,Night,Car,32,6.5,43.4
4307,12.44,Clear,Low,Morning,Scooter,11,6.8,53.2
4308,16.12,Clear,Medium,Morning,Bike,31,1.7,102.1
4309,20.89,Clear,Medium,Evening,Bike,30,3.5,115.0
4310,19.8,Clear,Medium,Morning,Bike,12,7.6,86.1
4311,7.65,Clear,Medium,Evening,Bike,18,6.7,38.3
4312,23.58,Clear,Medium,Evening,Bike,27,1.3,128.4
4313,3.98,Rainy,Medium,Night,Bike,19,3.5,34.2
4314,22.0,Clear,Low,Evening,Car,11,9.3,86.2
4315,24.3,Rainy,Medium,Morning,Bike,11,8.7,117.2
4316,5.25,Rainy,Medium,Evening,Scooter,5,6.9,29.7
4317,18.33,Clear,Medium,Night,Bike,13,1.2,99.0
4318,1.97,Clear,Low,Morning,Bike,29,6.3,25.4
4319,10.73,Foggy,Low,Night,Bike,11,0.6,57.9
4320,13.39,Clear,Medium,Afternoon,Bike,29,6.8,65.7
4321,14.94,Clear,Medium,Night,Bike,31,7.4,79.1
4322,23.46,Clear,Medium,Afternoon,Scooter,24,5.2,119.6
4323,17.13,Rainy,Low,Afternoon,Bike,11,0.5,90.3
4324,12.55,Rainy,Medium,Evening,Scooter,22,6.8,78.4
4325,20.43,Stormy,High,Morning,Scooter,18,8.3,193.5
4326,23.81,Foggy,High,Evening,Car,26,6.1,210.3
4327,1.53,Clear,Medium,Morning,Scooter,19,7.2,25.8
4328,24.58,Clear,Low,Night,Bike,22,1.4,106.3
4329,3.07,Clear,Medium,Afternoon,Car,14,7.3,20.6
4330,20.55,Clear,Low,Afternoon,Car,7,6.3,78.0
4331,7.73,Clear,Medium,Afternoon,Scooter,31,3.6,57.9
4332,4.17,Clear,Low,Night,Bike,33,7.0,32.4
4333,11.56,Clear,High,Night,Bike,15,6.6,83.0
4334,16.45,Clear,Medium,Evening,Scooter,5,6.2,66.6
4335,10.14,Clear,Medium,Evening,Car,27,2.2,69.0
4336,2.31,Stormy,Medium,Morning,Scooter,32,3.3,72.2
4337,15.39,Rainy,Low,Morning,Scooter,6,9.9,55.4
4338,22.66,Stormy,Medium,Afternoon,Bike,20,4.6,176.3
4339,10.2,Clear,Medium,Night,Bike,7,1.1,47.7
4340,6.19,Clear,Medium,Night,Scooter,32,9.0,49.5
4341,11.62,Clear,High,Evening,Bike,21,2.1,89.3
4342,2.16,Clear,Low,Evening,Scooter,7,4.3,19.0
4343,20.69,Clear,High,Morning,Scooter,15,3.1,137.0
4344,20.83,Foggy,Medium,Morning,Bike,8,9.7,110.9
4345,15.11,Stormy,Medium,Evening,Bike,34,4.1,146.7
4346,9.47,Clear,Medium,Evening,Scooter,11,7.2,50.2
4347,20.19,Clear,High,Night,Bike,26,6.2,132.8
4348,14.31,Clear,Low,Morning,Bike,20,0.9,65.4
4349,20.82,Clear,Medium,Evening,Scooter,21,4.2,99.9
4350,16.16,Clear,Medium,Evening,Scooter,15,4.2,72.2
4351,19.83,Clear,Low,Afternoon,Car,8,9.9,64.5
4352,15.37,Clear,Low,Evening,Bike,29,8.2,62.2
4353,10.94,Clear,High,Evening,Bike,7,8.6,58.5
4354,23.99,Clear,Low,Night,Scooter,26,3.5,106.7
4355,13.99,Clear,Low,Evening,Bike,31,3.6,69.4
4356,15.52,Clear,High,Morning,Bike,20,5.4,108.9
4357,6.29,Stormy,Medium,Afternoon,Bike,6,6.5,49.9
4358,16.02,Clear,Low,Night,Bike,9,7.4,59.2
4359,14.72,Foggy,Medium,Morning,Bike,29,8.3,103.6
4360,5.44,Foggy,Medium,Afternoon,Bike,32,8.8,68.7
4361,2.43,Stormy,High,Afternoon,Bike,22,0.7,67.7
4362,15.5,Rainy,Medium,Evening,Car,7,8.1,77.5
4363,19.33,Rainy,High,Afternoon,Bike,32,6.3,163.7
4364,13.56,Foggy,Low,Afternoon,Bike,6,5.6,58.7
4365,6.44,Clear,Medium,Evening,Bike,6,6.5,29.4
4366,17.0,Clear,Low,Night,Bike,26,8.9,69.3
4367,2.92,Stormy,Low,Evening,Car,26,5.7,42.8
4368,11.6,Rainy,Medium,Night,Scooter,25,2.0,96.0
4369,4.92,Stormy,Low,Afternoon,Scooter,34,4.6,64.1
4370,5.43,Rainy,Medium,Morning,Car,6,9.3,41.1
4371,5.86,Foggy,High,Night,Car,20,8.2,66.9
4372,10.28,Rainy,Medium,Night,Bike,5,2.4,56.6
4373,2.23,Rainy,Low,Night,Bike,33,7.3,34.0
4374,10.55,Clear,Medium,Night,Bike,33,2.9,77.8
4375,13.28,Foggy,High,Afternoon,Bike,23,3.8,131.7
4376,12.6,Foggy,Medium,Morning,Scooter,23,5.0,81.3
4377,10.19,Foggy,Medium,Night,Bike,13,4.7,69.6
4378,21.14,Rainy,Low,Morning,Scooter,24,0.8,100.5
4379,4.49,Clear,Low,Afternoon,Bike,34,7.9,42.7
4380,13.14,Clear,Medium,Night,Bike,34,8.5,84.8
4381,2.49,Foggy,Low,Morning,Bike,13,5.5,23.0
4382,2.71,Rainy,High,Night,Scooter,33,2.1,67.8
4383,14.77,Clear,Medium,Night,Scooter,15,2.9,69.0
4384,14.58,Clear,Medium,Afternoon,Car,5,1.7,64.3
4385,22.07,Foggy,High,Night,Scooter,23,2.1,189.6
4386,14.39,Foggy,High,Morning,Bike,21,8.8,119.0
4387,24.03,Foggy,Medium,Morning,Bike,10,5.1,142.6
4388,2.17,Rainy,High,Afternoon,Scooter,5,1.6,28.1
4389,3.35,Clear,High,Evening,Scooter,22,2.9,47.9
4390,2.06,Clear,High,Evening,Bike,13,9.5,22.5
4391,5.45,Clear,High,Afternoon,Bike,31,5.3,60.9
4392,13.99,Foggy,Medium,Afternoon,Bike,5,5.4,79.5
4393,16.49,Clear,Medium,Evening,Bike,8,5.5,75.0
4394,2.09,Rainy,Low,Evening,Car,26,1.6,31.8
4395,23.7,Clear,Low,Morning,Scooter,34,9.7,90.8
4396,21.21,Clear,Low,Morning,Bike,22,1.3,93.1
4397,8.12,Foggy,Low,Morning,Bike,21,7.2,56.0
4398,2.85,Clear,Medium,Evening,Scooter,24,1.0,29.4
4399,5.08,Rainy,Low,Afternoon,Scooter,23,4.7,38.4
4400,4.05,Clear,High,Night,Bike,27,9.0,53.4
4401,3.96,Clear,High,Morning,Scooter,27,7.8,55.0
4402,13.45,Clear,Low,Night,Scooter,32,3.7,69.0
4403,6.9,Clear,Low,Afternoon,Bike,18,5.7,37.1
4404,9.6,Rainy,High,Evening,Car,30,2.1,108.4
4405,24.75,Clear,High,Morning,Bike,31,9.6,157.4
4406,17.42,Clear,High,Evening,Bike,11,7.2,94.0
4407,23.78,Clear,High,Afternoon,Bike,13,4.1,141.9
4408,4.42,Rainy,High,Morning,Bike,29,3.5,65.9
4409,10.17,Foggy,Medium,Afternoon,Bike,24,2.8,90.7
4410,14.31,Clear,Low,Afternoon,Scooter,13,8.0,47.9
4411,2.84,Rainy,High,Morning,Bike,19,4.6,47.0
4412,1.1,Rainy,Low,Night,Car,15,3.6,13.6
4413,17.09,Rainy,High,Morning,Scooter,11,9.1,117.5
4414,16.4,Clear,Medium,Evening,Bike,10,1.9,81.6
4415,10.86,Rainy,High,Night,Bike,31,3.0,116.4
4416,12.75,Rainy,Low,Morning,Bike,13,3.8,72.1
4417,10.97,Rainy,Medium,Morning,Bike,8,3.0,60.7
4418,1.58,Rainy,Medium,Morning,Bike,21,6.1,35.1
4419,9.05,Stormy,High,Morning,Bike,10,6.2,98.0
4420,5.25,Clear,Low,Morning,Bike,33,1.0,48.7
4421,3.36,Stormy,High,Evening,Bike,21,1.9,67.6
4422,23.96,Clear,High,Afternoon,Bike,30,2.4,165.2
4423,15.38,Rainy,Medium,Evening,Car,29,1.2,110.4
4424,18.49,Clear,High,Afternoon,Bike,18,1.7,121.9
4425,8.57,Clear,Medium,Morning,Bike,9,2.8,40.3
4426,10.44,Rainy,Low,Evening,Bike,22,3.8,59.4
4427,6.69,Rainy,Low,Afternoon,Bike,32,8.0,59.1
4428,3.33,Clear,High,Afternoon,Scooter,12,2.6,31.1
4429,5.3,Clear,Medium,Morning,Bike,14,6.9,33.9
4430,20.14,Clear,Low,Morning,Bike,15,1.0,77.6
4431,17.26,Stormy,Medium,Night,Bike,26,6.8,145.8
4432,14.13,Foggy,Medium,Night,Bike,33,8.0,112.6
4433,12.4,Clear,Low,Afternoon,Bike,7,6.2,46.9
4434,23.14,Foggy,Medium,Night,Bike,31,2.4,172.8
4435,2.75,Foggy,Low,Evening,Bike,6,3.6,11.7
4436,7.73,Clear,Low,Afternoon,Bike,30,8.1,41.1
4437,9.4,Rainy,Medium,Evening,Car,31,4.6,78.5
4438,19.78,Clear,Medium,Night,Bike,18,2.9,107.6
4439,24.82,Rainy,Low,Evening,Bike,8,9.4,97.6
4440,6.78,Clear,Medium,Afternoon,Scooter,21,6.6,38.6
4441,21.98,Clear,Low,Evening,Scooter,21,8.2,87.7
4442,20.93,Clear,Low,Afternoon,Scooter,25,0.7,92.8
4443,6.39,Clear,Low,Night,Scooter,30,3.7,48.2
4444,10.58,Foggy,Low,Afternoon,Bike,13,4.9,65.0
4445,10.83,Clear,Low,Night,Bike,32,6.1,52.8
4446,24.48,Clear,High,Morning,Scooter,25,2.3,171.2
4447,5.34,Foggy,Medium,Night,Car,26,5.2,58.8
4448,20.18,Clear,Low,Afternoon,Bike,30,7.0,82.6
4449,9.02,Clear,Low,Afternoon,Bike,13,3.8,40.4
4450,18.54,Stormy,Low,Morning,Scooter,7,7.1,94.8
4451,11.08,Foggy,High,Morning,Bike,32,4.2,125.4
4452,14.88,Clear,Medium,Night,Car,8,5.0,66.4
4453,20.98,Clear,Low,Evening,Bike,6,1.8,71.4
4454,20.3,Stormy,Medium,Evening,Scooter,18,6.7,150.5
4455,21.79,Clear,Medium,Morning,Bike,24,2.6,120.4
4456,2.43,Clear,Low,Night,Bike,12,8.4,14.9
4457,17.61,Clear,Medium,Morning,Bike,22,5.8,85.5
4458,4.36,Clear,Medium,Morning,Bike,8,5.8,27.0
4459,10.98,Rainy,Low,Afternoon,Bike,12,9.2,53.5
4460,14.17,Rainy,Medium,Afternoon,Scooter,11,2.1,84.8
4461,10.67,Stormy,Medium,Afternoon,Bike,29,5.5,104.9
4462,13.47,Rainy,Medium,Morning,Bike,19,4.1,75.0
4463,24.92,Clear,Medium,Night,Bike,34,9.7,117.7
4464,4.25,Clear,Medium,Evening,Scooter,19,8.0,38.4
4465,17.21,Stormy,Medium,Evening,Bike,6,7.7,119.9
4466,10.5,Clear,Medium,Afternoon,Car,8,2.4,48.0
4467,4.19,Clear,Medium,Night,Scooter,29,2.8,44.2
4468,4.81,Foggy,Low,Afternoon,Scooter,26,0.8,51.8
4469,23.78,Rainy,Medium,Night,Bike,29,6.6,143.1
4470,22.11,Clear,Medium,Night,Scooter,13,4.0,107.8
4471,22.77,Foggy,Medium,Night,Bike,27,3.5,155.5
4472,24.8,Stormy,High,Morning,Bike,34,6.6,265.4
4473,6.0,Clear,High,Night,Bike,11,8.4,40.1
4474,9.53,Foggy,Low,Morning,Bike,28,1.8,66.6
4475,17.06,Clear,High,Evening,Bike,22,9.2,112.5
4476,12.61,Clear,Medium,Evening,Bike,30,0.8,76.6
4477,11.04,Foggy,Medium,Morning,Bike,16,1.4,78.8
4478,9.59,Stormy,High,Evening,Bike,18,8.5,106.7
4479,15.25,Clear,Medium,Evening,Scooter,11,5.2,75.9
4480,14.81,Clear,Medium,Afternoon,Car,10,9.4,59.9
4481,4.87,Clear,High,Morning,Scooter,27,4.9,57.9
4482,12.32,Rainy,Low,Morning,Bike,26,9.3,59.1
4483,14.28,Clear,Low,Morning,Bike,31,2.8,73.8
4484,14.69,Clear,Medium,Afternoon,Bike,23,6.4,88.0
4485,6.04,Clear,High,Morning,Bike,25,9.9,46.3
4486,18.81,Clear,High,Evening,Car,23,4.1,122.9
4487,1.6,Clear,Low,Night,Bike,26,0.5,30.4
4488,9.52,Foggy,High,Afternoon,Scooter,19,1.1,114.0
4489,19.73,Clear,Low,Afternoon,Scooter,23,8.7,79.0
4490,14.53,Clear,High,Morning,Scooter,16,5.2,90.3
4491,7.27,Foggy,Medium,Night,Car,6,5.6,44.3
4492,17.68,Rainy,Low,Night,Bike,15,8.1,71.8
4493,14.62,Clear,Low,Night,Bike,17,8.2,60.8
4494,20.11,Clear,Low,Evening,Car,8,5.0,76.3
4495,18.64,Rainy,Low,Night,Bike,29,8.7,99.3
4496,15.64,Clear,High,Morning,Bike,5,5.0,85.3
4497,12.72,Rainy,Low,Evening,Bike,28,6.9,68.0
4498,4.2,Clear,High,Night,Scooter,25,0.8,62.3
4499,7.27,Clear,Medium,Morning,Bike,6,1.8,43.7
4500,11.06,Clear,Medium,Evening,Car,18,8.6,52.9
4501,15.38,Rainy,Low,Evening,Bike,29,3.5,85.7
4502,13.33,Foggy,High,Night,Scooter,22,3.7,130.2
4503,7.92,Clear,Medium,Evening,Scooter,15,6.8,43.3
4504,1.16,Clear,High,Afternoon,Bike,15,6.1,23.5
4505,12.91,Clear,High,Morning,Bike,23,1.3,92.4
4506,7.86,Clear,Low,Night,Car,21,7.8,33.5
4507,18.63,Foggy,Low,Morning,Scooter,21,6.4,95.9
4508,1.57,Clear,High,Morning,Scooter,6,8.6,10.9
4509,15.04,Foggy,High,Afternoon,Bike,6,5.6,103.7
4510,23.6,Rainy,Medium,Evening,Bike,34,4.4,152.3
4511,5.19,Foggy,Medium,Afternoon,Bike,17,4.0,44.1
4512,12.32,Rainy,Medium,Afternoon,Bike,10,0.5,76.2
4513,3.19,Clear,Medium,Evening,Scooter,19,0.9,37.5
4514,16.02,Clear,Low,Night,Bike,15,1.7,64.8
4515,14.21,Clear,Medium,Morning,Scooter,28,9.3,75.5
4516,10.78,Clear,Low,Night,Bike,32,8.9,60.2
4517,13.51,Clear,Medium,Night,Bike,8,5.2,65.5
4518,22.52,Clear,High,Afternoon,Car,23,2.2,154.4
4519,5.71,Stormy,High,Evening,Car,33,1.9,102.8
4520,1.54,Clear,High,Evening,Car,18,2.9,28.0
4521,21.68,Rainy,High,Morning,Scooter,22,9.1,152.1
4522,14.85,Foggy,Medium,Evening,Scooter,21,5.5,98.4
4523,22.38,Foggy,High,Night,Car,12,8.1,165.9
4524,15.33,Clear,High,Evening,Scooter,17,5.3,96.3
4525,20.44,Clear,High,Evening,Car,27,6.3,128.0
4526,11.31,Clear,Medium,Night,Bike,33,6.3,75.9
4527,19.0,Clear,Low,Morning,Car,19,0.8,80.7
4528,22.91,Clear,Low,Morning,Bike,15,4.7,81.1
4529,14.73,Foggy,Low,Night,Bike,20,8.7,81.5
4530,5.34,Clear,High,Evening,Bike,22,5.1,56.3
4531,7.45,Clear,Medium,Evening,Car,16,4.6,47.9
4532,5.77,Stormy,High,Morning,Bike,27,5.5,100.6
4533,6.92,Clear,Medium,Morning,Car,16,4.1,48.9
4534,8.35,Clear,Medium,Morning,Bike,10,5.4,42.0
4535,14.32,Rainy,Low,Afternoon,Bike,28,1.8,78.5
4536,15.11,Clear,Low,Morning,Bike,10,9.7,51.0
4537,11.24,Rainy,Medium,Evening,Bike,8,0.8,59.5
4538,15.77,Clear,Medium,Morning,Scooter,33,5.1,88.9
4539,2.96,Foggy,Low,Evening,Scooter,34,2.5,55.1
4540,3.11,Clear,High,Evening,Bike,28,1.1,46.9
4541,5.12,Clear,Medium,Evening,Bike,5,6.7,18.8
4542,13.43,Rainy,High,Morning,Bike,30,9.9,119.4
4543,6.14,Clear,Low,Morning,Car,21,7.6,38.2
4544,7.8,Clear,Medium,Night,Bike,8,2.9,32.0
4545,10.61,Clear,Low,Morning,Bike,21,5.2,51.0
4546,20.48,Clear,High,Morning,Bike,9,1.0,121.6
4547,1.33,Clear,Medium,Morning,Scooter,31,5.6,35.4
4548,16.59,Rainy,Medium,Afternoon,Bike,29,1.4,117.8
4549,17.05,Rainy,High,Morning,Bike,34,8.0,140.0
4550,20.17,Rainy,Low,Afternoon,Scooter,13,1.0,93.3
4551,23.39,Clear,Low,Evening,Car,29,0.6,107.2
4552,1.48,Clear,High,Evening,Scooter,10,8.7,28.1
4553,4.69,Rainy,Medium,Evening,Bike,16,9.5,39.5
4554,22.27,Foggy,Low,Evening,Bike,21,1.3,118.8
4555,12.0,Clear,Medium,Afternoon,Car,30,3.1,72.8
4556,14.55,Clear,Low,Afternoon,Bike,25,7.5,62.2
4557,16.91,Clear,Low,Evening,Bike,14,5.6,62.6
4558,17.3,Clear,Medium,Morning,Bike,6,9.5,71.6
4559,23.36,Rainy,High,Evening,Car,32,4.2,192.8
4560,24.93,Clear,Medium,Evening,Scooter,5,0.5,115.6
4561,18.28,Rainy,Medium,Afternoon,Scooter,17,0.7,113.3
4562,7.89,Clear,High,Evening,Bike,25,5.9,78.0
4563,22.11,Clear,Medium,Afternoon,Bike,25,7.6,110.8
4564,2.18,Foggy,Medium,Night,Bike,5,8.0,13.1
4565,6.55,Clear,High,Afternoon,Bike,17,9.2,55.4
4566,22.54,Clear,Low,Evening,Car,33,2.7,95.2
4567,7.15,Stormy,Medium,Morning,Bike,27,7.5,78.5
4568,6.3,Foggy,High,Afternoon,Bike,7,8.4,46.3
4569,4.32,Rainy,High,Afternoon,Car,15,8.4,52.2
4570,21.62,Clear,Low,Afternoon,Bike,33,4.4,94.4
4571,13.0,Clear,Low,Evening,Scooter,26,6.4,56.8
4572,17.2,Foggy,Low,Evening,Scooter,20,5.7,91.4
4573,6.74,Clear,Medium,Afternoon,Car,22,6.2,49.4
4574,19.19,Foggy,Medium,Morning,Scooter,34,3.2,153.9
4575,19.24,Clear,Medium,Evening,Scooter,29,7.0,93.8
4576,8.5,Clear,High,Morning,Bike,6,7.2,55.6
4577,10.86,Stormy,Medium,Night,Bike,22,2.4,96.9
4578,6.03,Clear,High,Morning,Car,21,4.7,60.9
4579,24.44,Clear,Low,Evening,Bike,5,4.5,89.3
4580,16.49,Clear,Low,Afternoon,Scooter,32,7.6,79.9
4581,23.43,Clear,Medium,Night,Bike,8,6.8,102.1
4582,8.28,Clear,Low,Morning,Bike,27,5.0,41.5
4583,19.77,Clear,Medium,Afternoon,Bike,24,6.7,103.1
4584,19.38,Clear,High,Night,Bike,25,3.0,128.9
4585,17.6,Rainy,Low,Morning,Car,10,2.7,75.4
4586,24.18,Clear,Medium,Afternoon,Car,25,2.8,123.0
4587,10.45,Stormy,Medium,Night,Bike,9,0.8,84.7
4588,4.14,Clear,Low,Evening,Scooter,34,7.1,38.5
4589,17.12,Rainy,Medium,Morning,Bike,24,9.9,97.6
4590,18.5,Clear,High,Morning,Scooter,34,3.4,141.3
4591,14.8,Rainy,Medium,Night,Scooter,13,9.3,73.4
4592,5.96,Stormy,Medium,Morning,Bike,25,6.3,74.2
4593,13.11,Foggy,High,Afternoon,Bike,29,2.6,136.7
4594,8.49,Rainy,High,Morning,Scooter,34,0.6,113.4
4595,11.26,Clear,Low,Morning,Car,8,7.4,46.3
4596,16.49,Foggy,Medium,Afternoon,Scooter,29,7.1,116.6
4597,18.89,Foggy,Medium,Afternoon,Car,9,2.7,104.5
4598,6.57,Stormy,Medium,Evening,Scooter,12,3.7,54.2
4599,10.73,Clear,Medium,Afternoon,Bike,21,9.0,64.4
4600,7.46,Stormy,Low,Morning,Car,19,2.0,63.4
4601,5.77,Clear,Medium,Night,Bike,24,8.4,51.8
4602,19.8,Clear,Medium,Morning,Bike,17,2.1,104.8
4603,22.82,Clear,Medium,Evening,Scooter,19,5.1,111.0
4604,9.89,Clear,High,Night,Bike,33,5.2,90.7
4605,19.03,Rainy,High,Evening,Bike,8,5.0,123.9
4606,22.53,Foggy,Medium,Morning,Scooter,22,3.2,146.1
4607,21.31,Rainy,Medium,Afternoon,Bike,23,2.9,135.5
4608,5.39,Rainy,Medium,Night,Car,28,7.5,53.2
4609,23.95,Clear,Medium,Morning,Car,32,3.1,132.8
4610,10.04,Rainy,High,Night,Bike,12,6.3,82.9
4611,9.14,Clear,Medium,Evening,Bike,18,8.5,49.7
4612,2.5,Foggy,Low,Morning,Scooter,5,8.5,12.3
4613,12.67,Rainy,Medium,Night,Bike,6,2.1,66.9
4614,3.62,Rainy,Medium,Morning,Bike,24,6.7,47.2
4615,6.96,Clear,Medium,Morning,Scooter,31,6.2,59.5
4616,8.61,Foggy,Medium,Evening,Scooter,33,3.2,98.4
4617,20.41,Clear,Low,Evening,Bike,26,4.2,87.3
4618,22.01,Clear,Low,Evening,Scooter,7,3.2,78.2
4619,8.26,Rainy,Medium,Afternoon,Scooter,20,5.6,64.0
4620,21.61,Clear,Medium,Night,Bike,27,8.1,105.3
4621,21.57,Foggy,Low,Evening,Scooter,7,8.8,87.1
4622,19.35,Clear,High,Afternoon,Bike,28,7.4,128.6
4623,4.52,Clear,Medium,Afternoon,Bike,10,5.1,29.8
4624,17.57,Foggy,High,Night,Scooter,12,9.6,129.2
4625,23.68,Clear,Low,Night,Car,27,5.9,97.5
4626,17.38,Clear,Low,Evening,Bike,16,5.0,73.4
4627,8.96,Clear,Medium,Afternoon,Car,9,8.6,44.6
4628,13.01,Clear,Low,Night,Bike,9,2.3,52.3
4629,16.5,Rainy,High,Night,Bike,7,2.0,111.7
4630,13.25,Clear,Low,Night,Bike,8,7.9,47.8
4631,3.88,Foggy,Medium,Night,Bike,28,8.8,49.9
4632,8.49,Rainy,High,Afternoon,Bike,9,1.2,64.0
4633,20.26,Clear,Medium,Morning,Car,33,7.8,109.9
4634,21.67,Rainy,Low,Night,Bike,29,4.5,113.4
4635,4.3,Rainy,Medium,Afternoon,Bike,7,7.2,29.8
4636,23.86,Clear,Medium,Night,Scooter,14,1.8,118.0
4637,8.89,Clear,Low,Afternoon,Bike,23,9.7,42.9
4638,16.9,Clear,Medium,Evening,Scooter,28,8.9,87.1
4639,19.04,Rainy,High,Morning,Bike,12,4.4,145.6
4640,20.49,Rainy,High,Afternoon,Bike,32,9.0,162.4
4641,23.7,Clear,Low,Afternoon,Scooter,27,9.0,77.7
4642,8.51,Rainy,Low,Afternoon,Bike,10,4.9,29.9
4643,21.6,Rainy,Low,Night,Bike,27,9.5,106.0
4644,4.16,Rainy,Medium,Evening,Bike,11,9.8,20.7
4645,17.92,Rainy,Medium,Night,Bike,10,2.6,99.2
4646,18.81,Clear,High,Evening,Scooter,17,1.1,118.9
4647,17.27,Foggy,Medium,Morning,Bike,17,3.6,112.3
4648,7.06,Rainy,Low,Night,Bike,29,5.1,55.0
4649,21.95,Foggy,Medium,Afternoon,Bike,25,1.4,150.7
4650,5.05,Clear,Low,Morning,Bike,9,1.8,20.1
4651,2.29,Clear,Low,Night,Car,10,9.7,17.3
4652,18.22,Clear,Low,Evening,Car,14,7.5,79.7
4653,12.41,Clear,Low,Night,Bike,31,8.8,61.9
4654,21.38,Rainy,Medium,Night,Bike,33,9.7,125.2
4655,10.2,Clear,Medium,Afternoon,Bike,24,4.1,68.8
4656,5.04,Foggy,Low,Afternoon,Bike,30,7.0,57.2
4657,21.07,Rainy,High,Morning,Bike,14,2.2,163.0
4658,14.17,Rainy,Medium,Afternoon,Bike,29,5.7,92.1
4659,5.54,Clear,Low,Night,Scooter,32,2.5,45.9
4660,18.29,Stormy,Low,Night,Bike,20,2.0,121.9
4661,13.27,Foggy,Medium,Evening,Car,22,1.4,102.2
4662,15.5,Rainy,High,Night,Bike,31,6.0,136.2
4663,12.06,Clear,Medium,Morning,Scooter,32,9.5,76.4
4664,20.89,Clear,High,Morning,Car,7,1.7,121.0
4665,20.91,Clear,Medium,Afternoon,Bike,29,5.3,118.0
4666,18.03,Clear,Medium,Evening,Car,5,7.0,75.1
4667,3.53,Clear,Medium,Night,Bike,25,5.2,36.2
4668,21.13,Rainy,Medium,Afternoon,Car,7,9.2,105.7
4669,17.1,Rainy,Medium,Night,Car,34,2.1,128.2
4670,17.73,Clear,High,Morning,Bike,23,0.7,130.4
4671,9.71,Clear,Low,Morning,Scooter,5,4.1,35.0
4672,22.1,Foggy,Medium,Evening,Bike,12,5.8,135.7
4673,18.41,Clear,Medium,Night,Bike,34,2.9,114.5
4674,3.7,Rainy,Medium,Night,Bike,23,2.1,45.5
4675,10.79,Clear,Low,Morning,Bike,8,8.1,42.9
4676,22.27,Clear,Medium,Evening,Scooter,20,2.3,112.1
4677,2.13,Clear,Medium,Afternoon,Bike,9,4.7,19.9
4678,24.07,Rainy,Medium,Evening,Scooter,9,9.6,121.5
4679,17.3,Clear,High,Afternoon,Bike,32,6.3,126.1
4680,16.15,Foggy,Medium,Afternoon,Car,6,5.2,87.8
4681,7.49,Clear,Medium,Morning,Bike,27,3.9,50.3
4682,6.97,Clear,High,Afternoon,Bike,10,5.4,49.1
4683,23.61,Rainy,High,Night,Scooter,34,7.5,183.5
4684,8.16,Clear,Low,Morning,Car,31,8.3,52.0
4685,19.61,Rainy,Low,Evening,Scooter,11,6.7,76.0
4686,10.43,Clear,Medium,Evening,Bike,19,8.0,63.5
4687,4.34,Clear,Medium,Afternoon,Bike,14,1.3,32.6
4688,1.26,Rainy,High,Night,Bike,14,0.6,25.4
4689,14.06,Stormy,High,Evening,Bike,23,7.5,151.4
4690,24.42,Clear,High,Afternoon,Bike,28,3.0,163.8
4691,9.86,Foggy,Low,Evening,Bike,20,8.8,59.4
4692,9.57,Clear,Medium,Night,Bike,26,5.6,56.0
4693,9.26,Foggy,Low,Afternoon,Scooter,27,5.0,60.2
4694,13.49,Rainy,Low,Night,Scooter,13,7.8,59.4
4695,11.58,Clear,Medium,Afternoon,Bike,28,7.5,69.7
4696,22.12,Clear,Low,Night,Bike,12,7.2,81.2
4697,13.13,Clear,Medium,Evening,Bike,23,7.1,73.2
4698,13.19,Clear,Medium,Evening,Bike,5,5.4,55.7
4699,4.32,Clear,High,Night,Scooter,32,9.3,57.2
4700,24.59,Rainy,Low,Evening,Scooter,21,9.0,107.6
4701,7.0,Stormy,High,Evening,Scooter,30,3.6,116.2
4702,2.76,Clear,High,Afternoon,Bike,22,8.1,38.9
4703,16.92,Clear,High,Night,Car,28,9.0,102.2
4704,15.29,Rainy,High,Afternoon,Bike,30,6.4,139.2
4705,10.96,Foggy,Medium,Evening,Car,19,5.8,82.2
4706,11.13,Clear,Medium,Evening,Bike,10,6.9,60.1
4707,19.84,Clear,Medium,Morning,Bike,26,2.0,105.4
4708,5.7,Clear,Medium,Night,Bike,21,1.3,47.9
4709,20.69,Clear,Medium,Night,Bike,22,8.3,89.0
4710,16.57,Clear,High,Afternoon,Bike,25,5.9,104.9
4711,11.06,Clear,Medium,Night,Car,23,1.7,68.4
4712,11.99,Clear,Low,Afternoon,Bike,6,4.5,40.7
4713,7.16,Rainy,Medium,Evening,Scooter,34,3.3,79.7
4714,19.05,Clear,Low,Morning,Car,29,8.8,83.9
4715,13.31,Clear,Medium,Evening,Scooter,30,5.3,87.6
4716,8.7,Clear,Low,Afternoon,Bike,11,6.0,38.7
4717,15.31,Foggy,Medium,Afternoon,Car,21,2.7,112.9
4718,24.9,Foggy,High,Morning,Bike,19,8.1,180.6
4719,11.45,Clear,Medium,Evening,Bike,20,9.3,67.3
4720,23.1,Clear,Low,Night,Scooter,31,8.0,99.2
4721,9.28,Rainy,Medium,Morning,Bike,21,5.2,61.3
4722,2.31,Clear,Low,Night,Scooter,7,8.4,14.3
4723,5.9,Clear,Medium,Evening,Bike,14,2.3,35.7
4724,11.05,Clear,Medium,Morning,Bike,10,1.6,66.2
4725,6.27,Foggy,High,Evening,Bike,33,4.7,88.6
4726,1.01,Foggy,Low,Evening,Car,6,2.2,10.9
4727,22.96,Rainy,Medium,Night,Car,15,3.0,133.2
4728,21.25,Clear,High,Night,Bike,12,6.1,121.8
4729,18.82,Foggy,High,Night,Bike,18,4.3,166.9
4730,5.03,Foggy,Low,Evening,Bike,16,8.7,42.8
4731,3.89,Stormy,Medium,Afternoon,Bike,24,2.6,54.9
4732,2.62,Clear,Low,Evening,Car,28,10.0,29.3
4733,18.38,Clear,Medium,Afternoon,Car,32,3.9,105.8
4734,23.29,Rainy,Low,Morning,Scooter,11,5.4,103.8
4735,11.33,Clear,High,Night,Bike,22,1.8,90.2
4736,3.86,Clear,Low,Night,Bike,29,6.0,29.3
4737,13.3,Clear,Medium,Evening,Bike,9,9.6,52.3
4738,9.37,Foggy,Medium,Afternoon,Bike,10,7.6,56.7
4739,10.0,Foggy,High,Morning,Bike,17,2.8,96.2
4740,15.91,Clear,Medium,Evening,Scooter,34,4.7,97.3
4741,18.25,Foggy,Low,Morning,Bike,6,4.5,80.4
4742,3.65,Rainy,Low,Afternoon,Bike,23,1.4,45.2
4743,1.85,Foggy,Low,Night,Bike,30,8.9,37.0
4744,24.86,Clear,High,Night,Car,32,4.1,173.5
4745,6.59,Clear,Medium,Afternoon,Scooter,12,5.2,37.0
4746,2.29,Clear,Medium,Night,Bike,15,3.3,18.6
4747,5.56,Clear,Low,Evening,Car,25,1.9,42.8
4748,1.93,Rainy,High,Afternoon,Bike,20,9.1,32.8
4749,10.4,Clear,Medium,Night,Bike,30,0.9,64.4
4750,20.26,Stormy,High,Afternoon,Bike,5,4.3,182.2
4751,9.19,Clear,Medium,Morning,Bike,29,7.4,57.7
4752,11.66,Clear,Medium,Evening,Bike,33,3.4,78.1
4753,17.21,Clear,Medium,Evening,Scooter,31,4.7,102.3
4754,13.21,Clear,Low,Evening,Bike,20,5.9,52.1
4755,21.67,Clear,Medium,Night,Bike,16,10.0,86.2
4756,21.78,Rainy,Medium,Morning,Bike,21,7.7,129.5
4757,1.24,Clear,Low,Night,Scooter,13,9.7,12.3
4758,19.67,Rainy,Low,Night,Scooter,30,7.1,105.8
4759,12.06,Rainy,Low,Afternoon,Bike,10,3.1,60.6
4760,24.73,Clear,High,Evening,Bike,11,3.2,148.5
4761,12.6,Rainy,Low,Night,Bike,17,8.3,61.4
4762,24.69,Foggy,Medium,Evening,Bike,21,4.6,157.0
4763,19.11,Clear,Low,Morning,Bike,14,4.0,79.1
4764,6.97,Clear,Medium,Morning,Bike,15,9.5,43.1
4765,13.92,Foggy,Medium,Evening,Scooter,18,0.6,98.7
4766,24.81,Clear,High,Evening,Bike,21,5.5,154.6
4767,21.58,Clear,Low,Morning,Scooter,20,7.9,77.6
4768,3.34,Stormy,Medium,Morning,Scooter,9,7.5,32.0
4769,17.95,Clear,Medium,Night,Bike,22,4.0,97.3
4770,9.29,Clear,High,Morning,Scooter,15,5.6,62.1
4771,1.17,Foggy,Low,Night,Bike,14,0.6,20.4
4772,10.68,Foggy,Low,Morning,Scooter,32,5.6,76.9
4773,6.63,Clear,Medium,Night,Bike,25,6.1,47.4
4774,20.65,Clear,Low,Afternoon,Bike,25,8.8,83.7
4775,9.1,Foggy,Low,Afternoon,Bike,26,2.5,63.7
4776,20.86,Rainy,Medium,Night,Bike,29,8.3,131.1
4777,1.01,Clear,Medium,Evening,Bike,10,7.3,13.5
4778,8.39,Clear,Medium,Afternoon,Bike,14,6.8,46.4
4779,6.79,Clear,Medium,Morning,Bike,15,4.2,37.4
4780,6.61,Foggy,Medium,Evening,Car,5,4.0,40.3
4781,2.64,Foggy,Medium,Morning,Bike,9,7.2,24.8
4782,5.49,Stormy,Medium,Afternoon,Bike,6,9.9,46.0
4783,14.33,Foggy,Medium,Morning,Bike,15,4.4,92.7
4784,7.99,Rainy,Low,Night,Bike,18,9.2,48.9
4785,11.02,Clear,Low,Evening,Scooter,28,6.1,51.6
4786,10.04,Rainy,Medium,Afternoon,Bike,17,8.7,65.2
4787,22.02,Rainy,Medium,Evening,Scooter,27,2.6,139.7
4788,22.73,Clear,High,Night,Bike,15,7.7,137.3
4789,12.83,Clear,Medium,Afternoon,Bike,10,8.4,64.6
4790,8.92,Foggy,Low,Morning,Scooter,6,8.4,42.4
4791,3.56,Clear,Low,Evening,Bike,23,8.0,24.5
4792,23.88,Clear,Low,Afternoon,Bike,29,3.4,93.7
4793,2.45,Rainy,Medium,Afternoon,Bike,13,5.5,28.0
4794,8.14,Rainy,Medium,Night,Bike,27,3.3,72.5
4795,8.15,Clear,Medium,Afternoon,Bike,22,3.8,58.7
4796,8.69,Foggy,Medium,Afternoon,Bike,18,3.4,61.8
4797,4.94,Clear,High,Night,Bike,17,3.2,47.8
4798,19.8,Clear,High,Morning,Scooter,32,7.1,137.8
4799,3.94,Clear,Medium,Morning,Car,16,6.7,25.4
4800,16.24,Rainy,High,Afternoon,Scooter,16,2.4,129.5
4801,3.97,Stormy,Medium,Morning,Scooter,17,7.1,45.5
4802,2.69,Foggy,High,Night,Scooter,11,3.3,31.9
4803,22.83,Foggy,High,Morning,Car,20,2.4,189.6
4804,5.56,Clear,High,Afternoon,Bike,21,7.6,50.1
4805,20.71,Clear,Medium,Night,Bike,13,3.9,103.7
4806,14.07,Rainy,High,Morning,Bike,18,5.9,109.8
4807,2.87,Clear,Medium,Evening,Bike,34,2.4,40.7
4808,23.93,Foggy,Low,Evening,Bike,13,6.3,114.9
4809,6.93,Rainy,Medium,Night,Bike,10,2.5,51.7
4810,21.63,Stormy,High,Morning,Bike,30,2.1,251.3
4811,5.05,Clear,Low,Afternoon,Car,34,4.2,48.9
4812,21.49,Clear,Medium,Evening,Car,5,8.0,88.1
4813,1.32,Clear,Medium,Morning,Scooter,28,2.2,33.4
4814,13.28,Clear,Medium,Morning,Bike,26,1.6,78.6
4815,19.47,Rainy,High,Afternoon,Car,29,0.8,180.3
4816,23.44,Clear,High,Afternoon,Car,29,4.5,156.6
4817,22.82,Clear,Medium,Morning,Car,27,3.2,119.2
4818,20.67,Clear,Low,Afternoon,Scooter,24,3.3,85.0
4819,22.32,Clear,Medium,Night,Bike,31,9.8,112.9
4820,5.78,Clear,Medium,Evening,Bike,5,2.3,29.7
4821,7.82,Clear,Medium,Evening,Car,23,4.9,54.0
4822,7.94,Clear,Low,Morning,Bike,26,9.9,39.8
4823,10.05,Clear,Medium,Morning,Bike,19,0.8,61.2
4824,10.44,Clear,Medium,Afternoon,Bike,21,7.1,58.8
4825,14.07,Clear,Medium,Evening,Bike,24,4.0,87.5
4826,4.84,Clear,Medium,Afternoon,Car,28,9.1,33.5
4827,17.59,Clear,Medium,Morning,Bike,32,9.2,96.2
4828,5.02,Rainy,Low,Morning,Bike,12,4.2,36.0
4829,8.45,Rainy,High,Morning,Car,26,2.6,83.8
4830,13.08,Foggy,Medium,Morning,Bike,34,4.6,110.1
4831,20.11,Clear,Low,Morning,Car,26,9.7,82.8
4832,18.75,Clear,Medium,Morning,Bike,7,3.2,81.0
4833,16.49,Foggy,High,Night,Scooter,27,9.8,142.1
4834,4.74,Clear,High,Night,Bike,16,8.3,36.5
4835,14.13,Rainy,Medium,Afternoon,Bike,28,3.0,103.1
4836,3.1,Clear,Low,Night,Bike,19,8.0,29.3
4837,10.06,Clear,Medium,Afternoon,Car,22,1.0,73.5
4838,10.92,Rainy,High,Afternoon,Bike,17,5.7,92.3
4839,1.96,Clear,Medium,Night,Bike,9,3.9,10.2
4840,7.58,Clear,High,Evening,Car,26,4.6,69.0
4841,23.94,Clear,Low,Afternoon,Bike,21,5.0,84.0
4842,23.89,Clear,Low,Morning,Scooter,32,5.3,99.1
4843,9.46,Clear,High,Afternoon,Scooter,25,6.7,81.3
4844,2.03,Rainy,Medium,Afternoon,Bike,7,7.1,10.2
4845,5.3,Rainy,Low,Evening,Bike,23,9.8,36.8
4846,10.41,Rainy,Medium,Morning,Car,10,7.7,54.9
4847,23.75,Clear,High,Evening,Bike,31,7.0,163.5
4848,4.39,Stormy,Low,Evening,Bike,21,4.2,50.2
4849,19.32,Rainy,Low,Evening,Scooter,9,1.6,91.9
4850,3.61,Clear,Low,Afternoon,Bike,25,1.1,33.6
4851,24.55,Foggy,High,Morning,Scooter,9,5.0,183.0
4852,10.16,Rainy,High,Morning,Bike,23,6.8,98.4
4853,19.61,Rainy,Medium,Evening,Car,26,6.7,120.9
4854,9.22,Clear,Medium,Night,Bike,15,9.6,44.7
4855,16.06,Clear,Medium,Morning,Bike,5,4.1,66.0
4856,5.61,Foggy,Low,Morning,Scooter,34,6.5,63.7
4857,4.5,Clear,High,Evening,Bike,30,8.9,59.2
4858,23.51,Rainy,Low,Afternoon,Bike,17,4.3,96.5
4859,23.02,Rainy,Medium,Evening,Scooter,21,5.0,133.9
4860,22.3,Foggy,Medium,Night,Scooter,15,9.3,128.0
4861,16.01,Clear,Low,Night,Bike,22,5.7,75.7
4862,20.4,Rainy,Medium,Evening,Bike,8,8.1,97.0
4863,2.66,Clear,Medium,Night,Scooter,30,9.4,37.9
4864,9.03,Rainy,Medium,Afternoon,Bike,29,5.9,72.9
4865,8.53,Rainy,Low,Afternoon,Car,14,1.5,42.2
4866,16.26,Clear,Low,Afternoon,Bike,28,8.3,76.2
4867,9.54,Rainy,Medium,Night,Scooter,31,8.3,71.6
4868,4.56,Clear,High,Afternoon,Bike,30,1.6,67.3
4869,15.32,Clear,Low,Evening,Bike,15,5.7,52.0
4870,20.55,Clear,High,Afternoon,Bike,22,5.1,129.8
4871,10.17,Clear,Medium,Night,Bike,5,8.5,46.0
4872,4.17,Clear,High,Morning,Bike,8,3.1,35.6
4873,5.72,Clear,Low,Night,Bike,9,4.5,27.6
4874,6.7,Rainy,Medium,Evening,Car,6,6.2,43.4
4875,8.2,Rainy,Low,Evening,Bike,32,5.4,58.4
4876,16.43,Rainy,Medium,Night,Car,30,9.6,111.6
4877,15.42,Clear,High,Afternoon,Bike,26,9.6,104.2
4878,17.71,Foggy,Low,Afternoon,Scooter,28,1.3,111.2
4879,9.7,Rainy,Medium,Morning,Car,16,3.3,68.5
4880,20.78,Clear,Low,Afternoon,Car,15,0.6,86.4
4881,5.9,Foggy,Medium,Evening,Bike,32,4.5,65.1
4882,12.26,Clear,Low,Afternoon,Scooter,25,6.8,51.8
4883,20.22,Rainy,Low,Night,Bike,20,5.0,93.6
4884,5.32,Clear,Medium,Night,Bike,8,1.1,33.3
4885,3.64,Clear,High,Morning,Scooter,11,2.4,30.3
4886,22.21,Foggy,Low,Evening,Bike,33,2.1,129.6
4887,9.23,Clear,Low,Night,Bike,25,5.4,47.7
4888,17.41,Clear,Low,Evening,Bike,32,6.9,84.7
4889,1.61,Foggy,High,Afternoon,Bike,28,3.5,58.3
4890,17.56,Foggy,Medium,Morning,Bike,27,1.7,124.2
4891,8.59,Rainy,Medium,Morning,Car,25,8.1,66.8
4892,2.34,Clear,Medium,Afternoon,Bike,17,8.7,22.2
4893,15.64,Clear,Low,Night,Scooter,18,3.1,64.8
4894,6.78,Rainy,Medium,Evening,Scooter,15,4.5,50.0
4895,10.28,Clear,Low,Evening,Bike,12,1.3,50.3
4896,2.93,Clear,Medium,Evening,Scooter,5,2.7,13.0
4897,4.53,Clear,Medium,Night,Scooter,12,7.8,29.1
4898,8.15,Clear,Medium,Afternoon,Bike,23,4.0,56.6
4899,3.15,Clear,Low,Evening,Bike,21,6.2,24.1
4900,22.86,Clear,Low,Night,Car,13,9.5,74.3
4901,1.15,Clear,High,Evening,Car,31,7.4,37.2
4902,12.61,Clear,Medium,Night,Scooter,17,4.8,64.9
4903,3.96,Clear,Low,Afternoon,Bike,26,4.0,36.3
4904,8.38,Clear,Low,Evening,Bike,19,2.3,41.2
4905,23.23,Rainy,High,Afternoon,Bike,31,7.7,179.7
4906,4.88,Foggy,High,Morning,Scooter,17,1.6,56.5
4907,24.18,Clear,High,Night,Scooter,31,1.1,169.8
4908,5.94,Clear,Low,Morning,Bike,12,1.5,30.9
4909,18.8,Clear,Medium,Afternoon,Scooter,31,2.8,100.2
4910,14.12,Clear,Low,Afternoon,Bike,34,6.5,74.4
4911,22.23,Clear,Medium,Afternoon,Scooter,30,8.7,107.7
4912,14.3,Clear,Low,Evening,Bike,16,9.9,62.3
4913,13.83,Rainy,Low,Evening,Scooter,15,7.4,66.5
4914,5.69,Rainy,Low,Afternoon,Bike,24,1.9,36.4
4915,4.99,Clear,Medium,Afternoon,Bike,17,3.1,38.4
4916,23.0,Clear,Medium,Evening,Bike,20,1.8,115.8
4917,8.87,Rainy,Medium,Evening,Car,6,1.6,53.9
4918,9.93,Clear,High,Night,Scooter,10,5.9,70.4
4919,19.24,Rainy,Medium,Afternoon,Bike,20,9.1,111.5
4920,9.13,Clear,Medium,Evening,Scooter,22,7.0,54.3
4921,23.85,Rainy,High,Evening,Scooter,21,8.1,162.2
4922,18.71,Foggy,Medium,Morning,Scooter,19,5.3,125.1
4923,15.34,Foggy,Low,Afternoon,Bike,11,5.0,77.7
4924,22.14,Clear,High,Afternoon,Bike,18,9.4,132.1
4925,2.19,Clear,Low,Evening,Bike,11,7.4,13.9
4926,7.17,Clear,Medium,Morning,Bike,10,4.9,39.8
4927,12.16,Foggy,Medium,Night,Scooter,16,3.7,83.7
4928,6.45,Clear,Medium,Afternoon,Bike,6,1.4,33.9
4929,18.85,Clear,Medium,Night,Bike,25,8.3,86.5
4930,23.06,Clear,Low,Afternoon,Bike,5,2.1,83.6
4931,11.17,Clear,Medium,Evening,Bike,22,5.4,67.0
4932,9.21,Clear,High,Night,Car,33,6.6,82.0
4933,24.08,Rainy,Low,Afternoon,Car,32,7.6,119.9
4934,11.68,Clear,Medium,Night,Bike,9,1.3,63.3
4935,12.74,Clear,Low,Evening,Scooter,25,0.6,71.0
4936,9.44,Foggy,High,Morning,Bike,11,7.2,72.5
4937,22.83,Rainy,Medium,Morning,Scooter,19,4.8,135.7
4938,14.65,Foggy,High,Night,Bike,25,2.2,150.0
4939,19.29,Clear,Low,Night,Bike,31,9.8,77.0
4940,20.48,Rainy,Low,Night,Car,10,8.0,91.1
4941,9.2,Clear,Low,Afternoon,Car,6,6.0,30.0
4942,11.41,Clear,Low,Evening,Bike,25,7.2,53.8
4943,21.36,Clear,Medium,Night,Car,28,2.0,109.2
4944,9.72,Clear,High,Morning,Scooter,21,9.6,60.3
4945,20.05,Clear,Medium,Afternoon,Bike,31,10.0,93.1
4946,23.58,Stormy,High,Night,Bike,17,6.7,228.5
4947,15.96,Clear,Low,Afternoon,Bike,17,6.8,58.5
4948,18.8,Clear,High,Night,Scooter,18,7.2,110.6
4949,20.32,Clear,Low,Night,Car,30,6.8,87.5
4950,21.28,Clear,High,Afternoon,Bike,27,4.7,139.2
4951,10.48,Rainy,Low,Evening,Scooter,12,5.6,56.9
4952,2.23,Clear,High,Evening,Scooter,19,3.2,44.4
4953,10.65,Rainy,Low,Morning,Bike,15,4.7,43.9
4954,17.17,Clear,Medium,Evening,Bike,17,4.6,88.4
4955,11.81,Rainy,Medium,Evening,Bike,25,3.2,77.3
4956,18.98,Rainy,Medium,Afternoon,Bike,24,8.0,106.2
4957,9.57,Foggy,Medium,Afternoon,Car,5,4.4,59.3
4958,16.23,Foggy,High,Morning,Bike,29,5.7,147.5
4959,5.47,Rainy,Medium,Night,Bike,6,2.0,36.1
4960,18.98,Clear,Medium,Afternoon,Scooter,15,5.0,90.8
4961,14.1,Clear,Low,Afternoon,Bike,18,7.7,48.1
4962,5.9,Rainy,Medium,Afternoon,Bike,34,4.7,70.0
4963,8.01,Foggy,Medium,Evening,Bike,9,5.8,53.8
4964,18.97,Clear,High,Afternoon,Bike,11,7.2,107.5
4965,12.58,Clear,Medium,Morning,Scooter,28,4.2,74.6
4966,6.18,Rainy,Medium,Morning,Bike,20,3.9,55.1
4967,24.21,Clear,Low,Afternoon,Scooter,34,1.3,103.3
4968,18.16,Clear,Low,Night,Bike,15,6.0,63.7
4969,23.97,Clear,Medium,Afternoon,Bike,30,7.2,121.9
4970,11.25,Rainy,Medium,Morning,Bike,19,6.0,79.6
4971,12.4,Stormy,Low,Night,Car,8,3.2,73.5
4972,22.55,Clear,Low,Evening,Bike,14,3.0,88.4
4973,13.6,Clear,High,Afternoon,Bike,5,2.0,81.1
4974,17.97,Clear,Low,Morning,Scooter,11,0.9,72.8
4975,7.05,Clear,High,Evening,Bike,16,4.6,52.4
4976,11.72,Rainy,Low,Morning,Bike,33,2.0,77.7
4977,3.96,Clear,Low,Evening,Bike,30,7.1,33.6
4978,5.94,Clear,Medium,Morning,Scooter,15,9.6,42.6
4979,1.02,Rainy,Medium,Morning,Car,15,1.2,17.4
4980,1.94,Rainy,Medium,Evening,Bike,29,9.0,31.9
4981,24.45,Clear,Medium,Afternoon,Bike,21,6.7,130.1
4982,6.82,Clear,Low,Morning,Bike,34,8.7,46.0
4983,16.92,Stormy,Medium,Night,Scooter,5,2.0,125.4
4984,21.14,Clear,Medium,Afternoon,Bike,19,9.1,99.5
4985,14.22,Rainy,Medium,Night,Bike,27,9.6,95.5
4986,4.68,Clear,High,Morning,Scooter,29,9.1,59.2
4987,18.47,Rainy,Medium,Evening,Bike,25,8.0,115.6
4988,15.41,Rainy,Medium,Afternoon,Bike,24,1.4,113.0
4989,18.55,Rainy,High,Evening,Car,26,2.6,159.0
4990,19.47,Foggy,High,Evening,Car,29,9.2,169.1
4991,24.41,Foggy,Medium,Night,Bike,22,2.7,170.1
4992,14.77,Rainy,Low,Night,Bike,25,3.8,82.1
4993,9.2,Clear,High,Afternoon,Bike,8,1.0,63.2
4994,16.56,Clear,Low,Afternoon,Bike,33,6.5,73.2
4995,2.64,Rainy,Low,Afternoon,Car,23,5.9,29.4
4996,22.54,Rainy,Medium,Night,Scooter,9,9.6,112.3
4997,3.87,Clear,Medium,Night,Scooter,18,9.0,28.3
4998,8.87,Clear,High,Evening,Bike,27,5.3,78.0
4999,20.58,Rainy,Medium,Evening,Bike,17,6.3,118.0
5000,15.34,Clear,High,Evening,Bike,31,4.4,124.9
5001,10.45,Clear,Low,Afternoon,Bike,23,1.8,49.2
5002,12.36,Rainy,Low,Morning,Bike,23,8.7,66.4
5003,21.51,Rainy,Medium,Night,Bike,20,5.7,122.2
5004,9.16,Clear,High,Afternoon,Bike,34,4.5,92.2
5005,21.87,Clear,Medium,Night,Bike,26,1.2,123.7
5006,3.12,Clear,Low,Morning,Bike,25,6.8,36.2
5007,19.64,Clear,Low,Night,Bike,23,4.3,79.4
5008,21.34,Rainy,Low,Night,Bike,5,2.9,91.0
5009,5.36,Clear,Medium,Night,Bike,14,8.8,36.5
5010,11.33,Clear,Low,Evening,Bike,6,2.2,46.3
5011,4.97,Clear,High,Morning,Car,19,5.4,35.5
5012,17.96,Clear,Medium,Afternoon,Bike,23,8.1,85.8
5013,13.85,Stormy,Medium,Afternoon,Scooter,8,8.6,98.4
5014,16.25,Clear,Low,Afternoon,Car,25,8.3,66.3
5015,5.72,Foggy,Low,Morning,Bike,30,9.0,53.6
5016,6.08,Foggy,Medium,Night,Bike,34,1.9,81.7
5017,2.0,Clear,High,Afternoon,Bike,34,9.4,45.9
5018,8.73,Rainy,Medium,Morning,Bike,29,0.6,82.9
5019,14.43,Clear,High,Evening,Bike,8,2.9,94.4
5020,21.59,Rainy,High,Morning,Scooter,16,1.3,171.4
5021,17.01,Clear,Low,Evening,Bike,29,9.5,67.1
5022,11.45,Foggy,Low,Morning,Car,25,4.5,71.9
5023,23.87,Clear,Medium,Evening,Scooter,33,3.5,130.4
5024,18.26,Rainy,Medium,Afternoon,Bike,23,2.1,114.9
5025,23.32,Clear,Low,Morning,Bike,27,2.0,105.5
5026,13.66,Foggy,Medium,Evening,Bike,28,6.3,100.1
5027,7.21,Clear,Medium,Night,Bike,13,0.9,43.4
5028,2.27,Rainy,High,Afternoon,Bike,29,6.1,59.7
5029,18.43,Clear,Low,Afternoon,Scooter,26,7.9,72.9
5030,3.91,Clear,Low,Evening,Bike,20,6.2,25.2
5031,8.27,Rainy,Medium,Evening,Bike,19,8.4,59.6
5032,13.78,Foggy,Medium,Morning,Scooter,13,3.0,88.9
5033,14.55,Clear,Medium,Evening,Bike,23,1.2,92.8
5034,15.41,Foggy,High,Evening,Bike,22,7.3,127.9
5035,4.99,Rainy,High,Night,Bike,25,8.4,51.4
5036,10.11,Foggy,Medium,Afternoon,Bike,11,5.3,70.3
5037,15.81,Clear,Low,Evening,Scooter,31,8.3,68.4
5038,24.28,Clear,Medium,Evening,Car,20,4.9,112.9
5039,18.46,Foggy,Medium,Night,Bike,19,2.4,126.9
5040,23.14,Clear,High,Evening,Bike,27,5.0,153.9
5041,19.29,Clear,High,Night,Bike,15,2.6,118.5
5042,15.2,Clear,Medium,Afternoon,Scooter,10,5.0,76.7
5043,5.61,Clear,Medium,Afternoon,Scooter,7,1.9,35.0
5044,17.0,Rainy,Low,Night,Bike,18,2.3,95.5
5045,15.96,Rainy,Low,Night,Bike,10,8.9,64.1
5046,15.46,Rainy,Low,Afternoon,Car,21,1.6,83.8
5047,12.75,Clear,Low,Afternoon,Bike,23,2.6,61.7
5048,13.69,Clear,Medium,Night,Scooter,22,10.0,68.0
5049,9.03,Clear,Medium,Morning,Scooter,24,6.0,59.8
5050,13.46,Clear,Medium,Afternoon,Bike,20,6.1,74.1
5051,5.74,Foggy,Medium,Afternoon,Scooter,28,8.5,62.6
5052,20.32,Rainy,Medium,Night,Bike,7,5.5,104.0
5053,5.46,Clear,Medium,Night,Car,10,2.6,31.5
5054,3.04,Foggy,Low,Night,Bike,30,4.5,39.2
5055,11.47,Clear,High,Morning,Bike,34,7.7,91.6
5056,16.8,Rainy,Low,Night,Bike,21,8.8,78.4
5057,11.51,Clear,High,Morning,Scooter,24,3.1,98.3
5058,7.64,Rainy,Medium,Night,Bike,9,3.0,58.8
5059,14.4,Clear,Medium,Night,Bike,25,3.6,89.8
5060,9.33,Clear,Low,Morning,Bike,20,6.2,41.8
5061,23.39,Clear,Low,Evening,Bike,21,3.1,96.1
5062,23.14,Clear,Medium,Afternoon,Scooter,20,9.0,94.6
5063,13.06,Clear,Medium,Night,Bike,29,9.8,72.7
5064,8.87,Clear,Low,Evening,Scooter,25,7.0,43.7
5065,18.69,Clear,Medium,Morning,Scooter,13,9.7,90.4
5066,1.88,Rainy,Low,Night,Car,11,3.2,18.9
5067,12.39,Clear,Medium,Morning,Scooter,9,8.2,55.7
5068,9.07,Rainy,High,Morning,Bike,13,6.9,72.2
5069,23.09,Clear,High,Morning,Bike,25,3.0,152.6
5070,1.29,Foggy,Medium,Evening,Car,14,3.5,26.9
5071,14.27,Foggy,Low,Morning,Car,29,5.1,84.5
5072,18.78,Clear,Low,Afternoon,Bike,25,8.0,78.2
5073,12.64,Rainy,High,Night,Car,5,8.8,87.6
5074,3.05,Clear,Low,Night,Scooter,11,6.5,18.1
5075,24.34,Foggy,High,Afternoon,Car,25,7.4,192.9
5076,13.43,Clear,Medium,Night,Scooter,9,3.0,64.3
5077,15.74,Clear,High,Afternoon,Car,10,7.5,95.6
5078,6.68,Clear,Medium,Evening,Car,10,6.2,36.3
5079,12.6,Clear,Medium,Morning,Bike,27,2.6,75.9
5080,11.3,Clear,Medium,Evening,Car,32,9.5,73.9
5081,2.8,Rainy,High,Afternoon,Bike,19,5.4,40.6
5082,3.55,Clear,High,Morning,Bike,12,8.0,29.8
5083,21.1,Clear,Medium,Evening,Scooter,5,5.5,90.4
5084,6.76,Clear,High,Morning,Scooter,14,9.4,43.9
5085,5.68,Clear,Medium,Morning,Car,31,1.8,45.4
5086,13.12,Clear,High,Evening,Bike,7,5.7,77.6
5087,19.45,Foggy,High,Night,Bike,26,0.7,172.0
5088,2.49,Clear,Medium,Afternoon,Bike,20,2.4,25.1
5089,14.84,Rainy,Medium,Evening,Bike,5,3.2,83.8
5090,3.86,Clear,Medium,Evening,Scooter,20,5.0,36.2
5091,1.88,Clear,Medium,Night,Bike,18,8.3,22.2
5092,2.27,Rainy,High,Afternoon,Bike,9,4.9,22.5
5093,21.02,Clear,Medium,Evening,Bike,20,5.8,100.1
5094,3.83,Clear,Low,Morning,Scooter,25,9.3,31.6
5095,2.08,Rainy,Medium,Afternoon,Bike,30,7.7,40.8
5096,11.51,Clear,Low,Night,Scooter,29,1.0,56.4
5097,21.26,Clear,Medium,Evening,Bike,15,2.2,100.0
5098,7.3,Rainy,High,Morning,Bike,22,0.9,79.6
5099,11.12,Rainy,Medium,Afternoon,Car,11,1.2,72.1
5100,1.96,Clear,High,Evening,Bike,29,3.7,45.9
5101,11.78,Clear,Low,Afternoon,Bike,12,7.4,39.0
5102,14.86,Clear,High,Morning,Scooter,21,2.8,112.2
5103,14.7,Clear,Medium,Morning,Scooter,34,4.2,88.4
5104,8.98,Rainy,Low,Afternoon,Scooter,18,4.2,53.7
5105,8.57,Foggy,Medium,Morning,Scooter,21,6.1,64.3
5106,3.56,Foggy,High,Morning,Bike,16,9.0,57.9
5107,9.8,Clear,Low,Afternoon,Bike,22,9.8,50.9
5108,3.39,Clear,Medium,Afternoon,Bike,5,6.2,14.1
5109,19.4,Rainy,High,Night,Car,28,5.3,160.0
5110,24.19,Clear,Low,Evening,Car,11,7.0,78.5
5111,24.28,Rainy,Medium,Night,Bike,10,6.8,123.5
5112,21.76,Rainy,Medium,Night,Bike,19,5.5,127.8
5113,15.42,Foggy,Medium,Night,Bike,22,7.5,107.4
5114,17.82,Clear,Medium,Night,Scooter,15,5.2,79.5
5115,7.84,Clear,Low,Evening,Bike,29,10.0,39.3
5116,16.14,Foggy,High,Afternoon,Scooter,33,1.0,174.5
5117,11.94,Rainy,Low,Morning,Car,21,4.7,72.0
5118,12.57,Foggy,Medium,Morning,Car,5,4.3,69.1
5119,19.19,Clear,Medium,Afternoon,Bike,6,7.8,84.2
5120,7.77,Rainy,Medium,Afternoon,Car,11,2.3,46.0
5121,8.63,Rainy,Medium,Afternoon,Scooter,14,4.6,56.3
5122,23.19,Clear,High,Morning,Bike,18,7.1,130.9
5123,2.35,Clear,High,Night,Bike,16,6.2,28.5
5124,12.66,Rainy,High,Night,Scooter,21,5.7,116.8
5125,22.91,Clear,Medium,Night,Car,18,4.6,109.8
5126,15.65,Clear,High,Evening,Bike,23,7.6,102.3
5127,14.11,Rainy,High,Night,Bike,14,6.6,102.0
5128,6.99,Clear,Medium,Evening,Bike,28,8.8,49.3
5129,9.24,Foggy,Low,Morning,Car,16,7.5,48.0
5130,21.45,Clear,Low,Evening,Car,11,1.8,82.3
5131,14.42,Clear,Medium,Afternoon,Bike,12,6.4,67.7
5132,13.35,Stormy,High,Afternoon,Bike,33,0.9,182.4
5133,3.39,Foggy,Medium,Morning,Car,17,4.2,36.0
5134,1.38,Clear,Medium,Night,Scooter,32,4.4,36.4
5135,24.13,Rainy,Low,Morning,Car,10,8.6,93.0
5136,10.05,Clear,Low,Afternoon,Car,12,2.2,42.1
5137,15.48,Clear,Medium,Night,Bike,9,6.6,66.9
5138,2.91,Clear,High,Afternoon,Scooter,13,2.3,20.8
5139,17.39,Clear,Medium,Morning,Bike,30,9.5,95.3
5140,23.38,Foggy,High,Night,Scooter,15,5.5,169.9
5141,14.82,Rainy,Low,Morning,Scooter,17,7.2,61.2
5142,4.03,Stormy,Medium,Afternoon,Car,5,6.6,37.1
5143,14.96,Rainy,Medium,Night,Car,11,3.4,81.5
5144,19.39,Clear,High,Afternoon,Bike,10,9.1,94.4
5145,10.75,Rainy,Low,Night,Bike,12,6.5,57.8
5146,22.12,Stormy,Low,Evening,Bike,6,5.3,117.9
5147,16.57,Rainy,Low,Evening,Car,21,5.5,88.4
5148,22.58,Rainy,High,Afternoon,Scooter,21,9.0,154.6
5149,15.96,Foggy,Low,Morning,Car,34,1.1,98.0
5150,4.15,Clear,Low,Evening,Scooter,22,4.2,28.5
5151,8.43,Rainy,Medium,Evening,Bike,25,8.5,58.7
5152,5.84,Foggy,Medium,Night,Bike,11,0.9,48.9
5153,22.81,Stormy,High,Night,Bike,19,6.6,222.6
5154,19.25,Clear,High,Night,Scooter,17,4.3,125.9
5155,17.23,Clear,Medium,Afternoon,Car,29,2.4,99.1
5156,8.22,Rainy,High,Morning,Bike,24,6.3,90.3
5157,5.42,Clear,Medium,Morning,Car,33,8.4,44.9
5158,19.15,Rainy,Low,Night,Bike,29,4.9,101.0
5159,12.38,Clear,High,Afternoon,Bike,18,1.9,89.0
5160,6.42,Clear,Medium,Night,Bike,31,3.4,65.9
5161,15.8,Clear,Medium,Morning,Bike,19,9.8,81.2
5162,1.97,Clear,Medium,Afternoon,Car,7,1.6,15.4
5163,8.83,Clear,Medium,Night,Bike,32,2.0,69.5
5164,12.25,Clear,Low,Night,Bike,10,9.9,51.0
5165,4.55,Clear,Medium,Morning,Scooter,13,8.9,24.8
5166,24.63,Clear,High,Afternoon,Car,31,7.2,148.3
5167,6.02,Clear,Medium,Morning,Scooter,18,1.9,38.2
5168,4.13,Clear,Low,Afternoon,Bike,33,2.8,37.1
5169,5.88,Rainy,High,Afternoon,Bike,20,2.2,74.7
5170,19.46,Rainy,Low,Night,Bike,21,6.5,97.1
5171,11.21,Clear,Medium,Morning,Bike,16,4.3,60.6
5172,14.57,Clear,Low,Afternoon,Car,8,1.0,58.9
5173,1.5,Rainy,Low,Evening,Bike,9,3.3,10.7
5174,1.83,Clear,Medium,Night,Bike,15,8.7,30.4
5175,11.7,Stormy,Medium,Morning,Scooter,26,8.1,114.6
5176,20.6,Rainy,High,Afternoon,Car,15,6.6,145.8
5177,22.25,Clear,High,Night,Bike,12,1.3,136.9
5178,3.08,Clear,High,Morning,Bike,32,8.9,53.9
5179,13.92,Clear,Medium,Morning,Bike,22,5.6,75.7
5180,22.92,Clear,Medium,Night,Bike,10,5.2,92.6
5181,10.31,Clear,High,Afternoon,Bike,11,9.4,69.4
5182,20.91,Clear,Medium,Night,Bike,10,0.6,106.4
5183,4.21,Rainy,High,Evening,Bike,18,5.8,52.9
5184,23.45,Clear,Medium,Night,Bike,24,8.0,109.3
5185,19.03,Clear,Medium,Morning,Bike,10,1.1,91.8
5186,23.59,Rainy,Medium,Evening,Car,8,3.9,112.4
5187,17.24,Clear,Medium,Evening,Bike,29,9.8,83.5
5188,9.72,Clear,Medium,Afternoon,Car,17,2.5,66.1
5189,23.52,Clear,Medium,Night,Bike,21,5.5,116.3
5190,7.61,Rainy,Medium,Afternoon,Scooter,16,7.6,42.7
5191,8.97,Stormy,High,Night,Bike,13,4.2,96.1
5192,17.82,Clear,High,Morning,Bike,31,4.4,120.6
5193,19.37,Clear,Low,Afternoon,Scooter,24,1.1,81.7
5194,23.31,Clear,Low,Morning,Scooter,7,2.3,83.4
5195,5.92,Clear,Medium,Morning,Car,15,8.9,43.4
5196,20.15,Clear,Medium,Evening,Scooter,9,8.3,89.0
5197,18.73,Foggy,Low,Afternoon,Bike,7,3.4,86.3
5198,2.53,Foggy,Medium,Night,Bike,21,4.1,37.9
5199,10.29,Clear,High,Afternoon,Bike,28,4.7,82.9
5200,7.79,Clear,High,Morning,Bike,13,3.8,62.3
5201,8.31,Rainy,Medium,Evening,Scooter,10,6.7,56.1
5202,24.59,Clear,Medium,Afternoon,Bike,22,0.6,121.7
5203,16.43,Clear,Medium,Evening,Car,33,8.9,82.3
5204,18.22,Clear,Low,Evening,Bike,10,3.4,66.5
5205,24.44,Clear,Medium,Morning,Bike,10,8.8,100.5
5206,10.05,Clear,Low,Afternoon,Bike,26,4.8,53.2
5207,20.24,Rainy,Medium,Afternoon,Bike,14,7.9,100.1
5208,11.43,Rainy,Medium,Afternoon,Scooter,15,8.3,64.7
5209,21.87,Clear,Medium,Evening,Car,18,3.4,107.5
5210,5.34,Clear,Medium,Night,Bike,16,6.6,31.6
5211,23.74,Foggy,Medium,Afternoon,Scooter,29,6.3,160.7
5212,6.25,Clear,Low,Morning,Scooter,24,5.0,47.3
5213,8.83,Foggy,Low,Evening,Car,22,5.0,55.6
5214,19.15,Clear,Medium,Night,Bike,28,3.4,110.5
5215,10.45,Clear,Low,Afternoon,Bike,26,3.4,52.7
5216,15.6,Clear,Low,Night,Bike,19,5.7,59.2
5217,11.67,Foggy,Medium,Evening,Bike,14,0.8,80.0
5218,18.82,Clear,High,Night,Bike,5,9.4,99.9
5219,6.48,Clear,Medium,Evening,Bike,19,6.7,39.4
5220,2.4,Clear,Medium,Night,Scooter,26,4.7,31.7
5221,8.2,Foggy,High,Night,Bike,6,1.1,62.8
5222,12.38,Foggy,High,Evening,Scooter,24,6.5,120.6
5223,5.03,Stormy,Medium,Night,Scooter,6,0.7,46.6
5224,9.52,Stormy,High,Morning,Car,8,7.0,98.3
5225,10.6,Clear,Medium,Afternoon,Bike,27,1.2,75.0
5226,2.38,Clear,High,Night,Bike,28,6.7,46.3
5227,15.0,Clear,Medium,Night,Bike,18,4.4,81.0
5228,22.22,Clear,High,Night,Bike,23,6.8,136.9
5229,4.64,Foggy,High,Afternoon,Scooter,18,1.8,62.6
5230,15.35,Foggy,Medium,Evening,Bike,17,1.6,111.4
5231,16.95,Clear,High,Afternoon,Bike,5,2.9,92.8
5232,11.06,Rainy,Low,Night,Bike,14,4.4,64.4
5233,17.83,Foggy,Low,Evening,Bike,18,2.9,98.7
5234,10.86,Clear,Medium,Night,Car,21,1.3,77.3
5235,13.11,Clear,High,Evening,Car,30,3.6,99.9
5236,1.18,Clear,Medium,Night,Bike,20,7.2,16.6
5237,17.6,Clear,Medium,Night,Bike,19,6.0,89.2
5238,16.87,Rainy,Medium,Evening,Car,15,9.7,91.7
5239,1.92,Clear,Low,Morning,Car,27,4.6,24.1
5240,9.84,Clear,Medium,Afternoon,Car,16,3.7,49.4
5241,24.5,Stormy,Medium,Evening,Bike,5,7.1,159.0
5242,11.1,Clear,High,Afternoon,Bike,7,4.4,67.5
5243,13.05,Clear,Low,Morning,Bike,15,6.4,45.6
5244,22.84,Stormy,Medium,Morning,Car,25,9.5,169.3
5245,18.21,Clear,Low,Evening,Car,15,5.2,71.7
5246,14.97,Clear,Low,Morning,Bike,9,5.2,58.9
5247,20.15,Foggy,Medium,Morning,Bike,19,7.9,121.4
5248,21.74,Clear,Medium,Night,Scooter,31,7.7,107.5
5249,11.97,Rainy,Low,Night,Scooter,24,5.4,68.0
5250,12.4,Clear,Low,Morning,Scooter,28,1.1,63.7
5251,10.27,Clear,High,Night,Scooter,20,9.8,63.6
5252,24.2,Clear,High,Morning,Bike,7,4.1,133.3
5253,17.73,Clear,Medium,Night,Bike,12,3.5,81.9
5254,3.0,Rainy,Medium,Morning,Scooter,20,9.8,34.0
5255,21.71,Rainy,Low,Morning,Scooter,20,8.8,92.1
5256,12.53,Foggy,High,Afternoon,Bike,26,3.6,124.5
5257,2.65,Rainy,Medium,Morning,Bike,8,3.4,21.4
5258,14.19,Clear,High,Afternoon,Scooter,30,7.3,108.1
5259,11.01,Foggy,Low,Evening,Bike,31,3.7,78.2
5260,22.07,Rainy,Medium,Morning,Bike,19,2.9,146.0
5261,5.9,Rainy,Medium,Morning,Scooter,23,9.8,43.6
5262,20.84,Foggy,Low,Afternoon,Scooter,30,5.9,119.4
5263,14.38,Rainy,Low,Morning,Scooter,19,7.7,69.2
5264,2.31,Clear,Medium,Night,Bike,17,7.3,17.2
5265,24.32,Rainy,Medium,Afternoon,Bike,32,7.7,145.0
5266,13.3,Clear,Low,Afternoon,Bike,14,9.1,42.3
5267,7.98,Clear,Medium,Night,Scooter,6,5.3,38.1
5268,12.27,Rainy,Low,Morning,Scooter,10,7.7,52.5
5269,21.59,Clear,Low,Evening,Bike,21,8.1,77.7
5270,8.32,Clear,Medium,Evening,Bike,30,9.5,51.6
5271,5.62,Clear,Medium,Evening,Bike,12,7.3,37.7
5272,4.1,Rainy,Medium,Afternoon,Bike,20,9.0,38.6
5273,8.15,Clear,Medium,Afternoon,Bike,33,1.4,68.3
5274,19.72,Rainy,Medium,Night,Scooter,25,1.7,131.0
5275,12.32,Clear,Medium,Morning,Scooter,17,2.0,69.3
5276,6.46,Clear,High,Night,Scooter,27,1.9,67.1
5277,4.99,Clear,Medium,Afternoon,Car,32,1.3,60.4
5278,8.99,Rainy,Medium,Evening,Bike,16,1.7,75.9
5279,23.56,Clear,Low,Morning,Car,20,10.0,90.9
5280,9.23,Stormy,Medium,Evening,Bike,11,3.1,78.5
5281,24.71,Foggy,Medium,Morning,Bike,31,5.0,167.0
5282,12.65,Foggy,Medium,Evening,Bike,14,8.3,84.4
5283,5.3,Foggy,Medium,Morning,Bike,10,1.6,38.3
5284,22.39,Clear,Low,Evening,Bike,9,3.5,89.6
5285,12.05,Clear,Low,Night,Bike,22,2.0,61.9
5286,18.03,Rainy,Low,Afternoon,Bike,20,1.1,92.0
5287,24.61,Rainy,Medium,Night,Car,7,9.6,119.2
5288,2.2,Foggy,High,Evening,Bike,7,8.7,27.2
5289,3.32,Rainy,Low,Morning,Bike,9,8.9,17.4
5290,18.29,Stormy,Medium,Night,Car,6,8.8,124.6
5291,7.76,Clear,Low,Evening,Scooter,31,2.0,56.8
5292,5.42,Foggy,Low,Afternoon,Bike,5,8.0,25.0
5293,1.94,Rainy,High,Morning,Bike,8,7.4,20.1
5294,1.52,Rainy,Medium,Night,Scooter,14,9.3,20.8
5295,19.59,Clear,Low,Afternoon,Bike,17,2.6,73.2
5296,4.23,Rainy,Low,Evening,Bike,7,4.4,14.5
5297,12.23,Foggy,High,Morning,Bike,15,3.3,106.2
5298,15.54,Clear,Low,Evening,Scooter,7,3.0,52.5
5299,11.28,Rainy,Medium,Morning,Bike,32,6.7,96.7
5300,1.65,Clear,Medium,Afternoon,Bike,14,2.1,18.3
5301,19.8,Stormy,Medium,Afternoon,Bike,31,4.9,176.6
5302,1.25,Clear,Medium,Afternoon,Scooter,26,6.6,25.2
5303,19.29,Clear,High,Night,Scooter,32,1.7,154.1
5304,22.44,Clear,Low,Night,Scooter,13,2.9,84.1
5305,11.39,Rainy,Medium,Night,Bike,30,9.7,75.6
5306,13.85,Clear,Low,Evening,Car,33,8.1,69.1
5307,12.45,Rainy,Medium,Night,Bike,14,6.9,75.0
5308,10.34,Foggy,High,Morning,Bike,31,8.6,116.5
5309,22.3,Foggy,Medium,Afternoon,Car,17,0.6,146.8
5310,22.45,Clear,Medium,Evening,Car,34,0.6,131.6
5311,9.06,Stormy,High,Evening,Scooter,22,2.0,114.9
5312,15.76,Rainy,Low,Night,Car,25,5.2,87.3
5313,23.25,Clear,Medium,Morning,Bike,22,5.9,113.1
5314,24.09,Clear,High,Afternoon,Bike,26,1.6,163.5
5315,13.22,Clear,Medium,Evening,Bike,21,1.2,76.3
5316,11.87,Foggy,Low,Afternoon,Bike,21,8.4,64.9
5317,7.69,Clear,Low,Morning,Scooter,29,4.9,50.7
5318,24.01,Clear,Low,Afternoon,Bike,30,9.9,87.4
5319,4.43,Rainy,Low,Night,Car,9,2.7,29.9
5320,14.92,Rainy,Medium,Afternoon,Bike,13,6.6,76.6
5321,7.78,Rainy,Low,Evening,Bike,16,8.1,32.6
5322,7.7,Rainy,Low,Night,Bike,16,8.8,48.5
5323,10.72,Clear,Medium,Night,Car,28,3.4,66.0
5324,24.97,Foggy,Medium,Night,Scooter,29,2.3,174.0
5325,2.32,Clear,Medium,Night,Scooter,29,2.6,36.3
5326,14.89,Rainy,Medium,Evening,Scooter,28,6.8,102.1
5327,2.98,Rainy,Low,Morning,Scooter,23,5.5,32.0
5328,4.71,Clear,Low,Morning,Car,11,6.2,28.1
5329,11.55,Stormy,Low,Night,Bike,24,0.7,87.3
5330,13.25,Clear,Medium,Morning,Bike,28,4.2,83.9
5331,7.21,Clear,Low,Evening,Bike,27,3.4,44.2
5332,8.59,Foggy,Medium,Morning,Car,16,8.7,52.9
5333,3.09,Rainy,Low,Morning,Car,13,7.9,19.8
5334,8.28,Rainy,High,Evening,Scooter,12,4.6,60.9
5335,24.2,Clear,Medium,Morning,Bike,34,6.5,117.9
5336,23.67,Foggy,Medium,Night,Bike,23,1.0,159.9
5337,9.04,Clear,High,Night,Bike,25,6.6,80.4
5338,14.7,Clear,Medium,Evening,Bike,7,1.4,71.4
5339,22.83,Clear,Medium,Night,Bike,15,7.3,108.8
5340,1.15,Clear,High,Night,Bike,16,6.0,24.9
5341,20.46,Rainy,Medium,Night,Car,29,3.4,142.7
5342,23.76,Clear,High,Night,Bike,21,4.0,157.6
5343,3.19,Clear,Medium,Night,Car,11,1.4,19.7
5344,4.87,Clear,High,Morning,Scooter,29,3.6,61.3
5345,24.06,Rainy,Low,Evening,Bike,7,9.7,88.5
5346,13.9,Foggy,Low,Afternoon,Bike,11,5.1,68.2
5347,1.34,Clear,Medium,Evening,Car,11,5.0,23.9
5348,7.18,Rainy,Low,Evening,Scooter,31,6.5,50.9
5349,11.8,Clear,Low,Evening,Bike,18,5.1,45.5
5350,17.63,Rainy,Medium,Morning,Bike,6,3.9,88.3
5351,18.6,Clear,Medium,Evening,Scooter,20,1.8,96.7
5352,24.89,Clear,High,Evening,Bike,25,6.5,173.4
5353,7.9,Rainy,Medium,Morning,Bike,14,7.6,59.0
5354,13.92,Foggy,High,Night,Scooter,18,9.3,98.6
5355,13.8,Clear,Medium,Afternoon,Scooter,33,0.5,92.5
5356,10.74,Rainy,Low,Night,Bike,11,1.1,51.6
5357,5.06,Rainy,Low,Evening,Car,6,9.0,28.3
5358,24.46,Foggy,Medium,Night,Scooter,30,6.5,154.9
5359,21.48,Clear,Medium,Morning,Car,14,9.6,87.2
5360,12.96,Clear,Low,Afternoon,Bike,6,4.6,43.8
5361,15.48,Foggy,Medium,Night,Bike,31,4.5,116.2
5362,6.45,Clear,Medium,Evening,Bike,17,3.8,45.9
5363,14.05,Clear,Medium,Afternoon,Bike,26,1.9,83.3
5364,17.68,Clear,High,Evening,Car,6,4.1,105.1
5365,13.36,Foggy,Medium,Night,Car,14,0.6,89.3
5366,24.77,Clear,Medium,Night,Scooter,18,5.3,120.7
5367,15.67,Foggy,High,Evening,Bike,21,8.5,124.2
5368,9.9,Clear,Low,Afternoon,Scooter,23,3.6,53.3
5369,19.53,Clear,Medium,Afternoon,Bike,16,1.4,96.8
5370,5.09,Clear,High,Afternoon,Bike,21,9.8,51.7
5371,10.23,Clear,Medium,Night,Bike,10,1.7,41.2
5372,9.33,Rainy,High,Night,Bike,8,5.5,64.9
5373,11.36,Rainy,Medium,Evening,Bike,6,8.2,64.5
5374,19.76,Clear,Medium,Evening,Bike,33,2.9,113.2
5375,12.62,Clear,Low,Morning,Bike,19,8.5,43.3
5376,20.06,Rainy,High,Morning,Scooter,32,5.8,164.4
5377,14.84,Foggy,High,Morning,Bike,27,3.7,146.4
5378,9.21,Rainy,High,Evening,Scooter,27,8.7,85.8
5379,20.44,Foggy,Medium,Afternoon,Bike,28,6.4,143.8
5380,6.72,Clear,Low,Morning,Bike,20,6.3,41.2
5381,6.39,Foggy,Low,Evening,Scooter,16,5.3,45.4
5382,13.11,Clear,High,Night,Bike,32,3.1,114.2
5383,7.26,Clear,Medium,Afternoon,Bike,11,3.4,38.0
5384,1.22,Foggy,Low,Morning,Car,17,1.3,30.2
5385,16.56,Foggy,Medium,Night,Bike,5,2.8,101.8
5386,13.27,Rainy,Medium,Afternoon,Car,23,3.1,92.1
5387,11.69,Clear,Medium,Afternoon,Bike,17,1.1,58.9
5388,24.21,Clear,Medium,Night,Bike,5,1.5,96.6
5389,14.71,Clear,Medium,Morning,Scooter,6,3.1,72.0
5390,21.72,Foggy,High,Morning,Bike,5,6.9,141.2
5391,4.35,Clear,Low,Night,Bike,16,2.3,22.5
5392,14.66,Foggy,Medium,Night,Bike,29,5.5,113.5
5393,21.83,Clear,Medium,Night,Bike,27,5.3,106.3
5394,14.99,Foggy,High,Evening,Scooter,29,8.4,149.7
5395,18.23,Foggy,Medium,Afternoon,Scooter,28,6.3,128.0
5396,9.93,Clear,Medium,Morning,Car,14,9.2,56.9
5397,3.22,Clear,Medium,Morning,Bike,6,6.5,23.3
5398,11.99,Foggy,Medium,Night,Scooter,5,0.7,61.2
5399,10.47,Clear,High,Afternoon,Bike,9,4.1,69.6
5400,21.81,Rainy,High,Night,Scooter,27,7.1,167.9
5401,6.86,Rainy,Medium,Afternoon,Car,6,5.0,39.7
5402,24.2,Clear,Medium,Night,Bike,8,4.5,106.1
5403,24.0,Foggy,Low,Night,Car,27,6.9,128.3
5404,6.94,Clear,Medium,Afternoon,Scooter,33,3.2,68.5
5405,9.35,Foggy,Medium,Morning,Scooter,18,9.1,60.2
5406,22.49,Clear,Medium,Morning,Scooter,13,4.4,104.4
5407,24.2,Rainy,Low,Evening,Scooter,10,6.5,107.4
5408,11.64,Clear,High,Afternoon,Car,27,9.8,84.0
5409,8.7,Clear,Medium,Morning,Scooter,28,8.0,59.1
5410,13.63,Clear,Medium,Morning,Bike,16,5.6,70.4
5411,17.51,Rainy,Low,Afternoon,Scooter,16,8.7,87.9
5412,7.56,Rainy,Medium,Morning,Bike,28,5.8,70.7
5413,18.68,Foggy,High,Afternoon,Car,33,4.7,187.8
5414,2.24,Clear,Medium,Morning,Car,13,8.8,28.5
5415,2.18,Rainy,Medium,Night,Bike,32,0.8,48.1
5416,10.27,Rainy,Low,Afternoon,Scooter,34,4.4,72.3
5417,9.48,Clear,Medium,Afternoon,Car,19,3.8,67.3
5418,8.58,Clear,High,Morning,Bike,34,7.3,75.8
5419,12.78,Clear,Medium,Afternoon,Bike,14,0.6,73.1
5420,8.7,Clear,High,Evening,Bike,6,6.8,54.5
5421,5.61,Clear,High,Evening,Scooter,33,3.8,68.1
5422,8.43,Rainy,High,Afternoon,Bike,27,1.4,94.2
5423,24.4,Clear,High,Evening,Scooter,22,9.8,139.4
5424,10.87,Rainy,Low,Morning,Bike,11,2.5,57.6
5425,11.67,Foggy,High,Morning,Bike,31,3.8,136.1
5426,14.84,Rainy,Low,Afternoon,Bike,13,2.5,75.7
5427,24.6,Rainy,Low,Morning,Bike,24,6.8,107.2
5428,6.8,Clear,Low,Morning,Bike,32,7.9,51.1
5429,17.35,Foggy,Medium,Evening,Bike,25,8.7,120.0
5430,18.18,Clear,Medium,Morning,Scooter,25,3.5,97.8
5431,15.58,Rainy,Medium,Morning,Bike,32,5.5,107.0
5432,3.13,Stormy,Low,Evening,Scooter,22,6.8,36.5
5433,17.24,Rainy,Medium,Night,Bike,33,6.5,122.8
5434,2.54,Rainy,Medium,Afternoon,Bike,7,7.3,10.0
5435,15.31,Clear,High,Afternoon,Bike,17,7.8,100.4
5436,18.75,Clear,Low,Night,Scooter,14,1.4,73.0
5437,6.06,Rainy,Low,Evening,Bike,21,2.1,45.6
5438,21.2,Clear,Low,Evening,Bike,7,7.5,53.7
5439,1.73,Rainy,Medium,Morning,Car,25,5.0,27.3
5440,21.25,Clear,Medium,Morning,Scooter,13,4.6,95.3
5441,12.05,Foggy,Medium,Afternoon,Bike,21,4.8,84.4
5442,6.22,Clear,Medium,Afternoon,Scooter,20,4.0,48.2
5443,4.21,Clear,Medium,Evening,Scooter,10,6.1,27.3
5444,23.88,Rainy,Medium,Morning,Scooter,32,3.6,164.6
5445,2.74,Clear,High,Evening,Bike,22,6.5,41.8
5446,5.78,Clear,Low,Night,Bike,32,2.4,40.9
5447,9.35,Clear,High,Afternoon,Scooter,10,7.7,63.8
5448,15.89,Clear,Medium,Afternoon,Bike,30,7.9,85.4
5449,14.08,Clear,Low,Evening,Car,10,6.0,49.5
5450,4.02,Clear,High,Morning,Bike,21,4.0,46.4
5451,7.95,Rainy,High,Morning,Bike,25,0.6,99.1
5452,6.73,Clear,Medium,Night,Car,14,1.7,47.6
5453,6.13,Stormy,Medium,Night,Bike,6,1.3,56.6
5454,10.87,Clear,Medium,Night,Bike,5,0.6,61.9
5455,17.9,Clear,Low,Evening,Scooter,15,7.4,71.3
5456,6.22,Clear,Low,Afternoon,Bike,29,9.6,32.4
5457,9.8,Foggy,High,Evening,Scooter,10,0.6,89.9
5458,10.38,Clear,High,Evening,Bike,5,1.6,71.1
5459,24.43,Rainy,Low,Morning,Bike,20,8.7,98.3
5460,23.91,Clear,High,Night,Bike,30,7.0,154.1
5461,20.2,Clear,Medium,Afternoon,Scooter,13,4.3,89.5
5462,6.8,Foggy,Low,Night,Bike,16,9.9,41.2
5463,2.63,Clear,Medium,Night,Bike,13,5.9,28.0
5464,8.61,Clear,Medium,Night,Scooter,17,6.9,55.7
5465,7.4,Foggy,High,Afternoon,Car,11,6.7,64.0
5466,13.14,Rainy,High,Morning,Scooter,29,2.6,131.0
5467,19.67,Foggy,Low,Afternoon,Bike,5,5.1,79.9
5468,21.6,Rainy,Medium,Afternoon,Bike,33,2.6,138.3
5469,21.28,Rainy,High,Morning,Scooter,7,5.3,147.1
5470,9.63,Foggy,High,Afternoon,Car,28,0.8,100.2
5471,17.49,Clear,Low,Afternoon,Car,7,4.1,59.3
5472,8.51,Rainy,Medium,Evening,Car,28,4.0,77.0
5473,2.46,Rainy,High,Afternoon,Scooter,23,3.3,50.4
5474,17.84,Clear,Medium,Evening,Bike,8,1.3,70.2
5475,1.24,Clear,Medium,Evening,Scooter,33,7.8,36.6
5476,10.82,Clear,High,Evening,Scooter,32,4.5,90.4
5477,8.91,Rainy,Low,Night,Car,16,8.2,46.9
5478,17.64,Clear,High,Morning,Car,34,8.4,121.3
5479,19.39,Stormy,Medium,Night,Bike,8,2.5,139.5
5480,8.3,Clear,Low,Morning,Scooter,25,4.5,36.7
5481,20.48,Rainy,Low,Afternoon,Bike,14,7.3,86.8
5482,8.05,Clear,Low,Evening,Bike,30,5.2,54.3
5483,11.71,Rainy,Low,Night,Bike,31,8.6,66.6
5484,18.45,Rainy,Medium,Afternoon,Car,8,5.9,95.2
5485,17.63,Rainy,Low,Night,Car,27,6.5,86.7
5486,24.7,Foggy,High,Afternoon,Scooter,15,8.0,173.8
5487,6.4,Foggy,Medium,Night,Bike,8,1.7,40.6
5488,16.9,Clear,Medium,Afternoon,Bike,15,6.1,81.9
5489,15.63,Clear,Medium,Afternoon,Scooter,21,1.3,99.9
5490,22.96,Rainy,Medium,Night,Bike,25,3.0,148.6
5491,4.75,Clear,Medium,Afternoon,Bike,32,2.5,53.9
5492,19.04,Clear,Low,Evening,Car,28,5.9,91.1
5493,14.64,Rainy,High,Evening,Bike,26,8.5,123.0
5494,7.59,Clear,Medium,Evening,Bike,24,1.8,61.0
5495,12.39,Clear,Low,Evening,Bike,24,7.8,56.3
5496,9.01,Foggy,Medium,Morning,Car,17,1.9,73.5
5497,14.9,Clear,Medium,Night,Scooter,21,2.3,76.2
5498,22.34,Clear,Low,Evening,Car,30,9.2,86.5
5499,14.66,Clear,High,Evening,Scooter,17,0.6,100.1
5500,16.16,Foggy,Medium,Evening,Bike,21,2.4,111.8
5501,13.45,Stormy,Medium,Morning,Car,23,2.5,122.7
5502,2.23,Rainy,Medium,Night,Bike,24,3.2,45.7
5503,6.59,Clear,High,Afternoon,Bike,19,4.0,55.7
5504,12.81,Foggy,Low,Morning,Bike,8,1.5,64.4
5505,8.45,Rainy,Medium,Evening,Scooter,22,5.0,76.8
5506,5.36,Foggy,Medium,Evening,Car,15,4.3,50.6
5507,13.1,Rainy,Medium,Morning,Bike,13,6.4,76.3
5508,8.75,Clear,Low,Night,Bike,20,8.7,45.8
5509,7.19,Clear,Low,Night,Car,28,3.3,41.9
5510,12.14,Clear,High,Afternoon,Bike,7,5.7,68.2
5511,4.2,Clear,Medium,Morning,Scooter,31,4.0,44.6
5512,23.27,Rainy,Medium,Night,Bike,22,0.9,147.8
5513,21.82,Foggy,Medium,Morning,Bike,21,8.3,134.9
5514,17.98,Rainy,Medium,Night,Bike,14,6.5,95.6
5515,3.55,Clear,Low,Night,Bike,29,0.5,37.4
5516,19.62,Clear,Low,Evening,Scooter,9,2.9,75.6
5517,20.39,Clear,High,Night,Car,28,3.4,140.0
5518,19.43,Clear,Medium,Night,Bike,33,8.2,102.7
5519,3.74,Clear,Medium,Morning,Scooter,19,7.7,25.6
5520,16.45,Rainy,High,Night,Scooter,24,4.3,130.4
5521,21.02,Clear,Medium,Night,Bike,22,2.0,104.8
5522,14.86,Stormy,Low,Morning,Bike,9,4.2,92.4
5523,16.51,Clear,Low,Night,Scooter,28,8.2,72.9
5524,12.0,Foggy,Medium,Morning,Bike,19,4.8,95.9
5525,13.69,Clear,High,Morning,Bike,10,1.6,87.5
5526,1.83,Clear,Low,Morning,Car,12,0.9,16.0
5527,16.34,Rainy,Low,Morning,Scooter,31,3.7,94.6
5528,2.95,Rainy,High,Evening,Bike,7,1.9,24.4
5529,11.44,Clear,Low,Evening,Bike,9,7.6,46.4
5530,8.02,Clear,Medium,Evening,Bike,22,3.1,56.3
5531,14.09,Clear,Low,Evening,Bike,32,8.8,60.3
5532,4.2,Rainy,Medium,Morning,Bike,19,6.4,42.4
5533,17.6,Foggy,Medium,Morning,Bike,31,4.2,135.3
5534,20.08,Clear,Low,Morning,Bike,16,6.3,68.6
5535,4.92,Clear,Medium,Morning,Scooter,23,3.3,47.6
5536,3.5,Foggy,Medium,Evening,Bike,11,1.8,31.0
5537,4.49,Clear,Medium,Night,Bike,5,9.7,10.0
5538,22.05,Rainy,Medium,Evening,Bike,28,5.9,141.0
5539,13.68,Clear,Medium,Morning,Bike,25,0.6,90.8
5540,12.21,Rainy,Medium,Morning,Bike,6,3.4,62.0
5541,3.56,Clear,Medium,Night,Bike,23,2.0,29.1
5542,16.59,Clear,Medium,Morning,Bike,17,3.0,92.2
5543,21.83,Clear,Medium,Night,Bike,24,1.0,114.6
5544,20.88,Rainy,Medium,Morning,Scooter,22,2.8,137.0
5545,16.03,Rainy,Low,Night,Bike,14,7.0,63.3
5546,2.81,Rainy,Low,Afternoon,Bike,17,8.3,31.6
5547,3.7,Rainy,Low,Afternoon,Bike,9,3.8,28.2
5548,2.18,Clear,High,Afternoon,Car,27,5.5,45.6
5549,7.18,Clear,High,Afternoon,Car,17,0.9,51.1
5550,4.26,Foggy,Medium,Morning,Bike,13,1.4,38.5
5551,7.24,Clear,Low,Morning,Bike,5,5.7,31.9
5552,10.24,Clear,Low,Morning,Bike,30,8.5,43.8
5553,23.63,Clear,High,Afternoon,Bike,33,1.3,168.6
5554,15.65,Clear,High,Night,Bike,26,4.5,114.7
5555,21.04,Clear,Low,Night,Bike,10,9.7,64.0
5556,18.05,Foggy,High,Afternoon,Bike,5,7.5,130.5
5557,3.7,Foggy,Medium,Morning,Bike,22,2.4,53.4
5558,18.66,Foggy,Medium,Afternoon,Bike,31,3.2,140.6
5559,7.6,Foggy,Medium,Evening,Car,20,9.5,61.5
5560,16.34,Foggy,Medium,Night,Bike,12,2.6,101.6
5561,9.18,Clear,High,Afternoon,Scooter,10,4.7,62.6
5562,24.94,Clear,Low,Afternoon,Bike,17,3.9,92.0
5563,7.33,Rainy,Medium,Afternoon,Bike,21,5.2,57.7
5564,7.7,Clear,Medium,Afternoon,Car,30,2.7,58.6
5565,23.34,Clear,Medium,Morning,Bike,17,6.8,114.1
5566,1.59,Clear,Medium,Night,Bike,14,2.7,26.1
5567,17.72,Clear,Low,Evening,Bike,31,6.2,73.7
5568,18.41,Clear,Medium,Morning,Bike,10,3.9,91.9
5569,21.07,Clear,Medium,Afternoon,Bike,30,2.9,112.9
5570,24.39,Clear,Medium,Afternoon,Bike,27,7.1,128.7
5571,24.41,Foggy,Medium,Afternoon,Bike,22,9.7,150.9
5572,2.57,Rainy,Medium,Afternoon,Bike,31,8.8,55.0
5573,20.72,Foggy,Low,Night,Bike,24,1.3,118.4
5574,16.51,Clear,Medium,Afternoon,Bike,27,4.8,90.7
5575,16.54,Clear,Low,Evening,Scooter,17,7.1,62.4
5576,4.08,Rainy,Low,Morning,Bike,31,5.8,44.7
5577,16.6,Clear,Low,Night,Scooter,19,7.4,60.1
5578,24.58,Rainy,Low,Afternoon,Car,10,9.8,84.2
5579,22.88,Rainy,Medium,Evening,Bike,15,3.8,128.2
5580,11.54,Rainy,High,Morning,Bike,12,7.8,85.0
5581,1.96,Foggy,Low,Morning,Bike,18,1.4,29.8
5582,9.7,Clear,High,Night,Bike,17,8.8,68.0
5583,20.83,Clear,Low,Morning,Scooter,26,7.9,83.3
5584,17.84,Rainy,Medium,Afternoon,Bike,6,5.4,98.5
5585,12.02,Clear,Medium,Afternoon,Bike,5,8.3,46.1
5586,2.32,Clear,High,Evening,Bike,9,6.8,18.7
5587,11.25,Clear,Low,Evening,Scooter,15,5.7,57.5
5588,12.26,Clear,Medium,Morning,Bike,14,9.5,42.1
5589,23.29,Clear,Low,Night,Scooter,34,1.7,111.5
5590,16.39,Clear,Medium,Afternoon,Scooter,16,9.9,77.5
5591,8.48,Rainy,High,Morning,Bike,14,2.0,76.1
5592,13.61,Rainy,High,Night,Bike,13,5.1,107.4
5593,2.59,Rainy,Medium,Morning,Bike,6,2.7,23.5
5594,24.34,Rainy,Medium,Night,Bike,27,3.1,145.4
5595,9.64,Clear,High,Evening,Scooter,29,6.5,77.4
5596,12.47,Clear,Medium,Afternoon,Bike,8,0.8,59.4
5597,9.53,Clear,Low,Evening,Bike,8,9.4,23.5
5598,17.38,Foggy,High,Afternoon,Bike,30,3.2,167.9
5599,16.89,Rainy,Low,Night,Bike,25,3.1,93.7
5600,18.17,Clear,Low,Night,Bike,33,8.7,84.1
5601,7.44,Clear,Low,Morning,Bike,33,7.8,46.7
5602,8.58,Stormy,Medium,Night,Bike,34,6.9,98.9
5603,4.01,Rainy,Medium,Night,Bike,10,1.9,33.2
5604,16.73,Foggy,Low,Morning,Bike,16,7.8,81.5
5605,1.96,Clear,Medium,Morning,Bike,11,3.9,22.4
5606,15.34,Clear,High,Afternoon,Bike,29,9.9,104.5
5607,21.87,Rainy,High,Night,Bike,26,6.9,172.0
5608,22.38,Rainy,Medium,Morning,Bike,34,8.4,137.0
5609,11.78,Rainy,High,Afternoon,Bike,23,7.5,108.1
5610,12.02,Rainy,High,Afternoon,Bike,6,6.1,82.6
5611,2.85,Rainy,Low,Evening,Bike,26,7.3,29.9
5612,17.1,Rainy,Medium,Morning,Bike,34,6.2,116.8
5613,20.71,Clear,Medium,Evening,Bike,29,1.0,121.4
5614,6.87,Clear,Low,Afternoon,Bike,23,3.8,33.7
5615,11.11,Foggy,Low,Night,Bike,8,3.5,55.1
5616,21.13,Clear,Medium,Morning,Bike,7,7.3,93.9
5617,22.05,Clear,Low,Morning,Bike,27,6.0,92.5
5618,6.84,Rainy,Low,Afternoon,Scooter,8,6.3,27.2
5619,14.21,Stormy,Medium,Morning,Bike,32,8.5,133.0
5620,5.62,Clear,Medium,Afternoon,Bike,18,5.5,32.4
5621,3.45,Clear,High,Morning,Bike,10,2.6,31.8
5622,22.87,Foggy,Medium,Morning,Bike,10,0.6,148.7
5623,20.69,Foggy,Medium,Night,Bike,13,2.0,130.9
5624,19.24,Rainy,Medium,Afternoon,Bike,9,0.8,104.8
5625,2.17,Clear,Low,Evening,Bike,11,2.8,14.8
5626,21.25,Clear,Low,Night,Car,17,6.5,80.4
5627,11.51,Rainy,High,Afternoon,Bike,5,1.9,88.1
5628,9.22,Foggy,Medium,Morning,Car,28,1.3,92.5
5629,14.12,Foggy,High,Afternoon,Car,6,9.7,90.9
5630,3.19,Clear,Medium,Afternoon,Scooter,24,10.0,30.6
5631,19.16,Clear,Low,Night,Car,14,6.6,72.5
5632,14.98,Clear,Medium,Afternoon,Bike,27,1.5,87.4
5633,5.48,Stormy,Medium,Morning,Bike,32,8.3,80.9
5634,5.52,Rainy,Medium,Evening,Bike,10,5.6,30.8
5635,5.42,Clear,Medium,Evening,Bike,8,2.2,32.0
5636,2.37,Clear,High,Morning,Bike,12,6.0,31.2
5637,15.11,Rainy,High,Evening,Scooter,18,0.9,127.7
5638,21.17,Clear,High,Night,Bike,33,9.7,138.3
5639,1.42,Foggy,Low,Afternoon,Bike,20,8.3,28.1
5640,2.18,Rainy,Low,Afternoon,Scooter,19,3.0,23.9
5641,14.75,Clear,Low,Evening,Bike,17,4.5,63.9
5642,20.67,Clear,Low,Evening,Bike,16,4.3,79.5
5643,8.84,Foggy,Medium,Evening,Bike,11,8.7,51.6
5644,9.39,Clear,Medium,Night,Scooter,19,3.9,61.1
5645,15.31,Clear,Medium,Afternoon,Bike,10,1.0,82.8
5646,7.58,Foggy,High,Afternoon,Scooter,25,2.5,98.9
5647,1.64,Foggy,High,Morning,Bike,25,2.5,56.0
5648,18.65,Foggy,Low,Morning,Car,18,9.5,91.4
5649,16.02,Clear,High,Night,Bike,31,9.3,113.2
5650,14.94,Clear,Medium,Afternoon,Scooter,19,3.4,79.6
5651,18.8,Clear,Medium,Afternoon,Car,27,0.5,105.1
5652,17.21,Clear,High,Morning,Bike,15,5.4,95.9
5653,5.94,Rainy,Low,Morning,Bike,26,8.1,36.0
5654,9.46,Clear,High,Afternoon,Bike,8,3.1,60.3
5655,4.03,Rainy,Medium,Night,Bike,27,4.7,43.4
5656,4.12,Clear,High,Evening,Car,9,2.1,35.6
5657,17.23,Clear,High,Night,Bike,27,3.6,132.7
5658,21.61,Stormy,Medium,Afternoon,Car,27,7.7,155.9
5659,24.11,Clear,Low,Evening,Scooter,31,4.6,96.8
5660,16.08,Clear,Low,Night,Bike,6,4.7,67.7
5661,5.42,Clear,Medium,Night,Bike,32,8.0,53.2
5662,3.54,Clear,Low,Afternoon,Bike,24,7.7,27.4
5663,20.51,Clear,High,Morning,Bike,19,2.3,131.7
5664,14.89,Clear,Low,Night,Bike,14,4.4,62.1
5665,15.84,Rainy,High,Night,Bike,8,8.6,108.3
5666,19.76,Foggy,Medium,Morning,Car,33,4.8,137.8
5667,17.88,Clear,Low,Night,Bike,27,6.8,83.1
5668,21.03,Clear,Medium,Night,Bike,12,3.4,100.7
5669,2.35,Rainy,Medium,Morning,Bike,15,1.1,34.5
5670,18.94,Clear,Medium,Afternoon,Scooter,21,2.1,105.7
5671,21.42,Rainy,Medium,Afternoon,Bike,11,4.3,119.1
5672,7.87,Rainy,Low,Afternoon,Bike,15,3.9,46.9
5673,16.37,Clear,Medium,Evening,Car,26,9.0,87.0
5674,8.54,Foggy,Medium,Afternoon,Car,14,5.7,59.3
5675,23.99,Foggy,High,Evening,Scooter,5,6.5,168.4
5676,1.8,Foggy,High,Evening,Car,34,7.0,61.1
5677,14.92,Clear,Low,Evening,Bike,34,5.6,72.8
5678,5.0,Rainy,Low,Morning,Scooter,12,7.8,36.5
5679,18.09,Foggy,Medium,Evening,Bike,9,7.9,100.8
5680,5.22,Clear,High,Evening,Bike,17,3.8,50.2
5681,6.65,Foggy,Medium,Morning,Car,11,1.3,50.2
5682,12.86,Clear,Low,Night,Bike,28,9.9,55.6
5683,22.96,Clear,Low,Night,Bike,27,6.6,101.5
5684,6.08,Rainy,Low,Evening,Bike,15,7.2,28.3
5685,4.46,Rainy,Medium,Afternoon,Bike,16,7.7,38.0
5686,19.22,Rainy,Medium,Night,Bike,18,6.3,104.9
5687,13.01,Foggy,Medium,Afternoon,Scooter,16,5.0,94.0
5688,22.88,Clear,Low,Morning,Car,30,9.9,88.3
5689,4.52,Clear,Low,Night,Bike,32,7.4,34.5
5690,16.5,Foggy,Medium,Morning,Scooter,33,8.5,110.1
5691,6.59,Clear,High,Evening,Bike,5,4.7,48.1
5692,4.76,Rainy,Medium,Night,Bike,10,9.1,25.3
5693,17.4,Clear,High,Evening,Scooter,31,7.5,124.1
5694,15.25,Clear,Medium,Evening,Car,15,7.6,77.1
5695,19.12,Clear,Low,Morning,Bike,15,1.3,88.3
5696,8.43,Clear,Low,Night,Bike,16,6.4,35.5
5697,11.75,Foggy,Medium,Night,Bike,5,3.7,65.0
5698,10.73,Rainy,Medium,Night,Car,24,6.9,74.2
5699,24.62,Rainy,Medium,Evening,Bike,24,5.9,141.1
5700,8.01,Clear,High,Night,Bike,28,1.6,69.3
5701,8.08,Clear,Medium,Afternoon,Car,10,5.5,49.8
5702,9.51,Clear,Low,Afternoon,Bike,33,4.8,53.3
5703,14.55,Clear,High,Evening,Car,34,7.9,109.4
5704,7.06,Clear,Medium,Morning,Car,27,5.3,56.4
5705,22.97,Clear,Medium,Afternoon,Bike,17,5.1,115.4
5706,7.38,Clear,Medium,Morning,Bike,34,7.3,53.2
5707,22.5,Clear,Medium,Night,Bike,34,6.9,120.5
5708,3.48,Clear,Low,Afternoon,Car,16,9.9,15.2
5709,16.76,Rainy,Medium,Evening,Bike,34,3.8,123.1
5710,22.77,Clear,Medium,Evening,Scooter,14,7.0,103.1
5711,5.05,Clear,Medium,Morning,Bike,27,2.1,45.2
5712,24.24,Foggy,Low,Evening,Bike,11,8.1,108.1
5713,11.87,Clear,Low,Morning,Bike,14,8.0,47.7
5714,23.7,Foggy,Low,Morning,Bike,22,7.4,115.8
5715,17.24,Clear,Medium,Afternoon,Bike,10,1.6,82.4
5716,8.24,Foggy,High,Afternoon,Bike,28,9.9,83.9
5717,5.52,Clear,Low,Evening,Bike,12,9.5,19.3
5718,8.29,Rainy,Medium,Morning,Bike,24,4.0,64.9
5719,3.23,Clear,Medium,Afternoon,Bike,27,6.0,32.4
5720,4.45,Rainy,High,Night,Bike,13,8.9,40.3
5721,3.51,Clear,Low,Evening,Bike,20,5.2,25.7
5722,11.15,Clear,Low,Evening,Bike,28,6.2,56.2
5723,20.09,Rainy,Low,Night,Scooter,6,6.2,84.6
5724,4.39,Clear,High,Night,Bike,33,6.7,60.9
5725,4.13,Foggy,Medium,Night,Car,15,6.0,39.7
5726,16.44,Clear,Low,Afternoon,Bike,28,4.4,77.3
5727,5.73,Clear,Low,Night,Scooter,23,5.6,30.6
5728,3.34,Rainy,Low,Evening,Bike,8,8.8,14.7
5729,5.0,Clear,Low,Afternoon,Bike,7,8.7,18.2
5730,23.17,Clear,High,Morning,Bike,19,7.8,132.6
5731,20.72,Rainy,Medium,Night,Bike,12,4.4,106.3
5732,9.5,Rainy,Medium,Evening,Bike,8,8.0,55.2
5733,16.74,Foggy,Medium,Night,Scooter,15,4.2,102.5
5734,13.89,Clear,Medium,Morning,Bike,21,6.8,82.5
5735,17.25,Clear,Low,Afternoon,Bike,13,5.9,65.3
5736,17.38,Clear,Medium,Morning,Scooter,29,3.4,92.2
5737,16.09,Clear,Medium,Afternoon,Bike,5,4.8,73.3
5738,7.39,Rainy,Low,Evening,Bike,12,8.4,37.4
5739,1.94,Clear,Medium,Evening,Bike,6,9.2,13.9
5740,11.93,Clear,High,Evening,Bike,27,2.5,95.1
5741,22.38,Clear,Low,Morning,Bike,17,4.8,80.7
5742,14.67,Rainy,High,Night,Bike,5,4.6,91.6
5743,20.98,Foggy,Low,Night,Bike,26,5.1,106.7
5744,24.8,Rainy,Medium,Morning,Bike,14,9.8,118.6
5745,4.93,Clear,Medium,Night,Bike,16,5.4,32.7
5746,17.6,Rainy,Medium,Morning,Car,31,8.4,113.0
5747,17.18,Rainy,Low,Night,Car,15,6.8,70.0
5748,24.52,Clear,High,Afternoon,Bike,14,1.5,156.3
5749,24.65,Clear,High,Evening,Bike,18,7.1,144.6
5750,17.48,Clear,Low,Night,Bike,18,6.6,80.2
5751,6.85,Clear,High,Morning,Bike,12,7.7,45.5
5752,20.17,Foggy,Medium,Afternoon,Bike,15,1.2,143.0
5753,3.57,Clear,High,Night,Bike,26,2.8,54.8
5754,19.74,Clear,Low,Night,Bike,13,7.8,60.4
5755,22.84,Foggy,High,Morning,Scooter,19,4.0,180.1
5756,10.19,Foggy,Low,Afternoon,Scooter,31,9.2,69.3
5757,16.14,Rainy,High,Evening,Car,5,5.4,98.0
5758,11.32,Clear,Medium,Morning,Bike,29,0.5,73.5
5759,11.51,Clear,Medium,Night,Car,23,7.1,57.6
5760,8.45,Clear,Low,Evening,Bike,22,5.4,54.0
5761,19.29,Clear,High,Night,Bike,16,3.5,127.3
5762,23.47,Clear,Medium,Morning,Car,12,0.7,111.8
5763,23.58,Rainy,Medium,Afternoon,Car,30,2.4,161.6
5764,5.19,Clear,Medium,Evening,Scooter,9,2.0,37.0
5765,21.99,Clear,High,Morning,Bike,17,6.0,138.4
5766,18.7,Clear,Medium,Morning,Bike,21,7.8,88.0
5767,7.07,Rainy,Low,Evening,Scooter,5,2.7,31.6
5768,2.61,Rainy,High,Afternoon,Scooter,6,7.1,18.4
5769,7.43,Rainy,Medium,Night,Scooter,11,9.0,44.6
5770,22.89,Clear,Medium,Evening,Bike,6,6.4,91.9
5771,16.2,Clear,Low,Morning,Bike,29,7.9,65.1
5772,18.31,Clear,High,Evening,Bike,26,2.4,136.6
5773,7.17,Clear,Low,Evening,Car,8,1.2,34.3
5774,18.27,Foggy,Medium,Afternoon,Bike,32,4.0,132.4
5775,1.67,Stormy,High,Afternoon,Bike,17,7.2,49.1
5776,10.01,Rainy,Low,Night,Car,18,7.0,54.6
5777,16.04,Foggy,High,Evening,Bike,24,9.6,132.6
5778,4.51,Rainy,Medium,Afternoon,Scooter,7,6.5,36.9
5779,20.75,Clear,Medium,Afternoon,Scooter,13,4.4,98.5
5780,6.64,Stormy,Medium,Morning,Bike,22,8.1,80.6
5781,16.65,Clear,Medium,Afternoon,Bike,29,2.0,101.6
5782,10.72,Rainy,Low,Evening,Scooter,20,8.2,59.6
5783,15.31,Clear,Low,Evening,Bike,23,4.0,62.3
5784,3.58,Clear,High,Morning,Bike,24,2.0,46.5
5785,1.41,Rainy,Low,Morning,Bike,13,2.0,25.1
5786,22.83,Clear,High,Morning,Bike,23,9.8,140.0
5787,7.47,Clear,Low,Evening,Bike,10,6.4,29.1
5788,20.67,Clear,Medium,Evening,Bike,16,2.2,96.2
5789,24.98,Clear,High,Night,Bike,19,3.1,164.9
5790,6.07,Stormy,Low,Afternoon,Bike,25,4.0,67.4
5791,7.36,Rainy,High,Morning,Bike,10,1.0,58.1
5792,16.91,Clear,Medium,Afternoon,Bike,9,1.5,75.4
5793,24.17,Clear,Medium,Afternoon,Scooter,33,7.7,131.9
5794,22.98,Foggy,Medium,Night,Bike,18,8.0,133.1
5795,13.07,Clear,Medium,Evening,Car,31,9.9,72.6
5796,20.08,Clear,Medium,Afternoon,Bike,23,1.1,105.6
5797,4.26,Clear,Medium,Morning,Bike,22,8.9,37.0
5798,24.46,Foggy,Medium,Morning,Scooter,30,3.5,161.8
5799,24.14,Clear,Low,Evening,Bike,17,3.6,94.0
5800,4.93,Clear,High,Evening,Bike,13,1.7,36.1
5801,8.19,Clear,High,Evening,Bike,24,9.9,58.2
5802,3.4,Clear,Medium,Morning,Bike,30,9.8,31.5
5803,7.52,Rainy,Medium,Evening,Bike,32,8.7,61.1
5804,20.58,Clear,Medium,Night,Bike,26,1.4,117.2
5805,10.08,Clear,Medium,Night,Bike,29,8.5,67.4
5806,3.12,Clear,Medium,Morning,Car,25,6.5,34.1
5807,9.21,Clear,High,Night,Scooter,11,1.7,60.8
5808,24.55,Foggy,Low,Afternoon,Bike,32,3.0,145.4
5809,16.11,Foggy,Medium,Evening,Car,34,7.0,125.0
5810,10.99,Clear,High,Night,Bike,25,8.1,76.3
5811,5.0,Clear,Medium,Evening,Bike,16,8.6,34.7
5812,24.67,Clear,High,Night,Scooter,13,5.7,143.1
5813,20.7,Rainy,Medium,Evening,Bike,6,5.6,109.7
5814,7.76,Rainy,Low,Morning,Bike,7,7.0,48.9
5815,2.68,Clear,High,Afternoon,Bike,9,7.9,19.3
5816,2.36,Rainy,Medium,Evening,Bike,22,2.1,40.3
5817,3.89,Rainy,Medium,Afternoon,Bike,32,7.5,59.7
5818,14.94,Foggy,Low,Evening,Scooter,18,3.7,90.5
5819,23.29,Clear,High,Morning,Bike,26,4.1,154.5
5820,12.92,Clear,Medium,Afternoon,Bike,30,1.2,78.4
5821,21.23,Clear,Low,Night,Bike,23,6.1,75.2
5822,11.7,Foggy,Medium,Afternoon,Scooter,25,1.4,101.1
5823,18.01,Rainy,Medium,Evening,Bike,9,9.2,92.5
5824,18.56,Rainy,Low,Afternoon,Bike,14,6.4,83.3
5825,5.18,Clear,Medium,Morning,Scooter,20,9.9,37.7
5826,9.67,Clear,Medium,Afternoon,Bike,28,2.8,72.2
5827,16.3,Clear,Low,Afternoon,Bike,29,7.0,74.6
5828,2.7,Rainy,High,Afternoon,Bike,24,9.7,48.9
5829,9.68,Clear,Medium,Night,Bike,30,3.3,65.8
5830,13.84,Clear,Low,Afternoon,Bike,5,1.4,56.5
5831,24.91,Rainy,Medium,Evening,Bike,25,6.5,142.2
5832,12.39,Clear,Medium,Evening,Bike,8,4.0,63.3
5833,20.59,Clear,High,Afternoon,Car,9,3.1,119.0
5834,11.37,Clear,Low,Afternoon,Bike,15,9.9,47.1
5835,20.11,Foggy,Medium,Night,Bike,18,7.7,130.7
5836,15.29,Rainy,Low,Morning,Scooter,29,5.1,88.3
5837,22.28,Foggy,High,Evening,Bike,28,1.0,212.7
5838,10.86,Clear,Medium,Night,Bike,31,2.3,73.9
5839,15.5,Foggy,Medium,Evening,Bike,15,3.3,102.8
5840,16.12,Foggy,Medium,Evening,Bike,31,5.1,120.1
5841,11.02,Rainy,High,Afternoon,Bike,28,5.2,99.6
5842,4.46,Foggy,Medium,Evening,Bike,12,0.7,45.9
5843,3.25,Clear,High,Morning,Scooter,5,9.5,23.9
5844,1.4,Clear,Low,Morning,Bike,32,5.7,30.4
5845,21.96,Clear,Medium,Morning,Bike,11,0.7,112.1
5846,6.68,Rainy,High,Night,Bike,17,7.2,57.7
5847,6.08,Rainy,Medium,Morning,Scooter,24,1.2,52.8
5848,18.66,Rainy,Low,Morning,Bike,10,7.4,84.4
5849,8.68,Clear,High,Evening,Scooter,8,7.2,52.1
5850,13.15,Clear,Low,Night,Scooter,16,9.9,51.2
5851,4.9,Clear,Low,Afternoon,Bike,9,3.7,15.7
5852,24.03,Rainy,Medium,Night,Bike,9,1.9,140.4
5853,21.44,Clear,Medium,Night,Bike,21,1.4,115.7
5854,21.73,Foggy,High,Afternoon,Bike,10,1.2,168.8
5855,10.76,Clear,Medium,Afternoon,Bike,14,8.2,64.0
5856,19.3,Clear,Medium,Afternoon,Car,20,7.3,86.2
5857,4.45,Foggy,Medium,Evening,Scooter,28,9.8,51.0
5858,1.21,Clear,Medium,Evening,Bike,33,3.4,41.3
5859,1.48,Clear,High,Evening,Scooter,25,8.1,41.2
5860,15.08,Clear,High,Morning,Scooter,18,1.4,97.8
5861,11.93,Clear,Medium,Afternoon,Bike,14,9.1,55.7
5862,13.43,Stormy,Low,Evening,Bike,33,1.0,119.4
5863,1.18,Rainy,High,Evening,Bike,32,8.0,57.6
5864,11.14,Clear,Low,Night,Bike,26,3.4,63.7
5865,18.23,Rainy,Low,Evening,Bike,25,2.2,100.7
5866,11.62,Clear,Low,Afternoon,Car,21,7.2,51.7
5867,18.57,Rainy,Low,Afternoon,Bike,9,9.0,74.0
5868,6.59,Foggy,High,Morning,Scooter,6,7.8,53.7
5869,20.52,Foggy,Medium,Morning,Bike,8,3.5,127.6
5870,15.12,Clear,High,Night,Bike,22,3.9,105.2
5871,6.06,Clear,Low,Morning,Car,12,2.3,28.4
5872,6.68,Clear,Medium,Afternoon,Bike,18,8.3,47.1
5873,16.07,Rainy,High,Morning,Car,17,1.5,136.4
5874,20.92,Clear,High,Morning,Bike,33,9.1,135.1
5875,10.98,Clear,Medium,Evening,Car,11,6.2,47.0
5876,7.2,Foggy,Low,Afternoon,Bike,13,6.1,33.5
5877,21.81,Clear,High,Night,Bike,8,8.5,116.1
5878,17.06,Clear,Medium,Morning,Scooter,9,6.8,69.6
5879,11.75,Clear,Medium,Morning,Scooter,19,3.4,71.3
5880,12.71,Clear,Medium,Night,Bike,13,3.8,56.1
5881,5.9,Clear,Medium,Night,Car,29,2.1,61.2
5882,16.04,Clear,Medium,Afternoon,Scooter,22,4.9,83.7
5883,9.61,Clear,Medium,Night,Bike,32,1.5,68.4
5884,24.9,Clear,Low,Morning,Bike,31,6.7,98.0
5885,12.52,Rainy,Medium,Afternoon,Bike,18,2.1,80.3
5886,12.66,Clear,Medium,Afternoon,Bike,19,8.7,72.3
5887,14.58,Rainy,Low,Night,Bike,5,7.2,62.3
5888,23.0,Clear,Medium,Afternoon,Scooter,23,9.0,107.4
5889,20.22,Clear,Low,Morning,Scooter,30,1.3,86.9
5890,11.83,Foggy,Medium,Morning,Bike,5,8.1,64.5
5891,18.25,Clear,High,Morning,Bike,10,8.9,95.8
5892,15.07,Clear,Low,Afternoon,Car,12,0.9,48.3
5893,12.82,Foggy,Medium,Night,Bike,8,10.0,67.3
5894,5.62,Rainy,Medium,Morning,Bike,20,3.4,53.8
5895,12.13,Clear,Low,Evening,Scooter,15,2.5,50.3
5896,6.9,Clear,High,Night,Scooter,8,4.4,44.9
5897,22.96,Rainy,Medium,Afternoon,Car,15,0.6,142.5
5898,9.05,Foggy,High,Morning,Car,14,8.9,81.6
5899,23.85,Clear,Low,Afternoon,Car,21,3.1,105.4
5900,13.79,Clear,Low,Morning,Bike,13,5.5,42.9
5901,16.16,Clear,Medium,Afternoon,Bike,14,6.4,72.4
5902,14.03,Clear,Medium,Evening,Bike,12,8.0,69.1
5903,4.11,Clear,High,Afternoon,Bike,34,2.9,65.8
5904,10.02,Clear,Low,Afternoon,Bike,18,7.3,44.6
5905,3.38,Clear,Medium,Afternoon,Bike,17,1.6,28.0
5906,15.95,Clear,Low,Morning,Bike,7,7.2,55.9
5907,11.72,Foggy,High,Night,Bike,18,9.2,100.2
5908,19.67,Clear,High,Afternoon,Bike,18,1.3,121.3
5909,6.29,Clear,Medium,Night,Bike,7,1.6,34.8
5910,4.95,Clear,Low,Morning,Scooter,33,5.8,37.3
5911,10.75,Foggy,Medium,Afternoon,Scooter,20,0.9,90.2
5912,23.24,Rainy,Low,Morning,Car,14,2.3,108.9
5913,18.05,Rainy,Low,Night,Bike,8,2.3,90.4
5914,11.05,Clear,Medium,Morning,Bike,24,5.1,66.8
5915,13.41,Foggy,High,Morning,Bike,22,2.9,122.9
5916,3.02,Clear,High,Night,Scooter,8,5.0,12.7
5917,24.63,Clear,Medium,Morning,Scooter,6,5.5,99.7
5918,16.99,Rainy,Medium,Night,Bike,15,7.4,97.2
5919,7.85,Foggy,High,Night,Car,19,9.5,79.3
5920,15.06,Rainy,Medium,Afternoon,Bike,15,5.3,86.3
5921,3.63,Foggy,Medium,Afternoon,Bike,27,3.9,50.3
5922,24.18,Foggy,High,Morning,Scooter,25,3.0,208.2
5923,5.19,Clear,Low,Morning,Bike,27,6.5,37.8
5924,16.55,Clear,Low,Morning,Bike,10,9.5,61.6
5925,6.89,Clear,Medium,Evening,Bike,22,7.8,43.1
5926,18.22,Foggy,Low,Evening,Scooter,34,2.5,110.1
5927,19.64,Clear,Medium,Afternoon,Bike,32,9.0,112.1
5928,17.16,Foggy,Medium,Night,Bike,22,7.5,120.9
5929,15.75,Clear,Medium,Evening,Car,5,1.7,69.4
5930,22.42,Clear,High,Evening,Bike,17,7.3,136.9
5931,2.89,Clear,Low,Night,Bike,5,3.2,24.5
5932,8.94,Clear,Medium,Morning,Bike,17,5.2,58.3
5933,6.96,Foggy,Low,Morning,Car,25,3.4,50.9
5934,24.71,Clear,Medium,Evening,Bike,9,1.3,115.3
5935,10.35,Clear,Medium,Evening,Scooter,27,7.8,55.1
5936,18.58,Clear,Medium,Night,Car,21,8.4,84.6
5937,17.43,Clear,Low,Night,Scooter,20,2.7,73.8
5938,6.09,Clear,Medium,Evening,Bike,25,2.8,50.6
5939,6.74,Clear,Medium,Night,Scooter,22,4.6,44.5
5940,7.75,Foggy,Low,Morning,Scooter,14,8.2,29.9
5941,10.87,Clear,Medium,Afternoon,Bike,21,1.2,68.3
5942,6.62,Clear,Medium,Evening,Bike,11,8.2,38.7
5943,1.47,Rainy,High,Afternoon,Scooter,19,9.3,37.4
5944,22.11,Clear,High,Night,Bike,23,5.8,138.9
5945,24.17,Clear,Medium,Afternoon,Bike,31,1.1,133.8
5946,9.2,Clear,High,Evening,Scooter,13,3.1,66.2
5947,9.12,Clear,Medium,Night,Car,25,1.6,65.4
5948,1.17,Rainy,High,Afternoon,Bike,25,3.0,43.7
5949,17.33,Clear,Low,Morning,Bike,9,8.2,47.9
5950,20.81,Rainy,Medium,Evening,Scooter,29,1.0,148.9
5951,4.52,Foggy,Medium,Evening,Scooter,33,3.2,63.0
5952,4.83,Clear,Medium,Evening,Car,14,5.4,26.2
5953,19.96,Clear,Low,Evening,Scooter,17,8.8,70.5
5954,15.79,Clear,Medium,Night,Scooter,5,2.9,71.4
5955,2.08,Clear,Medium,Morning,Car,25,7.9,27.0
5956,15.94,Foggy,Low,Morning,Bike,30,6.0,91.7
5957,8.41,Rainy,Medium,Afternoon,Bike,10,6.9,48.7
5958,9.85,Clear,Medium,Evening,Bike,29,8.7,64.5
5959,19.47,Clear,High,Evening,Bike,7,0.8,112.6
5960,20.46,Clear,Medium,Afternoon,Bike,21,5.5,103.1
5961,10.61,Rainy,High,Night,Bike,16,7.6,78.0
5962,23.73,Rainy,High,Morning,Scooter,31,8.9,189.5
5963,10.76,Rainy,Medium,Evening,Car,15,1.8,77.8
5964,19.52,Clear,Medium,Afternoon,Bike,12,3.7,90.6
5965,12.61,Rainy,Low,Morning,Bike,29,1.2,81.0
5966,22.54,Clear,High,Afternoon,Bike,16,8.4,122.4
5967,22.79,Clear,Low,Afternoon,Scooter,15,8.6,82.7
5968,3.1,Clear,Medium,Night,Bike,26,5.1,40.8
5969,23.48,Clear,Medium,Morning,Car,9,0.7,111.9
5970,20.81,Rainy,High,Evening,Bike,32,1.5,189.3
5971,19.99,Foggy,Medium,Morning,Bike,12,6.4,116.8
5972,5.82,Clear,High,Night,Bike,16,9.8,44.8
5973,20.32,Foggy,Low,Evening,Bike,26,8.5,101.0
5974,21.4,Clear,Low,Morning,Car,10,8.1,75.6
5975,7.94,Rainy,Medium,Night,Car,13,4.5,49.2
5976,23.85,Foggy,High,Evening,Bike,29,9.9,191.0
5977,2.2,Clear,Medium,Evening,Scooter,21,8.3,28.3
5978,4.6,Foggy,High,Afternoon,Bike,32,3.7,88.6
5979,13.9,Clear,High,Afternoon,Bike,6,7.6,78.7
5980,14.82,Clear,High,Night,Car,5,4.6,74.4
5981,16.48,Rainy,Medium,Evening,Bike,22,6.8,98.1
5982,1.41,Foggy,Medium,Morning,Bike,7,9.7,11.2
5983,24.05,Foggy,Low,Evening,Bike,33,2.8,134.1
5984,2.07,Rainy,High,Night,Bike,18,8.1,41.3
5985,4.43,Clear,High,Morning,Bike,17,6.1,31.3
5986,1.34,Clear,Medium,Evening,Scooter,6,9.5,17.3
5987,14.6,Stormy,Low,Morning,Bike,26,1.8,116.9
5988,23.37,Clear,Low,Afternoon,Bike,8,7.3,79.5
5989,16.98,Rainy,High,Morning,Bike,19,0.9,143.1
5990,20.74,Clear,Low,Afternoon,Bike,9,2.8,76.8
5991,1.32,Rainy,High,Morning,Scooter,14,3.5,29.6
5992,14.01,Clear,Medium,Afternoon,Car,13,4.6,74.8
5993,12.03,Stormy,Medium,Night,Car,22,9.7,100.9
5994,12.98,Rainy,High,Morning,Bike,7,1.1,99.4
5995,2.73,Foggy,Low,Evening,Car,18,2.1,25.8
5996,17.43,Clear,Medium,Night,Bike,14,2.4,89.7
5997,13.08,Rainy,High,Night,Bike,21,4.5,110.7
5998,19.36,Rainy,Medium,Morning,Scooter,19,1.1,124.5
5999,12.65,Rainy,High,Night,Bike,22,9.7,97.2
6000,4.59,Foggy,High,Afternoon,Bike,21,5.8,64.7
6001,16.56,Clear,Low,Afternoon,Car,34,8.2,74.5
6002,5.14,Clear,Low,Morning,Scooter,29,7.8,44.2
6003,21.94,Clear,Medium,Night,Bike,7,6.8,93.8
6004,15.71,Clear,Medium,Evening,Scooter,20,9.1,79.1
6005,4.77,Stormy,Medium,Morning,Scooter,23,9.1,58.4
6006,24.1,Clear,High,Morning,Car,17,1.7,154.3
6007,13.44,Clear,Low,Night,Bike,27,9.1,61.6
6008,2.75,Clear,Medium,Afternoon,Scooter,21,5.5,28.5
6009,16.04,Clear,Low,Night,Scooter,29,3.0,73.6
6010,7.08,Clear,Low,Evening,Scooter,27,6.3,38.0
6011,20.29,Clear,Medium,Evening,Scooter,20,3.2,103.2
6012,20.63,Clear,High,Evening,Bike,13,5.1,118.8
6013,24.49,Clear,Low,Evening,Bike,28,8.3,96.1
6014,13.04,Stormy,Medium,Morning,Car,25,0.8,125.8
6015,11.92,Clear,Medium,Evening,Bike,16,2.2,65.3
6016,19.08,Clear,Low,Evening,Bike,7,9.6,57.2
6017,4.18,Stormy,Medium,Evening,Scooter,31,4.7,79.0
6018,14.13,Rainy,High,Night,Bike,13,3.4,109.2
6019,14.11,Stormy,Medium,Afternoon,Bike,20,9.3,112.6
6020,3.15,Stormy,Low,Afternoon,Bike,9,9.2,28.1
6021,11.03,Clear,Medium,Afternoon,Scooter,29,0.9,85.1
6022,21.48,Rainy,Medium,Evening,Car,23,3.9,132.6
6023,21.55,Clear,Low,Night,Scooter,26,9.2,75.5
6024,3.38,Clear,Low,Morning,Bike,17,2.2,30.5
6025,3.18,Foggy,Low,Night,Car,6,6.0,12.1
6026,7.3,Clear,Low,Morning,Bike,23,3.5,39.2
6027,21.99,Rainy,Low,Night,Bike,22,7.5,106.7
6028,4.09,Rainy,Medium,Afternoon,Bike,16,2.0,37.8
6029,18.28,Clear,Medium,Afternoon,Car,22,6.2,89.6
6030,3.43,Foggy,High,Evening,Bike,9,0.5,41.1
6031,15.96,Clear,Medium,Afternoon,Scooter,30,2.9,95.5
6032,9.55,Clear,High,Afternoon,Bike,24,2.0,78.2
6033,19.93,Foggy,Medium,Afternoon,Bike,31,2.5,152.3
6034,6.61,Clear,Low,Night,Car,24,8.7,43.0
6035,16.34,Rainy,Medium,Afternoon,Bike,33,9.2,115.0
6036,6.66,Clear,High,Morning,Scooter,12,7.7,49.3
6037,18.13,Clear,Low,Evening,Bike,34,6.1,78.9
6038,21.97,Foggy,Low,Night,Scooter,26,2.7,115.6
6039,4.04,Rainy,Medium,Morning,Scooter,20,3.1,31.5
6040,21.8,Clear,Medium,Night,Bike,30,3.4,124.1
6041,15.25,Clear,Medium,Afternoon,Bike,6,7.9,65.1
6042,4.05,Foggy,Low,Night,Car,17,2.9,32.4
6043,11.26,Clear,Low,Night,Scooter,5,9.7,27.4
6044,4.86,Foggy,Medium,Evening,Bike,9,8.1,28.6
6045,17.81,Clear,Medium,Night,Scooter,27,10.0,80.4
6046,19.21,Rainy,Medium,Night,Scooter,25,4.9,128.4
6047,3.54,Foggy,Medium,Evening,Bike,16,6.1,40.4
6048,13.15,Clear,Medium,Night,Bike,8,3.2,55.9
6049,20.55,Rainy,Low,Night,Car,9,6.2,94.3
6050,23.47,Rainy,Medium,Morning,Car,15,9.8,116.8
6051,13.32,Rainy,Low,Morning,Scooter,14,0.8,70.3
6052,23.81,Clear,Medium,Night,Bike,12,3.2,112.4
6053,13.86,Rainy,Medium,Night,Car,25,3.2,97.4
6054,10.46,Rainy,Low,Afternoon,Scooter,13,9.8,46.6
6055,21.36,Foggy,Low,Morning,Bike,30,1.8,125.1
6056,12.83,Rainy,Low,Afternoon,Scooter,11,8.2,55.1
6057,12.33,Clear,Low,Night,Car,31,3.1,66.0
6058,12.77,Stormy,Medium,Afternoon,Bike,33,8.7,125.1
6059,21.32,Clear,High,Afternoon,Car,18,5.1,128.9
6060,20.97,Clear,Medium,Evening,Car,15,2.8,107.8
6061,10.68,Clear,Medium,Evening,Bike,34,7.2,67.8
6062,9.0,Clear,Medium,Night,Car,22,8.5,55.5
6063,12.81,Clear,Medium,Morning,Car,29,5.0,77.0
6064,14.75,Clear,High,Night,Bike,22,7.3,94.3
6065,6.72,Clear,High,Morning,Bike,26,2.2,67.2
6066,20.05,Rainy,High,Evening,Bike,34,9.4,157.3
6067,12.68,Clear,High,Morning,Bike,12,1.4,87.8
6068,9.02,Clear,Low,Afternoon,Scooter,6,2.6,34.5
6069,3.56,Clear,Medium,Afternoon,Bike,26,3.2,46.4
6070,6.73,Clear,High,Evening,Car,25,2.0,62.8
6071,23.78,Clear,Medium,Night,Car,11,4.4,96.5
6072,8.32,Rainy,High,Morning,Bike,30,4.8,96.6
6073,5.05,Stormy,Low,Night,Bike,33,5.4,73.4
6074,12.06,Foggy,Medium,Morning,Bike,9,0.9,81.7
6075,8.37,Foggy,High,Evening,Bike,18,2.6,82.6
6076,1.84,Clear,Medium,Afternoon,Bike,18,8.2,17.7
6077,8.76,Clear,Medium,Afternoon,Bike,7,8.2,49.9
6078,14.06,Clear,Low,Morning,Bike,10,3.6,52.2
6079,14.24,Rainy,Medium,Night,Bike,27,4.9,94.2
6080,9.56,Clear,High,Evening,Car,21,2.2,83.7
6081,11.74,Rainy,Medium,Evening,Bike,28,8.3,82.6
6082,24.17,Clear,Low,Night,Bike,12,9.6,70.5
6083,10.06,Clear,Low,Afternoon,Scooter,33,3.3,69.0
6084,7.2,Stormy,High,Night,Bike,24,7.9,103.1
6085,6.84,Rainy,Medium,Afternoon,Bike,34,3.8,64.8
6086,11.99,Foggy,Low,Morning,Scooter,34,0.5,96.2
6087,19.23,Rainy,Low,Evening,Bike,28,6.2,92.4
6088,5.94,Foggy,High,Morning,Bike,7,4.4,45.7
6089,18.02,Rainy,High,Night,Bike,33,7.7,147.5
6090,1.51,Foggy,Low,Night,Bike,19,7.6,33.3
6091,11.05,Clear,Medium,Morning,Bike,9,9.5,59.4
6092,19.62,Rainy,High,Night,Scooter,23,4.7,152.6
6093,9.13,Rainy,Medium,Night,Bike,6,5.1,59.4
6094,14.53,Clear,High,Night,Bike,25,4.3,94.6
6095,5.92,Foggy,Medium,Evening,Scooter,12,3.3,51.4
6096,18.81,Stormy,Medium,Evening,Car,13,6.6,144.2
6097,2.25,Clear,Medium,Afternoon,Car,9,8.4,24.0
6098,21.46,Clear,High,Evening,Bike,7,2.0,125.6
6099,5.76,Clear,Medium,Morning,Bike,16,9.8,38.0
6100,21.99,Foggy,Low,Morning,Bike,7,7.0,92.5
6101,9.46,Rainy,Medium,Evening,Car,28,7.9,73.5
6102,18.34,Clear,High,Morning,Scooter,23,10.0,111.5
6103,8.66,Clear,Medium,Night,Bike,20,5.3,52.2
6104,22.74,Clear,Medium,Evening,Bike,29,1.2,131.8
6105,4.04,Rainy,Medium,Afternoon,Bike,30,8.0,51.4
6106,5.28,Clear,Low,Afternoon,Bike,20,8.8,38.4
6107,12.83,Clear,Low,Evening,Car,5,2.0,48.7
6108,2.97,Rainy,Low,Morning,Bike,21,0.7,43.2
6109,5.7,Clear,Medium,Evening,Bike,25,1.8,54.7
6110,23.65,Clear,Medium,Evening,Car,24,3.6,120.2
6111,24.44,Clear,High,Afternoon,Bike,7,9.3,126.4
6112,10.03,Clear,High,Night,Bike,21,0.5,78.2
6113,23.16,Clear,Medium,Night,Bike,27,8.1,113.5
6114,14.08,Stormy,Medium,Evening,Bike,21,8.6,110.2
6115,7.47,Foggy,Low,Afternoon,Bike,20,8.2,54.7
6116,17.86,Foggy,Low,Afternoon,Bike,10,1.3,88.2
6117,16.81,Foggy,Low,Evening,Bike,30,7.0,98.2
6118,24.74,Clear,Medium,Evening,Bike,22,9.6,100.1
6119,7.36,Clear,Low,Evening,Bike,18,1.6,37.9
6120,17.13,Clear,Low,Night,Scooter,24,0.8,76.3
6121,2.25,Foggy,Medium,Evening,Bike,12,8.8,29.3
6122,3.73,Rainy,Medium,Afternoon,Bike,23,6.6,45.1
6123,1.09,Clear,Medium,Evening,Bike,13,6.6,21.1
6124,24.99,Clear,Medium,Afternoon,Bike,25,9.7,117.0
6125,20.25,Clear,Low,Afternoon,Bike,26,7.8,87.1
6126,19.88,Clear,Low,Morning,Scooter,22,4.3,83.7
6127,13.23,Foggy,Low,Afternoon,Bike,5,4.6,54.0
6128,8.2,Clear,Low,Morning,Scooter,25,1.9,46.9
6129,4.63,Foggy,Medium,Evening,Bike,21,3.4,50.7
6130,7.83,Clear,High,Morning,Scooter,8,4.7,33.9
6131,10.02,Rainy,Medium,Night,Car,20,3.0,68.1
6132,19.15,Foggy,Medium,Night,Bike,28,9.2,135.5
6133,13.95,Foggy,High,Night,Bike,34,0.6,155.3
6134,2.86,Clear,Low,Evening,Bike,16,6.1,20.2
6135,1.43,Clear,Low,Afternoon,Car,17,7.8,10.0
6136,3.46,Clear,Medium,Night,Bike,6,7.5,12.0
6137,10.85,Clear,Medium,Morning,Scooter,26,6.6,68.6
6138,23.4,Rainy,Medium,Evening,Scooter,16,4.4,130.4
6139,16.3,Foggy,Medium,Evening,Bike,14,9.2,90.1
6140,20.24,Clear,Low,Morning,Bike,33,3.6,98.5
6141,12.19,Clear,Medium,Morning,Bike,34,7.6,73.9
6142,9.68,Clear,Low,Evening,Scooter,19,9.3,35.7
6143,3.6,Foggy,High,Evening,Bike,9,1.7,40.3
6144,22.02,Stormy,High,Afternoon,Bike,5,9.5,173.9
6145,19.8,Clear,Low,Evening,Bike,12,7.9,65.5
6146,5.03,Clear,Low,Morning,Bike,25,6.4,33.7
6147,13.29,Rainy,Low,Evening,Bike,29,4.0,75.4
6148,12.7,Rainy,Low,Evening,Car,22,9.1,56.0
6149,16.0,Clear,Medium,Morning,Scooter,10,0.9,81.7
6150,23.71,Foggy,Medium,Afternoon,Scooter,27,4.6,162.6
6151,14.91,Stormy,High,Evening,Scooter,5,7.7,126.0
6152,13.97,Rainy,Medium,Night,Scooter,18,8.2,86.4
6153,2.21,Rainy,Low,Night,Bike,14,2.4,20.1
6154,2.51,Clear,Low,Morning,Car,8,1.0,10.0
6155,5.5,Rainy,Low,Morning,Bike,22,8.1,43.3
6156,1.78,Clear,Low,Morning,Bike,27,4.5,25.5
6157,18.84,Clear,High,Night,Bike,23,1.9,131.9
6158,18.36,Clear,Low,Morning,Bike,29,1.3,85.2
6159,4.27,Clear,High,Night,Bike,12,6.6,34.5
6160,21.07,Clear,Medium,Afternoon,Bike,16,6.0,99.2
6161,4.71,Clear,Medium,Morning,Scooter,14,8.6,30.9
6162,8.23,Rainy,Medium,Evening,Bike,17,0.8,69.2
6163,6.98,Rainy,Medium,Afternoon,Bike,11,8.8,45.5
6164,9.94,Clear,Medium,Night,Car,28,8.9,67.8
6165,7.11,Clear,Medium,Morning,Bike,21,4.7,56.0
6166,12.73,Foggy,Low,Evening,Bike,30,1.2,79.5
6167,10.78,Clear,High,Night,Scooter,16,9.5,75.7
6168,24.68,Stormy,Low,Afternoon,Bike,10,1.2,151.6
6169,2.34,Clear,Medium,Evening,Bike,27,6.1,36.3
6170,4.41,Rainy,Medium,Afternoon,Bike,11,5.2,38.5
6171,2.27,Clear,Low,Morning,Bike,17,8.4,17.5
6172,16.02,Rainy,Low,Evening,Bike,18,5.3,80.9
6173,2.31,Foggy,Low,Morning,Bike,29,5.0,32.3
6174,21.07,Foggy,Medium,Night,Bike,27,8.9,127.2
6175,13.29,Stormy,Medium,Night,Bike,32,9.7,125.9
6176,13.65,Clear,High,Afternoon,Car,27,5.7,101.2
6177,14.48,Rainy,Medium,Morning,Bike,17,4.8,89.5
6178,5.1,Clear,Low,Morning,Car,10,8.4,18.6
6179,5.74,Rainy,Medium,Evening,Bike,23,8.4,52.4
6180,8.65,Clear,Medium,Night,Scooter,17,3.5,49.8
6181,15.24,Foggy,Medium,Morning,Bike,26,6.0,109.4
6182,6.04,Foggy,Medium,Morning,Bike,13,2.0,47.3
6183,3.79,Clear,Medium,Morning,Bike,15,6.5,24.5
6184,24.28,Clear,Low,Night,Car,14,8.4,83.0
6185,1.53,Clear,Medium,Night,Bike,7,2.3,19.1
6186,20.26,Rainy,Low,Night,Bike,23,3.6,99.0
6187,19.91,Clear,Medium,Afternoon,Bike,31,4.8,109.0
6188,8.13,Foggy,Low,Night,Bike,11,8.5,40.9
6189,4.26,Rainy,High,Night,Scooter,27,7.4,59.1
6190,4.5,Rainy,Medium,Night,Scooter,9,3.5,38.8
6191,17.74,Rainy,Medium,Evening,Bike,28,2.8,114.6
6192,16.43,Clear,High,Evening,Bike,28,7.1,113.8
6193,19.79,Foggy,High,Morning,Bike,31,5.1,176.5
6194,23.5,Rainy,Medium,Evening,Car,31,6.1,148.7
6195,17.61,Stormy,Low,Afternoon,Bike,19,6.7,111.3
6196,4.74,Clear,High,Afternoon,Bike,6,5.8,37.2
6197,6.84,Rainy,Medium,Morning,Bike,15,6.3,52.5
6198,21.21,Clear,Medium,Morning,Bike,10,8.9,89.5
6199,6.02,Rainy,High,Afternoon,Scooter,9,8.7,50.9
6200,2.74,Rainy,Low,Afternoon,Bike,24,1.9,37.7
6201,17.88,Rainy,Low,Afternoon,Scooter,11,6.1,73.3
6202,10.66,Rainy,Medium,Morning,Bike,8,4.7,64.8
6203,23.08,Clear,High,Afternoon,Scooter,9,3.2,135.5
6204,16.61,Stormy,Medium,Morning,Bike,28,6.5,147.8
6205,3.17,Stormy,Medium,Afternoon,Car,9,5.4,31.6
6206,23.75,Clear,Medium,Afternoon,Bike,31,7.9,114.6
6207,7.21,Foggy,Medium,Evening,Scooter,33,1.4,77.0
6208,9.09,Clear,High,Afternoon,Scooter,31,3.4,68.9
6209,10.65,Rainy,Low,Morning,Bike,29,0.7,68.3
6210,2.23,Clear,Medium,Afternoon,Bike,14,7.6,33.2
6211,12.92,Stormy,High,Night,Car,22,9.2,142.7
6212,3.96,Clear,Medium,Evening,Bike,6,6.1,22.8
6213,10.62,Clear,Medium,Afternoon,Car,19,6.4,64.0
6214,9.42,Clear,Low,Afternoon,Bike,13,0.9,41.5
6215,19.55,Clear,High,Night,Bike,6,5.3,105.9
6216,20.28,Rainy,Medium,Night,Bike,7,5.5,103.9
6217,4.68,Clear,Medium,Night,Bike,26,0.9,42.2
6218,9.8,Rainy,Medium,Night,Bike,24,7.9,67.5
6219,9.96,Stormy,Medium,Night,Bike,28,3.1,109.1
6220,4.63,Foggy,Medium,Night,Car,28,7.4,56.1
6221,20.16,Foggy,High,Afternoon,Scooter,6,4.3,153.3
6222,17.97,Clear,Medium,Morning,Bike,6,10.0,77.0
6223,5.57,Clear,Medium,Afternoon,Bike,23,2.5,38.2
6224,9.8,Clear,Medium,Afternoon,Scooter,18,1.1,58.4
6225,3.54,Clear,Low,Afternoon,Bike,31,9.8,26.2
6226,16.08,Foggy,Low,Evening,Scooter,22,2.8,79.0
6227,3.91,Clear,High,Morning,Bike,25,6.5,49.1
6228,24.66,Foggy,Medium,Morning,Scooter,5,4.1,140.6
6229,19.74,Clear,Medium,Evening,Bike,11,6.6,88.1
6230,10.37,Foggy,Low,Morning,Scooter,12,6.2,56.3
6231,14.89,Clear,High,Evening,Bike,16,7.2,91.0
6232,22.87,Clear,Medium,Afternoon,Bike,8,0.7,101.8
6233,14.3,Rainy,High,Morning,Bike,27,8.4,118.4
6234,5.19,Clear,High,Afternoon,Bike,29,5.0,68.1
6235,10.09,Rainy,High,Night,Bike,11,5.4,79.7
6236,21.24,Rainy,High,Afternoon,Scooter,22,4.4,157.3
6237,16.46,Clear,Low,Morning,Bike,22,9.9,64.7
6238,16.62,Foggy,High,Afternoon,Bike,30,8.1,156.5
6239,21.8,Clear,Low,Afternoon,Bike,14,3.5,86.7
6240,22.46,Rainy,High,Evening,Scooter,14,7.9,158.4
6241,23.08,Clear,Low,Morning,Scooter,10,4.7,75.1
6242,3.28,Rainy,Medium,Afternoon,Scooter,28,8.8,44.7
6243,14.06,Clear,Low,Evening,Car,16,0.8,59.5
6244,18.77,Clear,High,Morning,Car,14,3.9,118.8
6245,19.17,Clear,Low,Night,Scooter,31,4.6,81.3
6246,15.56,Clear,Medium,Afternoon,Bike,17,7.6,71.0
6247,5.0,Clear,High,Afternoon,Bike,30,2.2,64.2
6248,20.14,Rainy,Medium,Afternoon,Bike,34,3.2,134.9
6249,18.28,Rainy,Low,Afternoon,Car,31,7.4,96.0
6250,3.07,Clear,Medium,Afternoon,Bike,16,1.2,18.7
6251,12.13,Clear,Low,Night,Bike,23,2.4,64.5
6252,5.18,Clear,Medium,Night,Car,5,7.7,10.5
6253,9.1,Clear,High,Morning,Bike,5,8.8,54.3
6254,1.43,Clear,Medium,Morning,Scooter,15,7.4,16.0
6255,10.61,Clear,Low,Evening,Scooter,22,5.5,43.0
6256,14.2,Stormy,Medium,Evening,Scooter,30,1.4,145.2
6257,15.87,Rainy,High,Evening,Scooter,26,8.4,132.5
6258,16.92,Clear,Low,Night,Scooter,6,1.7,68.2
6259,21.07,Clear,Medium,Morning,Scooter,10,4.2,101.4
6260,6.17,Rainy,Medium,Morning,Bike,20,1.0,51.3
6261,3.89,Clear,High,Night,Scooter,31,7.2,55.9
6262,21.44,Rainy,High,Morning,Scooter,5,5.3,130.8
6263,4.76,Foggy,Medium,Afternoon,Bike,13,9.1,38.4
6264,24.39,Rainy,Medium,Morning,Bike,32,1.8,163.6
6265,21.22,Clear,Medium,Morning,Bike,19,8.3,96.0
6266,13.02,Rainy,Low,Afternoon,Bike,20,5.4,58.7
6267,24.55,Stormy,Low,Evening,Bike,18,4.0,147.9
6268,3.34,Rainy,Medium,Evening,Scooter,11,6.6,37.2
6269,8.27,Rainy,Low,Evening,Bike,5,8.0,36.7
6270,16.32,Clear,High,Night,Bike,20,4.7,106.3
6271,9.4,Clear,Low,Afternoon,Bike,13,2.7,40.8
6272,23.28,Rainy,Low,Afternoon,Bike,33,9.2,113.5
6273,2.58,Foggy,Medium,Night,Bike,29,3.5,41.9
6274,14.19,Rainy,Low,Afternoon,Bike,15,10.0,55.4
6275,15.18,Rainy,Medium,Morning,Car,34,7.8,102.7
6276,16.67,Clear,Medium,Evening,Scooter,14,7.0,75.2
6277,7.14,Clear,Medium,Afternoon,Car,15,0.6,54.8
6278,9.75,Clear,High,Afternoon,Bike,10,4.8,62.9
6279,21.25,Clear,High,Evening,Car,6,5.3,114.0
6280,5.68,Rainy,Low,Night,Scooter,22,4.1,42.5
6281,20.84,Clear,High,Evening,Car,16,1.9,123.2
6282,14.5,Rainy,Medium,Night,Bike,18,4.0,87.3
6283,19.29,Foggy,Medium,Night,Bike,12,1.2,119.3
6284,18.13,Clear,Medium,Morning,Bike,29,3.3,97.9
6285,5.98,Clear,Low,Evening,Car,8,1.3,33.0
6286,14.65,Rainy,High,Afternoon,Scooter,22,7.6,120.5
6287,21.83,Stormy,Medium,Night,Bike,25,6.9,166.8
6288,11.37,Rainy,Medium,Morning,Bike,17,9.4,62.5
6289,24.2,Clear,Low,Evening,Scooter,27,4.1,93.5
6290,11.85,Clear,High,Night,Car,18,8.0,77.7
6291,4.43,Clear,High,Morning,Scooter,24,6.1,51.4
6292,10.35,Clear,Low,Afternoon,Scooter,32,6.6,57.8
6293,23.84,Foggy,Medium,Night,Bike,29,5.7,153.4
6294,8.67,Foggy,Medium,Night,Bike,32,7.9,79.2
6295,21.83,Clear,Medium,Afternoon,Car,19,0.9,112.7
6296,22.15,Clear,Medium,Afternoon,Scooter,24,1.3,124.5
6297,9.4,Clear,Medium,Afternoon,Scooter,28,1.4,71.5
6298,3.0,Foggy,Low,Night,Bike,23,3.2,28.6
6299,18.39,Clear,Medium,Morning,Bike,32,6.1,92.7
6300,8.48,Rainy,Medium,Morning,Bike,18,6.6,59.0
6301,19.79,Clear,Medium,Afternoon,Bike,16,7.3,88.2
6302,11.62,Rainy,High,Morning,Bike,26,3.2,107.6
6303,12.65,Clear,Low,Afternoon,Car,19,6.7,49.7
6304,19.67,Clear,Low,Afternoon,Scooter,10,1.6,77.9
6305,10.18,Rainy,Low,Evening,Bike,23,0.6,56.7
6306,11.64,Rainy,Low,Morning,Bike,6,7.1,58.1
6307,10.03,Clear,Low,Night,Scooter,10,7.3,34.8
6308,9.82,Clear,High,Evening,Bike,27,6.4,84.1
6309,13.62,Clear,Low,Afternoon,Scooter,27,3.0,62.8
6310,20.41,Clear,Medium,Evening,Bike,30,9.3,95.1
6311,9.68,Rainy,Low,Afternoon,Bike,15,8.8,47.1
6312,13.58,Foggy,Medium,Afternoon,Bike,5,5.4,70.7
6313,17.1,Clear,High,Afternoon,Bike,32,9.9,117.2
6314,7.47,Clear,Low,Morning,Bike,26,3.3,44.5
6315,7.66,Clear,High,Afternoon,Scooter,13,5.2,51.4
6316,23.4,Clear,High,Afternoon,Scooter,17,9.3,132.2
6317,18.36,Clear,Medium,Morning,Car,13,4.9,91.7
6318,14.85,Rainy,Medium,Morning,Car,19,5.0,92.7
6319,16.55,Clear,Medium,Afternoon,Bike,32,1.3,98.7
6320,1.7,Rainy,High,Morning,Bike,22,2.5,45.5
6321,15.83,Foggy,Low,Night,Scooter,8,2.0,80.1
6322,13.23,Foggy,Medium,Night,Bike,26,5.9,98.0
6323,14.1,Stormy,Medium,Afternoon,Car,8,3.5,112.5
6324,9.63,Rainy,Low,Evening,Bike,16,1.2,53.3
6325,2.96,Foggy,High,Morning,Car,13,5.3,47.2
6326,5.64,Clear,Medium,Evening,Car,22,6.9,38.6
6327,23.82,Clear,Medium,Night,Bike,30,7.5,123.4
6328,10.81,Clear,Medium,Afternoon,Bike,10,8.5,48.9
6329,12.2,Rainy,Low,Night,Bike,21,5.1,67.3
6330,2.27,Foggy,Low,Morning,Bike,29,4.2,27.8
6331,1.9,Clear,Medium,Morning,Scooter,21,7.0,37.1
6332,18.21,Rainy,Medium,Afternoon,Bike,33,0.6,135.6
6333,13.91,Rainy,Low,Morning,Bike,17,6.5,72.5
6334,13.21,Foggy,Low,Morning,Car,16,4.4,64.8
6335,6.83,Rainy,Medium,Morning,Car,18,4.8,54.2
6336,18.87,Stormy,High,Evening,Bike,12,3.3,183.2
6337,5.04,Clear,High,Afternoon,Car,33,1.7,63.4
6338,5.56,Clear,Low,Afternoon,Bike,19,4.3,38.9
6339,12.06,Clear,Medium,Afternoon,Scooter,13,3.4,63.1
6340,7.87,Clear,High,Morning,Bike,5,9.6,42.9
6341,6.94,Clear,Medium,Morning,Car,21,9.5,47.2
6342,16.49,Rainy,High,Morning,Scooter,14,6.6,114.9
6343,16.62,Rainy,High,Afternoon,Bike,34,9.1,142.3
6344,20.79,Rainy,Low,Evening,Bike,27,7.6,100.8
6345,11.03,Clear,Low,Night,Bike,30,3.8,59.7
6346,2.75,Clear,Low,Afternoon,Scooter,9,6.2,20.4
6347,7.57,Clear,Low,Afternoon,Car,15,2.6,34.9
6348,24.52,Clear,High,Evening,Scooter,7,7.0,128.3
6349,15.31,Rainy,High,Night,Scooter,29,0.9,142.4
6350,18.03,Clear,Low,Night,Scooter,6,8.4,56.1
6351,1.18,Clear,Medium,Morning,Car,26,6.0,33.9
6352,13.44,Rainy,Medium,Night,Scooter,8,1.1,78.5
6353,1.9,Clear,Medium,Morning,Bike,25,8.8,34.0
6354,14.66,Stormy,Medium,Afternoon,Scooter,6,8.8,98.8
6355,23.1,Clear,High,Evening,Bike,5,8.6,113.9
6356,24.24,Stormy,Low,Afternoon,Car,13,7.9,126.8
6357,13.97,Clear,Low,Night,Bike,7,6.9,41.6
6358,12.0,Rainy,Low,Afternoon,Bike,10,4.3,51.7
6359,23.68,Clear,Medium,Evening,Bike,18,1.8,123.4
6360,17.17,Foggy,Medium,Evening,Scooter,29,3.2,135.4
6361,2.56,Clear,Medium,Morning,Bike,5,3.8,15.7
6362,12.18,Clear,Medium,Afternoon,Car,16,3.9,69.9
6363,6.77,Foggy,High,Evening,Bike,25,5.9,80.1
6364,12.28,Clear,Medium,Evening,Bike,20,2.5,67.8
6365,11.93,Clear,Medium,Evening,Bike,24,2.3,77.4
6366,14.97,Clear,High,Evening,Bike,23,7.3,101.7
6367,9.56,Rainy,High,Night,Bike,22,0.6,100.8
6368,4.94,Clear,Low,Afternoon,Bike,18,1.9,31.0
6369,13.09,Clear,Medium,Afternoon,Bike,7,4.6,58.0
6370,20.92,Clear,High,Afternoon,Bike,18,1.9,135.1
6371,16.94,Rainy,Low,Night,Bike,21,9.6,79.7
6372,9.12,Rainy,Medium,Night,Scooter,17,6.9,62.4
6373,23.45,Clear,Medium,Evening,Bike,5,4.6,95.5
6374,22.89,Clear,Low,Night,Bike,33,1.6,103.4
6375,6.02,Clear,Low,Morning,Bike,33,4.2,36.9
6376,1.95,Clear,Medium,Night,Bike,12,6.7,16.7
6377,18.79,Clear,High,Evening,Bike,25,9.7,112.7
6378,20.86,Clear,High,Afternoon,Scooter,6,5.0,99.9
6379,24.23,Clear,High,Night,Car,23,7.1,158.6
6380,22.36,Foggy,Low,Afternoon,Bike,19,2.4,113.3
6381,15.41,Clear,Low,Afternoon,Bike,18,6.4,57.1
6382,13.72,Rainy,High,Morning,Bike,18,2.8,122.9
6383,1.67,Clear,Medium,Morning,Bike,22,2.4,22.4
6384,6.92,Clear,Medium,Night,Bike,19,5.3,38.1
6385,12.03,Foggy,Low,Afternoon,Bike,14,2.5,65.7
6386,16.08,Clear,Low,Evening,Car,22,7.4,63.2
6387,14.37,Clear,Medium,Afternoon,Bike,24,9.4,71.4
6388,18.82,Rainy,Low,Afternoon,Bike,32,4.2,98.3
6389,7.71,Clear,High,Morning,Scooter,8,3.6,49.6
6390,14.56,Clear,Low,Morning,Bike,11,2.2,66.0
6391,3.12,Clear,High,Morning,Bike,6,4.2,15.5
6392,10.93,Clear,High,Morning,Scooter,13,5.8,75.3
6393,19.0,Rainy,Medium,Night,Bike,27,4.0,131.9
6394,17.64,Clear,Medium,Night,Scooter,8,6.4,73.9
6395,24.78,Clear,Medium,Afternoon,Bike,16,6.8,113.6
6396,7.67,Clear,Low,Night,Bike,27,1.4,46.8
6397,12.96,Clear,Medium,Evening,Scooter,14,7.1,54.6
6398,8.91,Stormy,Medium,Afternoon,Bike,15,9.1,80.7
6399,11.57,Clear,Medium,Afternoon,Bike,5,0.7,55.2
6400,21.57,Stormy,Medium,Evening,Bike,17,5.7,160.3
6401,17.42,Rainy,Medium,Afternoon,Car,11,6.2,87.3
6402,22.18,Rainy,Medium,Evening,Scooter,33,7.2,141.8
6403,5.88,Clear,Medium,Morning,Bike,10,4.2,34.2
6404,21.96,Clear,Medium,Morning,Scooter,13,8.3,98.5
6405,2.43,Foggy,Medium,Morning,Scooter,28,5.6,48.8
6406,22.33,Foggy,High,Evening,Car,22,4.4,182.0
6407,8.9,Clear,Medium,Night,Bike,31,7.3,45.2
6408,8.55,Clear,Medium,Night,Car,7,9.3,37.7
6409,13.29,Clear,Medium,Afternoon,Bike,17,8.2,65.0
6410,23.58,Foggy,Medium,Morning,Car,7,9.3,124.1
6411,2.15,Clear,Medium,Morning,Bike,17,3.0,32.8
6412,9.45,Rainy,Low,Afternoon,Bike,34,1.6,70.4
6413,21.56,Rainy,High,Morning,Scooter,32,5.6,181.2
6414,10.51,Rainy,Low,Morning,Scooter,10,0.9,54.9
6415,5.78,Rainy,Medium,Evening,Bike,22,6.9,43.9
6416,11.2,Clear,Low,Afternoon,Bike,31,2.8,54.9
6417,10.25,Stormy,Low,Evening,Bike,6,4.8,66.2
6418,22.97,Rainy,High,Morning,Bike,24,6.7,167.6
6419,19.29,Rainy,Medium,Morning,Bike,21,5.1,118.6
6420,13.12,Clear,High,Afternoon,Bike,5,2.7,71.5
6421,24.72,Rainy,Low,Morning,Bike,21,8.9,111.2
6422,12.17,Clear,Low,Night,Bike,9,7.8,45.2
6423,2.4,Clear,Low,Evening,Bike,33,6.2,30.1
6424,7.29,Rainy,Medium,Evening,Car,13,7.1,51.5
6425,11.47,Clear,High,Night,Bike,8,4.4,70.9
6426,4.77,Rainy,Medium,Afternoon,Scooter,18,4.1,40.2
6427,23.74,Clear,Medium,Afternoon,Car,12,2.0,112.4
6428,19.4,Rainy,High,Morning,Bike,27,8.1,154.3
6429,7.44,Clear,Low,Afternoon,Bike,17,4.1,42.7
6430,15.18,Rainy,Medium,Night,Bike,10,7.1,81.3
6431,18.31,Clear,Medium,Afternoon,Bike,18,3.3,102.2
6432,23.59,Rainy,Low,Morning,Bike,13,8.1,94.3
6433,22.16,Foggy,Low,Night,Bike,30,1.5,121.3
6434,13.36,Clear,Low,Morning,Car,21,6.4,50.4
6435,19.59,Clear,High,Evening,Bike,11,8.2,108.5
6436,14.49,Rainy,Medium,Evening,Scooter,13,6.8,82.4
6437,14.26,Rainy,High,Afternoon,Bike,19,7.1,112.3
6438,3.75,Rainy,Medium,Night,Bike,14,5.5,30.1
6439,4.03,Rainy,Medium,Night,Bike,18,5.8,50.2
6440,13.71,Clear,Medium,Night,Bike,20,1.1,86.2
6441,7.45,Clear,High,Morning,Scooter,33,2.9,74.6
6442,1.5,Clear,Low,Night,Bike,34,7.4,28.3
6443,18.35,Clear,Medium,Afternoon,Bike,6,9.5,74.2
6444,1.78,Rainy,Medium,Evening,Bike,33,5.6,48.3
6445,15.29,Clear,High,Afternoon,Bike,8,7.4,77.6
6446,13.94,Foggy,High,Evening,Scooter,25,7.0,119.5
6447,24.25,Foggy,Medium,Evening,Scooter,19,10.0,132.1
6448,12.62,Foggy,Low,Afternoon,Scooter,15,8.1,71.7
6449,2.53,Foggy,Low,Evening,Bike,25,6.5,30.6
6450,14.24,Clear,High,Evening,Bike,15,1.6,100.6
6451,21.19,Foggy,Medium,Morning,Bike,33,3.9,156.8
6452,24.92,Clear,Low,Afternoon,Scooter,27,2.9,103.2
6453,11.33,Clear,High,Afternoon,Bike,30,8.6,92.8
6454,8.69,Rainy,Low,Afternoon,Car,28,4.7,52.8
6455,22.76,Clear,Medium,Evening,Car,17,5.6,104.4
6456,5.59,Stormy,Medium,Night,Car,20,9.7,49.7
6457,15.77,Rainy,Low,Night,Bike,13,8.4,69.3
6458,10.74,Rainy,Medium,Evening,Bike,25,8.0,72.1
6459,1.99,Clear,Low,Night,Car,6,1.9,22.4
6460,9.33,Rainy,Medium,Night,Scooter,6,0.7,55.9
6461,7.37,Clear,Medium,Evening,Scooter,9,1.7,44.3
6462,17.47,Foggy,Low,Afternoon,Bike,9,7.5,82.1
6463,23.77,Clear,High,Morning,Scooter,9,4.4,134.7
6464,7.43,Rainy,Medium,Afternoon,Bike,18,1.6,64.1
6465,20.48,Clear,Low,Afternoon,Bike,10,7.5,70.9
6466,2.33,Clear,Low,Afternoon,Car,32,2.3,35.0
6467,13.91,Clear,Low,Morning,Bike,20,6.1,70.6
6468,2.69,Clear,High,Afternoon,Scooter,20,7.5,37.1
6469,23.42,Rainy,Low,Night,Bike,12,6.3,96.9
6470,19.39,Clear,Medium,Morning,Bike,31,9.9,95.1
6471,16.79,Clear,High,Night,Bike,9,4.6,97.8
6472,20.77,Rainy,Medium,Morning,Bike,17,3.5,123.2
6473,16.54,Clear,Medium,Night,Bike,7,2.4,76.8
6474,24.25,Clear,High,Afternoon,Bike,13,5.3,132.4
6475,18.13,Foggy,Medium,Afternoon,Scooter,8,8.6,87.6
6476,23.19,Clear,Low,Afternoon,Bike,32,9.5,86.7
6477,13.41,Clear,Medium,Night,Car,12,9.7,60.7
6478,3.81,Clear,High,Night,Bike,20,5.5,43.4
6479,13.68,Clear,Medium,Evening,Scooter,29,6.2,82.9
6480,4.04,Clear,Medium,Night,Bike,15,6.0,31.5
6481,15.22,Clear,High,Morning,Bike,27,4.9,108.5
6482,12.58,Rainy,Medium,Afternoon,Scooter,23,1.9,85.9
6483,15.94,Clear,Low,Morning,Bike,14,1.1,68.5
6484,1.24,Clear,Low,Evening,Car,31,4.6,28.3
6485,5.68,Clear,Medium,Evening,Bike,26,2.3,43.6
6486,12.79,Rainy,Low,Night,Car,11,8.9,58.8
6487,23.81,Stormy,High,Afternoon,Bike,16,7.7,222.5
6488,10.21,Clear,Medium,Morning,Bike,27,6.4,68.7
6489,11.18,Stormy,Medium,Evening,Bike,34,1.0,135.5
6490,18.15,Clear,Medium,Evening,Bike,12,6.4,78.9
6491,15.49,Clear,Medium,Morning,Bike,14,6.4,78.2
6492,8.17,Clear,Medium,Evening,Bike,9,4.7,40.8
6493,10.86,Clear,Low,Morning,Bike,9,6.7,50.9
6494,6.22,Clear,Medium,Afternoon,Scooter,17,8.7,42.9
6495,24.18,Clear,High,Night,Car,6,7.7,128.7
6496,4.14,Clear,Medium,Morning,Bike,16,5.0,40.1
6497,9.92,Clear,Medium,Afternoon,Bike,15,3.0,53.2
6498,1.62,Clear,Low,Morning,Bike,6,5.0,12.4
6499,6.32,Clear,High,Evening,Scooter,19,9.5,62.4
6500,19.73,Foggy,High,Afternoon,Bike,24,8.3,164.8
6501,5.83,Clear,Medium,Morning,Scooter,11,0.8,36.8
6502,2.92,Rainy,Medium,Afternoon,Bike,12,7.9,24.9
6503,12.39,Rainy,Medium,Morning,Bike,7,2.1,66.3
6504,1.24,Clear,Medium,Morning,Bike,21,5.9,22.6
6505,3.03,Clear,High,Afternoon,Bike,24,8.2,37.7
6506,20.38,Clear,Low,Afternoon,Bike,10,5.8,71.3
6507,19.52,Rainy,Medium,Afternoon,Scooter,26,4.3,124.5
6508,22.96,Clear,Low,Evening,Bike,29,3.6,102.9
6509,21.51,Clear,Medium,Night,Bike,19,3.4,105.3
6510,17.4,Clear,Medium,Morning,Scooter,17,8.5,78.3
6511,2.26,Foggy,Low,Morning,Bike,27,8.3,38.0
6512,19.79,Clear,Medium,Afternoon,Bike,17,8.3,94.2
6513,21.29,Rainy,Low,Morning,Scooter,16,3.2,98.5
6514,20.18,Clear,Medium,Night,Scooter,18,8.1,96.4
6515,13.2,Foggy,Low,Night,Bike,13,0.8,71.4
6516,6.59,Clear,Medium,Morning,Scooter,14,2.5,40.2
6517,21.29,Clear,Medium,Morning,Bike,31,5.4,121.9
6518,18.45,Foggy,High,Afternoon,Bike,9,4.4,138.7
6519,24.54,Rainy,High,Night,Bike,25,1.6,196.4
6520,4.74,Clear,Low,Morning,Bike,9,0.9,23.6
6521,6.42,Clear,Low,Night,Car,25,6.3,28.6
6522,6.08,Rainy,Medium,Morning,Scooter,34,3.5,68.1
6523,20.02,Foggy,Medium,Evening,Bike,24,0.7,144.8
6524,5.49,Clear,Low,Night,Bike,10,4.6,35.2
6525,2.6,Rainy,Low,Evening,Car,16,3.4,25.4
6526,24.97,Rainy,Medium,Afternoon,Scooter,21,6.0,144.4
6527,1.6,Clear,High,Night,Bike,20,9.3,31.5
6528,21.05,Rainy,High,Morning,Bike,22,3.4,177.7
6529,9.77,Clear,Low,Morning,Scooter,29,10.0,53.8
6530,21.2,Stormy,Medium,Evening,Scooter,26,1.3,179.0
6531,14.31,Rainy,Low,Night,Bike,10,1.3,74.5
6532,22.64,Rainy,Medium,Night,Scooter,14,7.3,116.1
6533,23.23,Clear,High,Night,Bike,24,7.6,139.2
6534,1.22,Clear,High,Afternoon,Bike,25,4.5,29.7
6535,2.81,Clear,Medium,Night,Bike,13,3.2,33.2
6536,7.01,Rainy,Low,Afternoon,Bike,6,8.0,36.9
6537,17.06,Rainy,Medium,Morning,Scooter,7,9.6,90.0
6538,22.32,Clear,High,Evening,Bike,14,9.9,126.9
6539,12.04,Rainy,Low,Evening,Bike,12,6.5,59.5
6540,15.57,Foggy,Medium,Night,Car,13,7.5,92.0
6541,5.52,Clear,Medium,Evening,Bike,32,8.3,50.2
6542,20.32,Clear,Medium,Night,Scooter,25,8.1,97.5
6543,24.22,Rainy,High,Morning,Scooter,23,9.9,164.4
6544,7.45,Clear,Medium,Morning,Bike,5,8.2,29.8
6545,12.88,Rainy,Medium,Morning,Bike,32,6.8,107.0
6546,3.07,Clear,Medium,Evening,Car,6,4.1,16.3
6547,14.42,Stormy,High,Night,Bike,24,6.2,166.8
6548,13.07,Clear,High,Afternoon,Bike,8,8.9,82.7
6549,4.47,Clear,High,Morning,Car,20,3.4,52.0
6550,11.61,Clear,Low,Morning,Bike,25,0.8,56.0
6551,9.02,Clear,High,Afternoon,Bike,29,3.6,79.2
6552,13.52,Clear,Medium,Afternoon,Scooter,34,9.6,80.3
6553,15.06,Clear,Low,Evening,Scooter,16,8.0,68.9
6554,1.2,Stormy,Low,Morning,Bike,6,2.3,21.0
6555,19.26,Foggy,Medium,Evening,Bike,19,0.6,135.7
6556,18.11,Clear,Medium,Morning,Bike,22,6.9,89.7
6557,9.79,Rainy,High,Evening,Scooter,20,6.0,89.7
6558,2.27,Clear,Medium,Evening,Car,25,1.3,35.2
6559,19.12,Foggy,Low,Afternoon,Bike,16,9.7,89.5
6560,23.92,Rainy,Medium,Night,Scooter,22,6.4,133.0
6561,6.76,Clear,Low,Night,Bike,18,6.7,29.8
6562,8.76,Rainy,Medium,Night,Car,30,8.6,73.1
6563,5.41,Rainy,Medium,Morning,Bike,25,3.7,49.4
6564,14.85,Clear,High,Afternoon,Scooter,16,5.8,91.5
6565,4.72,Foggy,Medium,Afternoon,Car,9,6.0,35.2
6566,9.55,Foggy,High,Afternoon,Scooter,27,9.7,99.5
6567,17.73,Clear,High,Morning,Scooter,8,1.7,112.3
6568,14.44,Rainy,Medium,Evening,Scooter,22,7.7,84.1
6569,10.28,Stormy,Medium,Evening,Car,28,6.0,100.0
6570,11.09,Clear,Medium,Night,Scooter,34,8.5,78.5
6571,14.49,Clear,Low,Night,Scooter,21,8.4,67.4
6572,1.14,Clear,High,Morning,Scooter,20,0.6,26.5
6573,2.88,Foggy,High,Morning,Bike,14,2.9,38.1
6574,22.15,Rainy,Low,Night,Bike,21,2.2,112.2
6575,2.87,Clear,High,Evening,Bike,16,4.9,34.1
6576,17.96,Stormy,Low,Evening,Bike,16,9.1,104.8
6577,23.08,Rainy,High,Afternoon,Scooter,31,0.5,197.3
6578,7.5,Foggy,Medium,Night,Bike,32,5.1,81.4
6579,9.89,Clear,High,Night,Bike,27,8.9,76.8
6580,14.65,Clear,Medium,Evening,Bike,8,9.3,60.7
6581,22.16,Rainy,Medium,Afternoon,Bike,7,6.7,106.5
6582,23.61,Clear,Low,Night,Bike,5,8.4,79.7
6583,18.75,Rainy,Low,Evening,Car,16,3.6,87.2
6584,3.08,Foggy,Low,Evening,Scooter,33,3.2,45.8
6585,17.06,Clear,High,Evening,Bike,12,1.0,115.2
6586,10.85,Foggy,Low,Afternoon,Bike,12,5.3,51.7
6587,12.3,Clear,Medium,Afternoon,Scooter,16,4.8,64.4
6588,2.18,Clear,High,Evening,Scooter,8,4.0,13.3
6589,5.59,Clear,High,Afternoon,Bike,20,1.6,52.9
6590,19.97,Clear,Low,Afternoon,Bike,6,2.7,78.1
6591,11.9,Clear,High,Afternoon,Bike,8,2.4,66.4
6592,8.24,Foggy,Low,Afternoon,Bike,27,9.5,57.4
6593,10.22,Rainy,Medium,Morning,Bike,8,9.7,62.1
6594,21.51,Clear,Medium,Night,Scooter,33,0.5,128.9
6595,18.98,Rainy,Low,Night,Car,15,2.1,88.2
6596,7.54,Clear,Low,Afternoon,Bike,31,8.9,38.8
6597,3.82,Clear,Medium,Evening,Scooter,7,0.9,13.7
6598,7.05,Rainy,Medium,Night,Car,14,9.5,54.0
6599,23.1,Rainy,High,Afternoon,Scooter,16,4.1,166.6
6600,14.96,Rainy,Medium,Night,Scooter,21,5.6,86.0
6601,13.8,Clear,High,Evening,Car,13,7.8,77.8
6602,15.31,Rainy,Medium,Afternoon,Bike,25,2.8,100.4
6603,9.78,Rainy,High,Evening,Bike,6,1.5,70.8
6604,20.37,Stormy,Medium,Night,Car,26,8.2,173.5
6605,13.56,Clear,High,Morning,Bike,22,9.9,93.3
6606,3.8,Rainy,Low,Evening,Scooter,16,6.8,30.5
6607,4.1,Rainy,Medium,Afternoon,Scooter,10,8.3,35.3
6608,13.88,Stormy,Low,Afternoon,Bike,29,9.4,107.8
6609,23.48,Clear,Low,Evening,Bike,22,2.7,98.4
6610,8.4,Clear,Medium,Morning,Bike,17,3.8,57.9
6611,21.87,Clear,Medium,Night,Bike,19,2.6,107.0
6612,19.34,Clear,Low,Night,Bike,5,1.1,66.2
6613,6.95,Clear,Medium,Night,Bike,27,7.5,45.8
6614,1.87,Clear,Medium,Night,Bike,12,1.9,21.1
6615,3.44,Rainy,Low,Night,Bike,22,1.4,21.7
6616,18.48,Clear,Medium,Afternoon,Bike,24,3.9,105.3
6617,5.79,Clear,Medium,Afternoon,Scooter,28,1.1,50.0
6618,9.91,Clear,Low,Evening,Car,16,2.2,50.0
6619,13.04,Clear,High,Evening,Bike,34,1.2,107.5
6620,18.41,Stormy,Medium,Night,Bike,24,8.8,150.7
6621,3.72,Rainy,High,Night,Car,16,7.9,50.6
6622,10.75,Foggy,Low,Night,Bike,29,8.7,69.3
6623,12.64,Clear,High,Morning,Bike,5,8.7,69.8
6624,13.98,Foggy,Low,Evening,Bike,14,9.5,61.9
6625,20.64,Clear,Medium,Afternoon,Bike,33,2.3,119.3
6626,5.12,Rainy,Low,Night,Bike,27,9.1,45.8
6627,20.39,Clear,High,Evening,Bike,23,5.5,130.3
6628,17.63,Rainy,Medium,Morning,Bike,31,2.1,133.3
6629,14.34,Rainy,Low,Morning,Bike,32,6.7,72.9
6630,17.79,Clear,Low,Night,Bike,30,3.6,80.0
6631,10.89,Clear,Low,Afternoon,Scooter,31,0.9,52.5
6632,4.32,Rainy,Low,Evening,Bike,31,1.2,48.6
6633,16.98,Clear,Medium,Afternoon,Bike,23,4.5,89.7
6634,13.59,Clear,Medium,Night,Scooter,15,8.4,64.2
6635,16.34,Clear,High,Night,Bike,27,3.5,123.1
6636,9.11,Clear,High,Morning,Bike,26,7.8,73.0
6637,22.76,Foggy,Medium,Morning,Bike,7,1.0,150.5
6638,15.1,Clear,Low,Evening,Scooter,34,4.2,79.0
6639,3.05,Clear,Medium,Night,Scooter,18,1.7,30.7
6640,11.8,Foggy,Medium,Night,Bike,22,8.7,79.8
6641,19.15,Rainy,Medium,Evening,Bike,31,9.7,113.1
6642,20.06,Clear,Medium,Afternoon,Bike,31,3.6,114.5
6643,12.87,Foggy,High,Morning,Scooter,10,9.9,91.3
6644,22.47,Clear,High,Night,Car,30,7.6,150.5
6645,7.42,Clear,Low,Night,Bike,27,0.5,46.8
6646,10.85,Stormy,Low,Afternoon,Bike,13,5.1,71.1
6647,22.57,Foggy,High,Afternoon,Bike,29,8.4,186.4
6648,22.51,Clear,High,Afternoon,Bike,13,5.6,129.9
6649,17.46,Clear,Low,Morning,Scooter,31,5.7,80.0
6650,21.62,Clear,Medium,Evening,Bike,30,4.8,126.0
6651,3.13,Clear,Medium,Night,Bike,21,4.3,35.2
6652,21.76,Clear,Medium,Morning,Scooter,8,0.8,104.1
6653,8.69,Clear,Low,Afternoon,Bike,8,6.4,37.2
6654,5.28,Foggy,High,Night,Scooter,30,7.8,77.5
6655,6.74,Foggy,Medium,Night,Bike,28,8.0,60.9
6656,11.03,Clear,Low,Morning,Bike,23,6.4,36.4
6657,7.03,Rainy,Medium,Afternoon,Car,20,3.7,47.3
6658,8.69,Clear,Medium,Afternoon,Scooter,34,0.7,75.0
6659,4.24,Clear,High,Evening,Bike,21,9.0,45.6
6660,8.11,Clear,Low,Afternoon,Scooter,7,4.6,30.9
6661,14.73,Rainy,High,Morning,Scooter,26,6.2,137.8
6662,11.6,Clear,Low,Evening,Scooter,11,2.3,47.5
6663,9.32,Foggy,Medium,Evening,Scooter,29,1.8,76.4
6664,18.91,Rainy,Medium,Evening,Bike,9,1.3,111.7
6665,22.44,Clear,Medium,Evening,Bike,25,8.1,114.0
6666,19.16,Clear,Medium,Evening,Scooter,7,6.6,85.4
6667,8.97,Rainy,High,Morning,Bike,16,6.4,82.6
6668,18.87,Foggy,Medium,Night,Scooter,23,9.2,109.5
6669,4.65,Rainy,Medium,Afternoon,Bike,13,2.0,39.3
6670,4.13,Clear,Low,Night,Scooter,7,2.1,15.3
6671,9.3,Rainy,Low,Night,Bike,7,2.3,46.8
6672,20.38,Clear,Low,Afternoon,Bike,20,4.5,89.0
6673,6.91,Stormy,High,Afternoon,Scooter,29,8.8,103.5
6674,2.52,Rainy,High,Night,Scooter,24,8.9,49.9
6675,4.16,Rainy,High,Afternoon,Bike,17,6.1,44.7
6676,21.61,Clear,Low,Evening,Bike,10,6.8,75.0
6677,16.21,Rainy,Medium,Afternoon,Scooter,5,9.0,76.2
6678,7.08,Clear,Low,Afternoon,Car,15,6.4,42.3
6679,14.33,Clear,High,Evening,Bike,22,2.7,98.6
6680,13.66,Clear,Medium,Evening,Bike,31,7.2,81.4
6681,16.73,Foggy,Low,Evening,Bike,34,7.8,105.3
6682,6.6,Rainy,Medium,Afternoon,Car,7,6.5,29.1
6683,21.75,Clear,Low,Evening,Bike,22,3.1,91.5
6684,8.42,Foggy,Medium,Evening,Bike,34,4.3,86.7
6685,17.66,Clear,Medium,Morning,Bike,15,5.0,81.9
6686,1.39,Clear,Medium,Morning,Scooter,30,1.9,41.1
6687,9.94,Clear,High,Afternoon,Car,19,4.8,82.8
6688,9.44,Rainy,Medium,Evening,Bike,7,2.0,59.5
6689,14.04,Clear,Medium,Afternoon,Bike,16,5.2,69.9
6690,2.75,Clear,High,Morning,Bike,34,1.0,50.8
6691,19.96,Rainy,Medium,Morning,Bike,25,9.5,116.5
6692,6.23,Clear,Low,Evening,Bike,16,2.8,32.4
6693,17.25,Rainy,High,Afternoon,Car,21,4.9,136.8
6694,20.28,Clear,Low,Morning,Car,5,0.8,71.6
6695,14.49,Rainy,Low,Night,Car,15,2.3,69.7
6696,18.78,Rainy,Low,Evening,Bike,27,7.1,93.8
6697,16.88,Rainy,Low,Afternoon,Bike,29,1.6,90.2
6698,9.53,Clear,Low,Night,Scooter,19,6.5,49.0
6699,20.41,Rainy,Low,Evening,Bike,13,0.5,93.6
6700,8.07,Clear,Medium,Evening,Bike,11,4.9,43.5
6701,14.71,Foggy,Low,Morning,Bike,15,7.4,71.7
6702,18.89,Clear,Low,Afternoon,Car,31,9.3,81.5
6703,10.09,Clear,Medium,Morning,Scooter,33,5.2,74.1
6704,8.27,Rainy,Low,Night,Bike,22,8.5,51.3
6705,12.02,Rainy,Low,Night,Bike,31,8.1,64.6
6706,20.63,Clear,Medium,Night,Scooter,27,3.3,110.5
6707,23.32,Foggy,Medium,Night,Scooter,33,8.8,160.4
6708,14.08,Stormy,Medium,Night,Scooter,32,6.6,133.2
6709,16.88,Rainy,Medium,Afternoon,Bike,29,1.5,125.9
6710,22.68,Clear,Medium,Afternoon,Bike,11,9.4,94.6
6711,3.37,Rainy,Medium,Evening,Scooter,22,2.2,41.1
6712,6.57,Clear,High,Evening,Car,19,5.0,57.5
6713,18.01,Clear,Medium,Afternoon,Bike,20,4.9,87.4
6714,20.77,Foggy,Medium,Evening,Bike,19,6.4,133.6
6715,21.57,Stormy,Low,Morning,Bike,27,6.8,135.2
6716,10.96,Foggy,High,Afternoon,Bike,34,2.7,133.6
6717,3.14,Clear,Low,Morning,Bike,8,3.8,21.8
6718,11.51,Clear,Medium,Night,Scooter,28,1.9,78.3
6719,6.54,Clear,Medium,Night,Bike,7,1.7,31.9
6720,7.99,Clear,Medium,Evening,Bike,32,8.3,59.5
6721,19.53,Clear,High,Afternoon,Bike,18,7.6,113.6
6722,2.81,Clear,High,Night,Car,25,4.7,43.3
6723,20.86,Rainy,Low,Evening,Scooter,7,1.4,89.7
6724,11.26,Rainy,Low,Morning,Bike,27,4.8,64.1
6725,15.31,Rainy,High,Afternoon,Bike,20,3.3,130.1
6726,3.15,Foggy,Medium,Evening,Bike,19,7.9,42.5
6727,9.1,Clear,Medium,Night,Bike,23,1.4,66.8
6728,3.15,Clear,Medium,Morning,Bike,14,4.8,27.0
6729,24.08,Rainy,Medium,Morning,Scooter,25,6.1,149.5
6730,20.37,Clear,High,Evening,Bike,21,9.9,116.6
6731,12.03,Rainy,Medium,Afternoon,Car,8,1.4,77.7
6732,6.37,Clear,Medium,Evening,Bike,26,1.6,57.1
6733,23.4,Clear,Medium,Night,Bike,22,9.9,106.1
6734,9.27,Rainy,High,Afternoon,Bike,26,4.4,96.6
6735,4.86,Foggy,Medium,Night,Bike,14,7.6,45.8
6736,14.52,Foggy,Medium,Morning,Bike,27,7.9,107.0
6737,23.65,Clear,High,Morning,Scooter,20,3.5,151.1
6738,1.09,Clear,Medium,Night,Bike,28,2.5,29.3
6739,6.71,Foggy,Medium,Night,Bike,7,3.1,40.4
6740,23.52,Clear,Medium,Morning,Car,16,7.8,105.5
6741,5.11,Clear,Medium,Evening,Car,30,8.5,40.0
6742,3.72,Foggy,Low,Evening,Scooter,31,7.1,47.6
6743,14.68,Rainy,Medium,Evening,Scooter,23,4.7,88.4
6744,21.68,Foggy,Medium,Night,Bike,25,3.0,150.3
6745,12.45,Clear,Medium,Night,Bike,7,4.5,55.9
6746,24.87,Clear,High,Morning,Bike,13,9.2,132.2
6747,17.3,Foggy,Medium,Afternoon,Car,11,8.7,96.6
6748,2.78,Clear,High,Evening,Bike,20,3.6,24.5
6749,24.83,Rainy,Low,Evening,Bike,25,3.6,119.1
6750,10.79,Clear,Low,Evening,Bike,25,7.9,46.6
6751,7.9,Foggy,Medium,Morning,Bike,5,4.6,43.6
6752,14.39,Rainy,Medium,Afternoon,Bike,29,5.9,116.2
6753,8.3,Clear,Medium,Afternoon,Bike,34,4.5,58.6
6754,3.07,Clear,Low,Afternoon,Bike,19,2.8,26.8
6755,1.03,Rainy,Medium,Evening,Bike,6,2.3,10.0
6756,11.79,Rainy,Medium,Night,Bike,20,1.8,79.0
6757,21.08,Clear,Medium,Evening,Bike,11,0.6,95.6
6758,14.74,Foggy,High,Afternoon,Scooter,18,3.2,136.3
6759,24.98,Clear,High,Morning,Bike,27,2.1,175.0
6760,7.88,Clear,Medium,Afternoon,Scooter,6,3.0,35.6
6761,7.73,Clear,Medium,Evening,Bike,28,1.2,65.3
6762,4.83,Foggy,Medium,Night,Bike,34,3.7,62.5
6763,4.94,Clear,High,Afternoon,Scooter,28,5.4,56.4
6764,7.84,Clear,High,Night,Bike,29,9.5,72.9
6765,20.03,Foggy,Medium,Afternoon,Bike,22,3.8,129.4
6766,22.74,Clear,Low,Night,Car,5,0.8,78.9
6767,24.4,Clear,Low,Night,Bike,20,3.9,95.6
6768,6.57,Clear,Medium,Afternoon,Bike,13,8.3,36.7
6769,22.15,Rainy,Medium,Morning,Car,34,3.7,143.0
6770,8.88,Rainy,Medium,Evening,Bike,7,3.3,63.5
6771,3.71,Foggy,Medium,Evening,Scooter,30,9.2,47.6
6772,21.88,Foggy,Medium,Afternoon,Bike,17,3.3,144.1
6773,16.27,Rainy,High,Night,Bike,33,9.7,139.7
6774,4.95,Rainy,Medium,Evening,Bike,6,8.4,25.0
6775,11.32,Clear,Low,Night,Bike,30,7.0,59.3
6776,7.89,Clear,Medium,Morning,Scooter,22,6.2,47.1
6777,18.68,Rainy,Medium,Afternoon,Car,6,2.6,101.5
6778,11.88,Foggy,High,Morning,Bike,12,7.4,98.8
6779,24.74,Clear,Medium,Night,Scooter,7,3.8,105.9
6780,2.31,Clear,Medium,Night,Bike,21,5.1,30.8
6781,9.52,Clear,Medium,Afternoon,Bike,28,1.5,65.2
6782,12.57,Clear,Medium,Night,Car,6,3.3,58.9
6783,13.08,Clear,Medium,Afternoon,Bike,10,5.5,62.2
6784,8.58,Clear,Low,Afternoon,Bike,12,4.9,34.9
6785,18.5,Clear,Medium,Morning,Bike,30,3.8,95.5
6786,21.99,Rainy,Low,Evening,Bike,29,5.0,115.1
6787,23.53,Clear,Medium,Evening,Bike,21,7.6,119.8
6788,20.32,Rainy,Medium,Night,Scooter,29,4.9,131.8
6789,21.41,Foggy,Low,Evening,Car,28,5.3,113.4
6790,14.21,Stormy,Medium,Night,Bike,10,7.2,104.0
6791,20.82,Rainy,Medium,Evening,Bike,16,8.5,117.9
6792,8.28,Clear,Medium,Morning,Bike,25,5.5,62.6
6793,10.56,Stormy,Low,Evening,Bike,20,9.5,77.2
6794,8.61,Rainy,Medium,Night,Car,10,3.9,56.1
6795,12.22,Clear,Low,Night,Car,6,2.9,48.9
6796,7.85,Clear,Low,Evening,Scooter,31,7.1,47.3
6797,24.08,Clear,Medium,Afternoon,Scooter,7,2.2,103.9
6798,8.51,Clear,Low,Morning,Scooter,13,9.0,32.9
6799,3.35,Clear,High,Afternoon,Bike,23,4.2,43.5
6800,13.64,Foggy,Low,Evening,Bike,33,7.1,87.6
6801,2.37,Clear,High,Afternoon,Bike,14,5.9,19.6
6802,3.65,Rainy,High,Evening,Scooter,27,1.0,67.6
6803,6.27,Foggy,High,Night,Bike,31,7.2,76.7
6804,12.14,Rainy,Medium,Afternoon,Bike,33,8.0,93.0
6805,11.4,Foggy,High,Morning,Bike,17,9.8,100.8
6806,20.19,Stormy,High,Afternoon,Scooter,24,4.5,219.0
6807,18.75,Clear,Low,Night,Car,32,5.3,79.5
6808,11.23,Stormy,Medium,Night,Bike,31,8.8,114.4
6809,9.01,Rainy,Low,Night,Scooter,17,3.1,55.2
6810,8.6,Clear,Medium,Afternoon,Bike,29,2.3,72.9
6811,19.58,Rainy,Medium,Night,Scooter,32,1.8,139.2
6812,2.25,Rainy,Low,Night,Bike,33,9.8,40.2
6813,1.31,Foggy,High,Afternoon,Bike,24,3.1,45.0
6814,20.09,Clear,Low,Afternoon,Bike,30,7.7,79.2
6815,12.45,Rainy,High,Evening,Bike,19,4.8,109.0
6816,4.14,Clear,Low,Afternoon,Car,17,2.8,31.3
6817,6.65,Clear,Medium,Night,Car,17,9.2,36.6
6818,23.38,Clear,Low,Morning,Bike,34,4.9,95.0
6819,21.63,Clear,Low,Night,Bike,30,5.9,91.5
6820,18.03,Foggy,Medium,Night,Scooter,10,2.6,111.3
6821,12.57,Clear,Low,Night,Bike,32,3.6,67.0
6822,13.49,Clear,Medium,Afternoon,Bike,22,7.6,76.2
6823,24.41,Clear,High,Morning,Bike,11,3.8,147.3
6824,24.18,Clear,Low,Night,Car,7,5.3,83.1
6825,6.17,Clear,High,Afternoon,Scooter,5,1.6,35.0
6826,20.47,Clear,Low,Evening,Scooter,16,8.6,69.9
6827,5.73,Rainy,Low,Morning,Bike,27,7.5,41.4
6828,6.12,Clear,Low,Morning,Scooter,9,7.7,24.7
6829,17.23,Clear,High,Afternoon,Bike,15,2.2,109.3
6830,10.72,Clear,Low,Evening,Bike,16,5.2,45.2
6831,23.36,Rainy,High,Night,Scooter,27,0.8,196.4
6832,3.14,Clear,High,Evening,Car,20,3.5,37.7
6833,13.28,Rainy,Medium,Morning,Car,5,3.8,73.0
6834,23.04,Foggy,Medium,Afternoon,Scooter,25,9.2,150.1
6835,22.7,Rainy,High,Evening,Scooter,22,9.9,157.8
6836,4.76,Clear,Medium,Night,Scooter,5,6.4,19.9
6837,9.8,Rainy,Low,Evening,Car,26,5.4,62.3
6838,15.86,Rainy,Medium,Evening,Bike,32,4.7,109.1
6839,4.83,Clear,High,Afternoon,Bike,9,0.7,37.4
6840,24.23,Foggy,High,Afternoon,Scooter,8,8.1,163.3
6841,22.95,Foggy,Low,Morning,Car,5,6.9,92.9
6842,5.01,Foggy,Low,Afternoon,Bike,19,6.7,33.9
6843,3.91,Foggy,High,Evening,Scooter,9,8.2,34.8
6844,3.05,Rainy,Low,Night,Bike,11,9.3,14.9
6845,22.83,Rainy,Medium,Morning,Car,21,4.2,142.3
6846,5.65,Rainy,Low,Afternoon,Scooter,24,4.6,45.7
6847,10.99,Foggy,High,Evening,Bike,10,9.8,87.1
6848,11.77,Rainy,High,Evening,Scooter,17,6.8,87.7
6849,15.38,Clear,Low,Morning,Scooter,28,8.6,64.9
6850,2.72,Clear,Low,Morning,Car,27,2.6,32.0
6851,6.44,Foggy,Medium,Afternoon,Car,19,3.5,66.4
6852,23.36,Clear,Low,Afternoon,Bike,11,4.2,81.1
6853,22.8,Rainy,Medium,Night,Bike,28,3.5,138.8
6854,19.75,Stormy,Medium,Morning,Scooter,33,8.9,166.5
6855,1.47,Rainy,Low,Morning,Car,11,5.4,12.0
6856,8.85,Stormy,Medium,Evening,Bike,17,9.6,84.8
6857,16.07,Rainy,High,Night,Bike,8,3.6,116.5
6858,7.6,Clear,Medium,Afternoon,Bike,31,0.9,62.0
6859,22.83,Foggy,Medium,Night,Bike,26,1.8,157.8
6860,16.21,Clear,Medium,Night,Scooter,32,2.6,98.3
6861,2.73,Clear,High,Evening,Bike,22,6.6,30.0
6862,22.82,Clear,Medium,Morning,Bike,12,2.2,108.4
6863,23.99,Clear,Low,Morning,Car,23,4.1,93.6
6864,2.87,Clear,Low,Morning,Bike,20,8.1,26.0
6865,13.78,Clear,High,Afternoon,Scooter,24,1.7,100.6
6866,8.28,Rainy,High,Morning,Bike,22,1.3,91.1
6867,10.43,Foggy,Medium,Night,Scooter,20,5.6,80.9
6868,5.31,Clear,Low,Night,Bike,20,7.1,31.7
6869,14.87,Clear,Medium,Morning,Bike,29,9.2,87.3
6870,23.99,Rainy,High,Night,Bike,6,6.8,143.6
6871,13.07,Rainy,Medium,Afternoon,Car,18,9.5,79.6
6872,2.99,Foggy,Low,Morning,Bike,33,2.8,45.7
6873,15.88,Clear,Medium,Afternoon,Bike,26,3.7,89.8
6874,9.17,Foggy,High,Morning,Scooter,23,8.5,86.7
6875,21.54,Clear,Low,Afternoon,Bike,32,8.2,81.5
6876,11.43,Rainy,Medium,Afternoon,Car,20,6.8,79.9
6877,5.63,Clear,Medium,Afternoon,Bike,26,5.3,50.5
6878,5.59,Clear,Medium,Night,Bike,8,0.7,41.1
6879,19.45,Clear,Medium,Afternoon,Bike,17,3.2,107.0
6880,7.37,Clear,Medium,Evening,Bike,12,2.0,35.2
6881,19.41,Clear,Low,Afternoon,Bike,7,1.0,71.7
6882,5.94,Foggy,Low,Afternoon,Bike,28,7.9,50.7
6883,8.72,Rainy,Medium,Afternoon,Bike,7,1.7,57.6
6884,12.17,Rainy,Low,Afternoon,Car,34,3.9,86.0
6885,23.64,Clear,Medium,Morning,Scooter,9,9.8,90.8
6886,23.36,Clear,Medium,Night,Scooter,15,4.4,106.8
6887,5.96,Stormy,Low,Night,Bike,17,1.8,60.5
6888,9.6,Rainy,Medium,Night,Scooter,6,7.1,43.1
6889,4.59,Clear,Medium,Morning,Bike,10,8.2,21.0
6890,13.24,Clear,Low,Afternoon,Car,11,3.2,54.7
6891,12.05,Rainy,Medium,Afternoon,Bike,28,8.2,95.2
6892,22.62,Clear,High,Night,Scooter,33,3.1,152.7
6893,23.32,Clear,Medium,Evening,Scooter,8,7.1,98.6
6894,10.21,Foggy,Medium,Afternoon,Scooter,13,1.7,75.8
6895,12.8,Rainy,Low,Afternoon,Car,22,4.6,77.1
6896,22.51,Rainy,Low,Afternoon,Bike,34,5.4,119.1
6897,20.36,Clear,Low,Morning,Scooter,18,7.4,66.9
6898,1.09,Clear,High,Afternoon,Bike,28,6.7,31.3
6899,8.68,Foggy,Medium,Night,Bike,10,8.6,61.2
6900,11.12,Foggy,Low,Afternoon,Bike,24,2.3,75.2
6901,6.51,Clear,Medium,Night,Scooter,6,6.8,25.3
6902,5.79,Clear,Low,Evening,Bike,8,1.7,28.5
6903,1.91,Clear,Low,Morning,Bike,19,5.0,21.8
6904,16.44,Clear,Medium,Evening,Bike,7,5.5,59.9
6905,7.3,Rainy,Medium,Afternoon,Scooter,33,0.8,66.5
6906,2.26,Stormy,Medium,Evening,Car,8,1.2,29.7
6907,6.54,Clear,Medium,Afternoon,Bike,8,8.5,42.1
6908,20.25,Clear,Medium,Night,Bike,19,3.2,103.7
6909,21.44,Foggy,High,Afternoon,Bike,15,3.8,158.5
6910,12.59,Clear,High,Morning,Bike,27,6.6,86.6
6911,10.99,Stormy,High,Evening,Car,21,2.6,139.1
6912,24.47,Rainy,High,Afternoon,Bike,19,2.3,190.6
6913,5.81,Foggy,Medium,Night,Bike,29,4.5,65.0
6914,6.17,Clear,Medium,Evening,Scooter,25,1.1,48.7
6915,8.0,Clear,Medium,Morning,Bike,7,9.2,40.2
6916,5.15,Clear,High,Afternoon,Scooter,27,9.4,60.0
6917,10.1,Clear,Medium,Morning,Scooter,27,4.8,69.5
6918,22.86,Clear,Low,Night,Bike,28,2.5,93.8
6919,15.77,Stormy,High,Evening,Bike,14,5.0,161.7
6920,10.89,Foggy,High,Evening,Bike,8,1.4,88.9
6921,23.43,Rainy,High,Evening,Bike,17,4.3,168.7
6922,2.16,Clear,Low,Night,Bike,29,1.2,27.0
6923,6.05,Rainy,Low,Afternoon,Car,6,7.2,27.9
6924,14.58,Rainy,Low,Afternoon,Scooter,10,3.1,70.4
6925,15.77,Clear,Medium,Afternoon,Bike,23,5.4,74.4
6926,1.95,Foggy,Low,Morning,Car,28,0.6,34.0
6927,10.67,Clear,Medium,Night,Bike,12,5.5,51.5
6928,16.58,Clear,Low,Evening,Scooter,10,0.5,70.7
6929,17.75,Clear,Low,Night,Bike,24,9.3,65.6
6930,16.32,Rainy,Medium,Night,Bike,18,5.3,97.1
6931,8.69,Rainy,High,Night,Scooter,12,1.5,79.1
6932,3.24,Clear,Low,Evening,Bike,10,3.7,18.5
6933,11.25,Clear,Medium,Evening,Bike,16,0.9,72.0
6934,4.09,Clear,Low,Morning,Bike,13,5.5,21.9
6935,23.74,Clear,Low,Night,Bike,34,1.7,116.9
6936,12.4,Clear,Medium,Afternoon,Scooter,11,5.0,70.7
6937,8.61,Clear,Medium,Morning,Scooter,29,3.4,65.6
6938,19.39,Clear,High,Evening,Bike,17,7.7,117.4
6939,12.95,Foggy,Medium,Evening,Bike,34,5.1,111.6
6940,8.44,Clear,High,Morning,Bike,20,8.6,67.5
6941,20.49,Rainy,Low,Afternoon,Scooter,12,9.4,84.4
6942,21.81,Clear,Low,Night,Bike,18,9.7,83.4
6943,17.15,Clear,Low,Night,Scooter,20,3.0,75.1
6944,2.13,Clear,High,Afternoon,Car,24,7.8,44.6
6945,14.59,Clear,Low,Night,Bike,32,4.7,64.0
6946,19.32,Clear,Low,Evening,Bike,10,4.5,71.6
6947,4.28,Foggy,Medium,Morning,Scooter,34,8.7,64.7
6948,6.49,Foggy,Low,Afternoon,Bike,27,1.9,50.3
6949,22.18,Clear,Low,Morning,Bike,8,5.0,79.9
6950,1.48,Clear,Low,Night,Scooter,8,6.1,13.6
6951,19.07,Stormy,Low,Night,Scooter,30,1.1,151.4
6952,12.37,Clear,Medium,Evening,Bike,7,8.7,51.4
6953,11.72,Rainy,Medium,Evening,Bike,14,3.5,75.3
6954,1.17,Stormy,Low,Night,Bike,10,6.7,14.6
6955,20.67,Stormy,Low,Night,Car,31,9.3,133.0
6956,9.64,Clear,High,Evening,Car,22,7.3,81.2
6957,13.98,Clear,Medium,Evening,Scooter,17,8.9,67.6
6958,17.26,Clear,Medium,Afternoon,Scooter,15,1.2,85.3
6959,17.86,Foggy,Medium,Evening,Bike,8,5.2,102.3
6960,23.94,Foggy,Low,Afternoon,Bike,12,5.9,108.1
6961,13.75,Rainy,High,Afternoon,Bike,7,7.0,90.1
6962,10.59,Rainy,Medium,Morning,Scooter,16,1.6,70.3
6963,23.89,Rainy,Low,Evening,Bike,17,6.7,102.4
6964,16.41,Rainy,Medium,Afternoon,Scooter,28,1.9,110.4
6965,8.16,Foggy,Medium,Morning,Scooter,27,1.1,80.5
6966,4.04,Rainy,Low,Morning,Car,34,5.0,41.0
6967,21.22,Clear,High,Evening,Scooter,27,6.2,144.8
6968,9.69,Clear,High,Evening,Bike,15,9.6,61.3
6969,16.85,Rainy,Low,Morning,Bike,13,7.1,76.4
6970,12.3,Clear,Medium,Afternoon,Bike,8,6.1,58.2
6971,5.77,Clear,High,Evening,Bike,15,2.5,40.4
6972,15.44,Foggy,Low,Morning,Bike,12,1.9,79.0
6973,2.46,Rainy,Medium,Morning,Bike,22,6.3,44.2
6974,10.92,Foggy,Medium,Afternoon,Car,7,2.6,64.6
6975,14.12,Clear,Medium,Night,Bike,8,7.2,73.6
6976,11.47,Rainy,Medium,Afternoon,Scooter,29,1.6,95.5
6977,18.97,Clear,Medium,Morning,Bike,21,3.7,100.8
6978,20.87,Foggy,High,Afternoon,Car,20,7.8,164.7
6979,19.51,Clear,Medium,Evening,Bike,11,8.4,89.4
6980,1.93,Rainy,High,Morning,Bike,6,3.8,26.4
6981,5.66,Rainy,Low,Afternoon,Bike,9,2.5,31.1
6982,13.88,Clear,Low,Afternoon,Scooter,5,9.6,42.9
6983,23.44,Stormy,Low,Afternoon,Bike,26,7.7,138.4
6984,21.04,Foggy,Medium,Afternoon,Scooter,17,8.2,128.4
6985,21.22,Clear,Low,Morning,Scooter,16,2.6,84.0
6986,8.28,Clear,High,Afternoon,Bike,23,4.5,66.5
6987,11.31,Clear,Medium,Evening,Bike,33,1.1,78.2
6988,12.3,Clear,Low,Night,Scooter,26,1.5,62.1
6989,4.78,Foggy,Medium,Night,Bike,12,2.6,36.2
6990,1.75,Stormy,High,Night,Car,12,3.4,38.4
6991,23.73,Clear,Medium,Evening,Bike,16,10.0,93.7
6992,6.78,Clear,Low,Night,Scooter,8,4.5,25.4
6993,6.76,Clear,High,Morning,Scooter,11,7.1,40.6
6994,3.0,Clear,Medium,Morning,Scooter,32,9.1,40.0
6995,23.28,Clear,Medium,Evening,Bike,20,2.8,111.8
6996,14.91,Clear,Medium,Evening,Car,26,1.9,85.8
6997,17.01,Clear,Medium,Morning,Scooter,22,2.8,103.7
6998,22.88,Rainy,High,Evening,Bike,10,8.9,150.9
6999,9.29,Rainy,Low,Evening,Scooter,22,6.8,57.0
7000,15.92,Clear,Low,Morning,Bike,33,4.8,82.7
7001,1.93,Foggy,High,Morning,Car,8,8.3,26.5
7002,5.48,Rainy,Low,Afternoon,Car,25,2.7,38.1
7003,20.95,Foggy,High,Afternoon,Bike,13,2.8,160.3
7004,19.4,Clear,Medium,Night,Bike,17,5.9,79.3
7005,9.42,Foggy,Medium,Evening,Car,23,8.0,74.5
7006,10.04,Foggy,Low,Morning,Bike,16,3.0,54.2
7007,13.81,Clear,High,Night,Car,20,2.5,96.2
7008,1.01,Clear,Medium,Afternoon,Scooter,9,5.0,10.8
7009,6.79,Foggy,High,Evening,Bike,6,1.8,54.8
7010,6.0,Rainy,Medium,Night,Bike,7,7.6,35.2
7011,7.01,Foggy,Low,Evening,Bike,17,6.0,43.7
7012,20.34,Rainy,Medium,Night,Scooter,25,5.4,123.8
7013,7.71,Rainy,Medium,Evening,Bike,11,8.8,38.9
7014,5.6,Clear,Medium,Evening,Bike,17,7.5,38.0
7015,13.1,Clear,High,Morning,Car,20,1.9,107.0
7016,21.78,Stormy,Medium,Evening,Bike,26,4.5,182.3
7017,6.79,Clear,Medium,Afternoon,Bike,18,3.6,56.5
7018,2.88,Clear,High,Morning,Bike,34,8.1,49.6
7019,9.55,Rainy,Low,Evening,Bike,22,7.3,53.3
7020,18.94,Rainy,High,Afternoon,Bike,17,5.0,141.8
7021,14.22,Clear,Medium,Afternoon,Bike,18,8.3,69.4
7022,20.6,Clear,Medium,Night,Bike,13,4.4,102.1
7023,24.03,Clear,Low,Morning,Bike,12,8.1,71.4
7024,20.02,Clear,Medium,Morning,Scooter,29,0.8,112.9
7025,15.49,Rainy,Low,Night,Scooter,29,1.8,98.7
7026,12.84,Clear,High,Night,Bike,9,7.7,71.3
7027,1.96,Foggy,High,Night,Bike,31,1.6,68.9
7028,24.62,Foggy,Low,Morning,Bike,27,7.0,128.4
7029,10.2,Rainy,High,Afternoon,Bike,11,7.4,75.6
7030,4.65,Clear,Medium,Afternoon,Bike,20,6.8,37.8
7031,17.0,Clear,High,Evening,Car,14,8.3,98.6
7032,7.82,Clear,Low,Morning,Bike,29,5.4,35.8
7033,15.06,Clear,Medium,Morning,Bike,29,9.0,84.4
7034,15.08,Foggy,Medium,Night,Scooter,26,5.9,105.9
7035,11.7,Clear,Low,Morning,Scooter,7,5.3,36.0
7036,21.07,Foggy,Medium,Morning,Car,28,5.3,145.7
7037,7.36,Clear,Medium,Afternoon,Bike,21,9.2,47.5
7038,11.77,Clear,Low,Morning,Bike,14,2.8,55.1
7039,13.9,Stormy,Medium,Afternoon,Bike,15,7.1,107.1
7040,16.93,Rainy,High,Afternoon,Bike,24,2.8,148.6
7041,19.82,Clear,Low,Morning,Bike,14,1.4,79.0
7042,10.48,Clear,Low,Afternoon,Car,22,9.6,48.2
7043,16.51,Clear,Medium,Night,Scooter,25,1.7,96.9
7044,4.61,Rainy,Medium,Afternoon,Bike,32,7.0,49.4
7045,23.38,Clear,Medium,Morning,Bike,32,4.5,127.1
7046,10.19,Rainy,High,Night,Car,27,8.5,96.4
7047,18.51,Rainy,Low,Night,Bike,31,7.8,93.6
7048,1.49,Foggy,Medium,Morning,Car,5,1.9,15.1
7049,5.92,Clear,High,Evening,Scooter,8,4.9,53.0
7050,12.69,Clear,High,Afternoon,Car,7,0.8,69.5
7051,22.08,Rainy,Medium,Afternoon,Car,24,4.6,134.1
7052,13.65,Clear,Low,Evening,Bike,10,7.2,53.8
7053,23.32,Clear,Medium,Night,Scooter,30,2.7,120.4
7054,12.61,Clear,Low,Evening,Bike,10,8.2,47.6
7055,12.77,Clear,Medium,Morning,Bike,32,1.0,88.1
7056,3.87,Clear,Low,Evening,Bike,21,0.8,22.0
7057,20.26,Clear,Low,Night,Bike,23,0.8,85.3
7058,6.93,Foggy,Medium,Morning,Bike,21,3.2,72.4
7059,22.59,Rainy,Medium,Morning,Bike,33,4.9,138.6
7060,22.86,Clear,Medium,Morning,Bike,21,1.5,116.1
7061,23.64,Clear,Medium,Afternoon,Car,21,10.0,104.9
7062,13.49,Rainy,Medium,Afternoon,Bike,7,10.0,67.4
7063,17.25,Foggy,Medium,Morning,Bike,18,5.4,109.6
7064,19.68,Clear,Medium,Evening,Bike,6,5.9,84.4
7065,4.14,Foggy,Medium,Afternoon,Bike,34,9.3,58.1
7066,15.42,Rainy,Medium,Night,Scooter,32,7.8,108.9
7067,1.82,Clear,Medium,Afternoon,Scooter,8,2.1,19.7
7068,12.94,Stormy,Medium,Evening,Bike,27,8.0,119.9
7069,4.72,Rainy,Medium,Afternoon,Bike,31,2.7,60.7
7070,5.39,Foggy,Medium,Evening,Scooter,31,4.6,58.2
7071,9.76,Clear,High,Evening,Bike,34,5.6,90.5
7072,11.38,Rainy,Medium,Afternoon,Bike,22,7.3,82.3
7073,15.96,Rainy,Medium,Evening,Scooter,6,1.9,80.3
7074,2.79,Clear,Medium,Evening,Scooter,33,1.2,37.8
7075,13.09,Rainy,Low,Night,Bike,32,8.7,82.0
7076,5.38,Clear,Medium,Morning,Bike,16,8.4,27.1
7077,14.78,Clear,Medium,Morning,Scooter,19,5.5,76.2
7078,16.3,Clear,Low,Afternoon,Bike,17,6.8,60.7
7079,14.36,Rainy,Medium,Evening,Scooter,15,7.3,90.3
7080,18.72,Foggy,Medium,Afternoon,Bike,11,5.0,113.2
7081,9.05,Clear,High,Afternoon,Bike,32,2.9,91.6
7082,19.36,Rainy,High,Morning,Bike,13,5.1,138.9
7083,11.39,Clear,Low,Evening,Car,31,9.5,65.4
7084,12.62,Foggy,Medium,Afternoon,Scooter,19,8.5,80.5
7085,16.55,Rainy,Low,Afternoon,Car,7,4.9,72.3
7086,1.44,Rainy,Low,Morning,Bike,14,2.6,25.0
7087,16.7,Rainy,High,Morning,Scooter,12,9.0,120.4
7088,15.85,Clear,Low,Morning,Car,10,6.6,55.9
7089,8.44,Clear,Low,Afternoon,Bike,33,4.3,42.2
7090,3.06,Stormy,High,Evening,Car,18,1.6,60.8
7091,3.18,Clear,High,Morning,Car,10,7.6,35.8
7092,23.16,Rainy,High,Morning,Car,23,3.5,177.1
7093,17.54,Stormy,High,Evening,Car,30,6.3,199.4
7094,4.05,Clear,Medium,Afternoon,Scooter,13,5.9,26.5
7095,9.56,Foggy,Low,Afternoon,Car,13,7.1,50.6
7096,15.22,Foggy,Medium,Evening,Bike,24,5.6,114.4
7097,21.05,Rainy,Medium,Morning,Scooter,20,6.5,122.7
7098,2.05,Clear,Medium,Night,Bike,17,1.3,35.7
7099,6.68,Clear,High,Evening,Scooter,17,6.8,58.0
7100,22.35,Clear,Medium,Night,Scooter,30,2.3,124.0
7101,1.22,Foggy,Low,Afternoon,Scooter,16,4.2,20.3
7102,5.83,Foggy,Low,Afternoon,Scooter,26,5.4,50.9
7103,24.02,Rainy,Low,Night,Bike,25,7.0,105.6
7104,15.72,Clear,High,Morning,Bike,24,7.6,99.9
7105,7.28,Clear,Medium,Night,Bike,6,7.2,37.5
7106,2.61,Rainy,Medium,Morning,Bike,8,1.4,27.4
7107,1.68,Rainy,Medium,Evening,Scooter,11,4.2,14.0
7108,6.87,Foggy,Medium,Afternoon,Bike,23,3.2,70.0
7109,22.16,Rainy,High,Afternoon,Bike,7,4.3,148.5
7110,10.98,Foggy,Medium,Night,Bike,15,6.6,69.7
7111,18.29,Rainy,High,Evening,Bike,23,2.3,151.2
7112,23.04,Rainy,High,Night,Scooter,29,5.3,188.0
7113,10.79,Clear,High,Night,Scooter,18,8.9,75.4
7114,5.59,Foggy,Medium,Night,Bike,21,7.4,54.0
7115,13.41,Rainy,High,Morning,Scooter,9,7.4,94.3
7116,22.79,Clear,Medium,Afternoon,Bike,29,8.6,106.4
7117,20.3,Clear,High,Afternoon,Scooter,18,4.3,130.6
7118,2.58,Clear,High,Night,Bike,11,7.7,22.9
7119,17.62,Clear,High,Morning,Car,16,1.1,127.3
7120,14.73,Clear,High,Afternoon,Bike,32,1.0,119.7
7121,22.78,Clear,Medium,Morning,Scooter,21,3.7,125.1
7122,3.94,Clear,Low,Evening,Bike,24,2.4,31.0
7123,13.82,Clear,Medium,Morning,Bike,26,5.4,79.0
7124,22.11,Foggy,High,Morning,Bike,25,2.2,194.4
7125,10.84,Clear,Low,Evening,Bike,22,9.8,41.1
7126,12.57,Rainy,Medium,Afternoon,Scooter,5,8.6,69.3
7127,2.69,Clear,Medium,Afternoon,Bike,15,9.8,23.3
7128,7.68,Clear,Medium,Morning,Scooter,8,8.2,39.6
7129,8.79,Clear,High,Morning,Scooter,16,9.5,67.8
7130,23.68,Foggy,Medium,Evening,Bike,30,4.0,162.6
7131,7.78,Rainy,High,Evening,Bike,9,5.2,60.5
7132,12.06,Clear,Medium,Afternoon,Car,19,2.8,69.5
7133,17.11,Rainy,High,Afternoon,Bike,24,6.5,130.6
7134,4.89,Clear,Low,Evening,Bike,7,8.0,10.8
7135,12.67,Stormy,Low,Morning,Scooter,30,5.2,93.3
7136,18.72,Stormy,High,Evening,Bike,19,3.3,202.6
7137,21.8,Rainy,Medium,Afternoon,Bike,12,5.3,117.0
7138,16.03,Rainy,Medium,Morning,Bike,32,1.1,124.5
7139,17.06,Foggy,Medium,Night,Car,34,7.4,124.3
7140,4.03,Rainy,Medium,Night,Bike,26,4.8,40.7
7141,23.7,Rainy,Medium,Evening,Car,15,9.0,127.5
7142,4.18,Stormy,Low,Afternoon,Bike,34,9.3,53.1
7143,19.59,Rainy,Medium,Morning,Bike,16,1.7,121.8
7144,7.36,Rainy,Medium,Night,Car,7,10.0,44.6
7145,23.41,Foggy,Medium,Morning,Bike,10,9.7,124.7
7146,18.28,Rainy,Medium,Morning,Bike,30,6.5,121.5
7147,19.09,Rainy,High,Morning,Bike,12,8.3,121.3
7148,6.26,Clear,Medium,Morning,Car,11,0.7,52.6
7149,11.63,Clear,High,Evening,Bike,33,9.7,93.9
7150,15.83,Clear,Medium,Morning,Scooter,21,4.8,87.7
7151,19.48,Clear,Medium,Night,Bike,20,9.1,95.5
7152,3.5,Clear,Low,Night,Bike,26,4.2,30.3
7153,24.1,Stormy,Low,Evening,Bike,21,8.0,142.8
7154,22.37,Rainy,Medium,Night,Car,17,4.5,134.0
7155,7.49,Rainy,Medium,Morning,Scooter,8,3.9,44.2
7156,20.75,Clear,High,Night,Scooter,14,9.5,117.0
7157,13.44,Foggy,Medium,Afternoon,Bike,20,7.1,93.9
7158,12.08,Rainy,High,Morning,Bike,23,8.5,98.0
7159,8.55,Rainy,High,Evening,Scooter,11,5.7,70.2
7160,14.94,Clear,Low,Afternoon,Scooter,22,9.2,51.8
7161,18.52,Clear,Medium,Night,Scooter,17,7.5,91.6
7162,10.86,Rainy,Medium,Afternoon,Bike,32,1.2,101.5
7163,16.1,Rainy,Medium,Night,Car,8,7.8,87.6
7164,17.78,Foggy,Low,Night,Bike,25,0.7,113.3
7165,18.07,Foggy,High,Night,Bike,22,8.4,143.2
7166,2.25,Stormy,High,Evening,Car,20,3.7,56.6
7167,21.63,Rainy,High,Afternoon,Scooter,29,6.2,172.9
7168,12.0,Stormy,Medium,Evening,Bike,22,7.6,106.3
7169,7.3,Foggy,Medium,Night,Scooter,20,6.6,58.6
7170,6.8,Clear,Medium,Morning,Bike,26,6.9,45.4
7171,12.59,Clear,Medium,Morning,Bike,32,9.0,84.0
7172,22.28,Clear,Medium,Evening,Scooter,28,4.1,113.6
7173,10.08,Clear,Low,Morning,Bike,32,5.7,64.0
7174,18.99,Clear,High,Afternoon,Bike,27,2.2,138.7
7175,3.32,Clear,High,Morning,Bike,34,4.9,58.6
7176,12.43,Rainy,Medium,Morning,Bike,26,1.9,96.4
7177,24.8,Clear,High,Night,Bike,28,6.5,165.3
7178,19.49,Clear,Low,Afternoon,Car,25,3.6,70.3
7179,6.05,Rainy,Low,Afternoon,Bike,30,8.7,48.9
7180,13.03,Foggy,High,Morning,Bike,13,3.8,110.6
7181,6.61,Stormy,High,Night,Scooter,6,3.2,69.0
7182,10.83,Rainy,Medium,Morning,Scooter,10,5.2,68.2
7183,19.72,Clear,Low,Morning,Scooter,32,2.2,88.4
7184,19.51,Clear,High,Evening,Bike,30,2.4,136.6
7185,6.47,Clear,Low,Night,Bike,32,7.9,35.6
7186,23.13,Clear,Medium,Evening,Car,32,5.2,118.3
7187,15.22,Clear,Low,Morning,Bike,31,2.5,78.6
7188,10.12,Stormy,High,Morning,Bike,27,0.8,146.7
7189,13.05,Clear,Medium,Night,Scooter,29,4.9,84.2
7190,15.52,Clear,High,Afternoon,Bike,25,7.6,103.1
7191,14.44,Clear,Low,Morning,Car,10,3.8,53.1
7192,12.67,Rainy,Medium,Morning,Car,29,2.9,105.2
7193,13.12,Clear,High,Evening,Scooter,30,4.3,109.8
7194,5.23,Clear,Low,Evening,Scooter,10,9.6,26.3
7195,20.51,Clear,Medium,Night,Bike,18,4.5,91.3
7196,14.0,Clear,Medium,Evening,Scooter,15,3.0,82.6
7197,4.15,Clear,High,Afternoon,Scooter,32,5.9,58.1
7198,19.39,Clear,Low,Morning,Bike,21,8.2,75.1
7199,23.38,Clear,Medium,Evening,Car,8,0.7,111.4
7200,23.74,Rainy,Medium,Afternoon,Car,8,5.8,123.4
7201,9.86,Rainy,Medium,Morning,Car,23,8.4,68.5
7202,4.25,Rainy,Low,Morning,Scooter,34,2.5,49.3
7203,13.44,Clear,Medium,Afternoon,Bike,28,9.3,77.9
7204,3.7,Clear,Medium,Morning,Bike,26,6.0,42.6
7205,23.42,Clear,Low,Afternoon,Bike,27,5.4,101.3
7206,5.41,Clear,Medium,Afternoon,Bike,20,9.7,31.8
7207,7.07,Clear,High,Evening,Bike,29,1.7,72.0
7208,10.76,Clear,Low,Night,Bike,12,7.5,46.2
7209,10.2,Rainy,Medium,Afternoon,Scooter,23,8.3,63.2
7210,20.07,Foggy,Medium,Evening,Bike,24,5.1,135.0
7211,11.95,Rainy,Low,Morning,Bike,5,0.6,50.6
7212,5.1,Clear,Low,Evening,Bike,34,5.5,44.1
7213,7.41,Rainy,Medium,Afternoon,Scooter,8,2.0,42.8
7214,13.22,Clear,High,Evening,Car,16,5.8,84.5
7215,4.54,Rainy,Low,Night,Scooter,29,7.5,40.2
7216,15.68,Clear,High,Morning,Bike,25,5.5,111.2
7217,14.58,Clear,Medium,Evening,Bike,23,6.5,83.1
7218,18.15,Foggy,Medium,Morning,Scooter,6,1.5,113.7
7219,23.5,Rainy,Medium,Afternoon,Bike,10,1.4,133.6
7220,22.89,Clear,High,Night,Car,24,8.6,132.9
7221,23.71,Clear,Low,Night,Bike,26,1.0,115.1
7222,6.87,Clear,Medium,Evening,Bike,7,3.2,34.9
7223,4.16,Foggy,Medium,Morning,Bike,7,9.4,29.5
7224,8.25,Rainy,Low,Morning,Scooter,5,4.9,37.8
7225,22.48,Stormy,Low,Evening,Bike,13,6.9,129.5
7226,24.33,Clear,Low,Evening,Bike,11,2.6,86.1
7227,21.62,Rainy,Medium,Evening,Bike,13,3.1,125.3
7228,3.64,Rainy,Low,Evening,Bike,31,5.3,50.6
7229,23.74,Clear,High,Night,Car,5,6.6,115.5
7230,11.16,Clear,High,Evening,Bike,12,9.6,66.8
7231,1.22,Rainy,Low,Morning,Bike,22,6.0,18.3
7232,11.62,Rainy,Medium,Afternoon,Bike,7,1.4,72.9
7233,2.11,Rainy,Low,Morning,Bike,21,4.0,33.0
7234,14.05,Rainy,Low,Evening,Bike,11,2.8,66.0
7235,9.13,Rainy,Medium,Night,Bike,32,2.9,82.9
7236,12.36,Rainy,Medium,Evening,Scooter,15,5.3,71.9
7237,15.72,Clear,High,Afternoon,Car,9,3.5,82.5
7238,21.85,Clear,Medium,Evening,Bike,17,3.2,105.8
7239,16.89,Rainy,Medium,Afternoon,Scooter,15,9.7,90.1
7240,11.42,Stormy,Low,Evening,Car,7,6.0,66.6
7241,20.67,Clear,Low,Night,Bike,17,3.0,65.7
7242,22.73,Clear,High,Morning,Bike,24,3.1,142.0
7243,3.87,Clear,Low,Afternoon,Scooter,32,8.2,26.9
7244,13.77,Clear,High,Morning,Scooter,32,8.9,102.7
7245,7.83,Clear,Low,Evening,Bike,30,7.0,48.9
7246,2.13,Rainy,Medium,Morning,Bike,10,4.6,15.8
7247,17.05,Clear,High,Night,Bike,26,7.8,112.3
7248,21.71,Rainy,Low,Night,Bike,19,9.4,91.1
7249,4.91,Foggy,Medium,Morning,Scooter,6,2.1,44.8
7250,20.5,Stormy,High,Morning,Scooter,27,8.7,205.9
7251,21.48,Clear,Low,Night,Car,32,8.6,85.6
7252,22.94,Rainy,Medium,Afternoon,Bike,33,4.0,146.4
7253,7.37,Clear,Low,Afternoon,Bike,6,3.3,19.6
7254,22.69,Clear,Low,Night,Scooter,29,5.9,96.8
7255,8.7,Rainy,Low,Night,Bike,18,3.1,50.0
7256,14.26,Rainy,High,Afternoon,Scooter,6,1.9,100.1
7257,2.21,Clear,Low,Morning,Scooter,9,9.6,13.7
7258,2.05,Stormy,Low,Morning,Scooter,20,5.2,26.3
7259,18.29,Foggy,Medium,Evening,Scooter,12,5.0,119.5
7260,11.67,Rainy,Medium,Afternoon,Scooter,12,1.7,64.6
7261,7.15,Rainy,Medium,Night,Bike,33,5.3,79.9
7262,5.57,Clear,Low,Evening,Car,15,7.6,27.8
7263,17.08,Rainy,Medium,Morning,Bike,17,2.9,103.4
7264,1.01,Clear,Medium,Afternoon,Car,19,4.0,25.4
7265,20.34,Foggy,Medium,Evening,Bike,8,2.2,120.2
7266,2.9,Clear,Low,Morning,Bike,27,3.9,34.6
7267,5.6,Clear,Medium,Night,Car,12,8.7,33.3
7268,10.27,Rainy,High,Morning,Scooter,20,2.8,99.1
7269,12.64,Clear,Medium,Morning,Scooter,20,0.8,79.6
7270,9.52,Clear,Low,Afternoon,Bike,28,5.6,50.2
7271,8.7,Clear,Low,Night,Car,25,6.0,50.7
7272,24.13,Foggy,Medium,Afternoon,Bike,14,3.6,149.6
7273,16.4,Clear,High,Night,Bike,6,6.6,96.3
7274,1.56,Clear,Low,Evening,Car,22,0.9,20.9
7275,11.32,Clear,Medium,Morning,Scooter,25,3.7,77.2
7276,22.0,Clear,Low,Afternoon,Bike,20,1.9,86.5
7277,8.23,Clear,Medium,Night,Bike,8,2.7,32.2
7278,3.27,Rainy,Medium,Afternoon,Scooter,34,4.1,47.6
7279,19.2,Clear,High,Morning,Car,24,5.2,125.8
7280,15.54,Clear,Low,Morning,Bike,23,1.4,72.6
7281,14.69,Clear,High,Evening,Scooter,29,1.5,116.8
7282,2.29,Clear,Medium,Night,Scooter,12,6.9,23.7
7283,4.37,Clear,High,Night,Bike,24,4.3,45.6
7284,15.94,Rainy,Medium,Evening,Bike,27,2.2,120.9
7285,5.99,Clear,Low,Evening,Bike,12,2.7,36.1
7286,13.1,Clear,High,Night,Scooter,18,7.3,90.5
7287,14.08,Rainy,Low,Night,Bike,20,1.0,83.5
7288,7.8,Clear,Medium,Afternoon,Scooter,10,5.3,32.9
7289,23.76,Rainy,High,Night,Scooter,22,3.9,185.6
7290,21.22,Clear,Low,Afternoon,Scooter,12,8.2,77.3
7291,18.34,Clear,Medium,Afternoon,Bike,23,8.0,95.7
7292,2.87,Foggy,High,Afternoon,Bike,34,7.0,73.6
7293,3.55,Clear,High,Afternoon,Scooter,8,4.2,30.4
7294,12.83,Foggy,Medium,Morning,Scooter,8,6.5,77.3
7295,4.86,Rainy,Low,Evening,Bike,11,6.6,33.9
7296,24.48,Rainy,Medium,Evening,Bike,12,3.7,131.9
7297,4.8,Foggy,Medium,Night,Scooter,13,8.9,40.1
7298,12.7,Foggy,Medium,Evening,Bike,5,9.9,64.3
7299,9.74,Rainy,High,Evening,Scooter,21,3.5,91.8
7300,16.35,Rainy,Low,Morning,Bike,32,8.1,74.0
7301,4.1,Clear,Low,Afternoon,Scooter,34,5.3,33.9
7302,11.33,Clear,Medium,Afternoon,Bike,11,4.9,53.9
7303,7.59,Clear,High,Afternoon,Scooter,24,4.2,66.5
7304,22.31,Clear,Medium,Evening,Bike,14,3.3,104.4
7305,1.97,Foggy,High,Evening,Bike,28,9.2,46.6
7306,22.93,Clear,High,Night,Bike,25,7.5,140.7
7307,20.99,Clear,High,Morning,Scooter,5,4.7,120.6
7308,8.14,Rainy,High,Morning,Bike,22,7.6,76.9
7309,19.94,Clear,High,Night,Bike,30,7.3,140.1
7310,1.75,Clear,High,Night,Car,18,3.0,37.5
7311,24.2,Rainy,Medium,Night,Bike,23,2.2,146.6
7312,13.64,Rainy,Low,Afternoon,Bike,22,8.4,71.4
7313,8.28,Rainy,Low,Afternoon,Scooter,29,8.2,48.3
7314,9.7,Clear,Low,Afternoon,Scooter,17,10.0,35.1
7315,2.59,Clear,Low,Afternoon,Bike,11,0.7,18.2
7316,24.74,Rainy,Low,Night,Scooter,6,5.6,103.0
7317,1.94,Clear,High,Night,Bike,11,7.2,30.3
7318,16.72,Rainy,Medium,Night,Bike,32,6.0,114.0
7319,11.63,Foggy,Medium,Afternoon,Bike,32,7.2,97.0
7320,23.77,Clear,High,Afternoon,Bike,14,1.8,147.4
7321,6.9,Clear,Medium,Evening,Bike,21,0.5,59.8
7322,13.77,Clear,Low,Night,Bike,34,1.4,80.5
7323,12.58,Rainy,High,Morning,Bike,34,4.1,130.3
7324,17.87,Clear,Medium,Morning,Bike,25,3.6,101.6
7325,2.63,Clear,Medium,Evening,Bike,9,8.8,19.5
7326,5.65,Foggy,Low,Afternoon,Bike,13,1.3,43.8
7327,6.15,Clear,Medium,Night,Bike,8,4.7,36.8
7328,18.72,Clear,High,Afternoon,Bike,24,9.6,114.5
7329,5.54,Rainy,Low,Afternoon,Scooter,26,5.3,44.9
7330,14.76,Clear,High,Morning,Scooter,19,1.8,104.9
7331,6.17,Rainy,Low,Morning,Scooter,18,3.3,41.8
7332,21.68,Rainy,Medium,Night,Scooter,31,6.5,133.8
7333,23.61,Clear,High,Night,Bike,22,0.6,160.6
7334,13.44,Foggy,High,Afternoon,Scooter,34,9.7,129.4
7335,9.46,Clear,Low,Afternoon,Scooter,14,5.9,37.5
7336,6.62,Stormy,Low,Evening,Bike,20,7.2,55.3
7337,2.19,Clear,Medium,Afternoon,Car,26,5.2,34.2
7338,7.44,Clear,Low,Evening,Bike,27,9.6,46.9
7339,16.7,Clear,Medium,Afternoon,Bike,24,6.1,91.7
7340,13.81,Clear,High,Afternoon,Bike,14,6.8,91.1
7341,23.66,Rainy,Medium,Afternoon,Scooter,13,8.7,130.4
7342,10.51,Rainy,Low,Night,Car,20,8.7,52.1
7343,17.65,Rainy,Medium,Night,Car,9,0.8,105.8
7344,12.74,Clear,High,Night,Bike,34,3.2,113.1
7345,13.3,Clear,Medium,Evening,Scooter,23,2.8,79.1
7346,7.43,Rainy,Medium,Evening,Bike,29,0.6,77.6
7347,11.92,Clear,Medium,Night,Bike,5,8.8,50.0
7348,12.3,Rainy,Low,Evening,Car,28,3.5,77.8
7349,17.96,Rainy,Low,Night,Bike,5,3.8,68.6
7350,23.58,Clear,Medium,Morning,Bike,30,1.4,130.4
7351,8.9,Rainy,Low,Night,Bike,28,9.9,58.3
7352,2.01,Rainy,Medium,Morning,Bike,9,8.3,23.8
7353,12.91,Rainy,Medium,Afternoon,Bike,11,5.9,69.5
7354,14.07,Clear,Medium,Evening,Bike,28,7.8,78.7
7355,5.04,Clear,Low,Evening,Bike,19,7.9,23.6
7356,19.25,Clear,High,Night,Bike,15,6.7,112.3
7357,24.64,Clear,Medium,Afternoon,Bike,16,2.2,121.3
7358,23.7,Clear,Low,Afternoon,Car,21,7.3,94.0
7359,5.73,Foggy,Low,Afternoon,Scooter,21,5.9,48.2
7360,22.01,Rainy,Medium,Afternoon,Scooter,27,7.4,132.6
7361,17.91,Rainy,Medium,Evening,Scooter,21,5.7,105.8
7362,11.89,Clear,Low,Night,Bike,8,9.6,40.4
7363,13.97,Foggy,Low,Night,Scooter,26,6.5,94.5
7364,21.39,Clear,Low,Morning,Car,6,5.9,65.6
7365,12.52,Rainy,High,Evening,Bike,14,8.5,86.1
7366,9.96,Stormy,Medium,Morning,Bike,9,4.1,79.8
7367,12.84,Rainy,Medium,Afternoon,Scooter,14,3.5,83.3
7368,14.9,Stormy,High,Night,Bike,14,5.3,153.6
7369,5.54,Rainy,Medium,Morning,Car,31,6.1,61.7
7370,22.62,Clear,Medium,Evening,Scooter,15,2.6,101.9
7371,17.18,Clear,Low,Night,Bike,14,7.0,62.7
7372,16.2,Clear,Medium,Evening,Bike,15,8.1,66.6
7373,3.39,Clear,Low,Night,Scooter,10,6.0,20.1
7374,15.5,Rainy,Medium,Evening,Bike,25,5.5,104.5
7375,3.9,Clear,Low,Evening,Car,14,3.3,23.0
7376,2.89,Foggy,Low,Night,Bike,12,9.1,16.2
7377,13.66,Clear,Low,Evening,Car,15,7.7,48.8
7378,10.67,Clear,Medium,Evening,Bike,24,5.1,57.2
7379,15.13,Stormy,High,Afternoon,Scooter,28,6.8,173.0
7380,3.14,Clear,Medium,Night,Bike,31,3.7,58.1
7381,11.34,Rainy,High,Morning,Bike,23,1.1,109.2
7382,5.19,Rainy,Medium,Night,Scooter,11,2.4,36.9
7383,24.69,Clear,Medium,Night,Bike,32,1.3,138.4
7384,14.47,Clear,Low,Afternoon,Bike,25,5.3,59.3
7385,17.5,Clear,High,Morning,Bike,16,6.4,101.5
7386,8.81,Rainy,Low,Morning,Bike,25,4.1,54.2
7387,3.27,Rainy,Medium,Morning,Bike,10,5.5,31.2
7388,24.42,Clear,Medium,Evening,Scooter,16,1.3,122.1
7389,7.87,Rainy,Medium,Evening,Bike,9,7.8,45.2
7390,11.17,Clear,Low,Evening,Bike,17,0.8,55.8
7391,16.6,Rainy,Medium,Morning,Bike,21,6.5,109.9
7392,1.59,Foggy,High,Night,Car,13,4.6,34.6
7393,20.45,Foggy,High,Night,Car,31,2.2,188.8
7394,13.88,Rainy,High,Morning,Bike,24,5.5,110.0
7395,7.68,Clear,Medium,Morning,Car,25,7.9,42.9
7396,2.48,Stormy,Medium,Afternoon,Scooter,21,4.4,51.9
7397,4.9,Clear,Low,Evening,Bike,23,4.0,29.6
7398,22.48,Rainy,High,Evening,Bike,23,1.9,185.2
7399,17.46,Clear,Medium,Evening,Bike,12,6.1,78.0
7400,7.0,Stormy,Medium,Afternoon,Bike,31,8.4,88.1
7401,2.57,Rainy,High,Afternoon,Scooter,12,5.8,36.1
7402,17.57,Rainy,Medium,Afternoon,Bike,29,2.1,119.1
7403,14.74,Clear,Medium,Morning,Bike,34,6.8,92.6
7404,10.71,Rainy,Low,Afternoon,Bike,30,0.8,69.6
7405,9.73,Rainy,Medium,Night,Scooter,19,8.5,61.0
7406,6.2,Rainy,High,Morning,Bike,11,9.3,54.5
7407,17.07,Clear,Medium,Morning,Bike,10,6.2,80.0
7408,24.3,Clear,Low,Evening,Car,34,8.9,99.6
7409,5.22,Clear,Low,Evening,Bike,20,1.3,28.1
7410,15.33,Clear,Medium,Afternoon,Bike,12,2.7,73.9
7411,11.18,Clear,Medium,Night,Scooter,7,3.5,56.4
7412,11.72,Clear,Low,Morning,Car,14,7.8,57.5
7413,7.1,Clear,Medium,Morning,Bike,30,5.1,65.4
7414,20.8,Clear,Medium,Morning,Scooter,14,3.8,96.7
7415,12.65,Clear,High,Evening,Car,28,2.0,100.2
7416,14.04,Foggy,Low,Evening,Bike,23,8.2,85.7
7417,8.31,Clear,High,Night,Bike,33,0.7,90.8
7418,5.36,Clear,Medium,Evening,Scooter,6,3.7,25.5
7419,3.06,Clear,Medium,Night,Bike,13,2.8,25.9
7420,18.14,Rainy,High,Evening,Bike,5,1.7,120.0
7421,5.71,Foggy,Low,Night,Car,14,2.1,44.3
7422,17.56,Clear,Medium,Evening,Bike,30,5.2,105.5
7423,10.37,Clear,Medium,Evening,Bike,22,4.5,70.5
7424,10.98,Stormy,Medium,Afternoon,Bike,27,5.4,116.0
7425,12.26,Clear,Medium,Afternoon,Scooter,5,7.4,50.5
7426,9.83,Clear,Low,Afternoon,Bike,16,9.0,45.3
7427,3.41,Clear,Medium,Night,Scooter,9,1.6,30.6
7428,8.43,Clear,Medium,Night,Scooter,32,1.3,72.3
7429,16.93,Stormy,High,Night,Bike,29,3.5,204.3
7430,16.98,Clear,Low,Night,Car,29,5.7,76.5
7431,7.87,Foggy,Low,Afternoon,Car,15,1.4,45.8
7432,12.04,Stormy,Medium,Morning,Bike,24,7.3,118.5
7433,5.64,Rainy,Low,Evening,Bike,30,5.8,47.7
7434,6.05,Clear,Medium,Evening,Bike,18,7.6,45.5
7435,1.55,Clear,Low,Night,Bike,19,3.9,31.8
7436,22.52,Clear,Medium,Afternoon,Bike,6,4.3,102.3
7437,6.06,Clear,High,Morning,Bike,29,8.2,68.2
7438,6.46,Rainy,High,Afternoon,Bike,31,3.0,82.3
7439,7.71,Clear,Medium,Evening,Bike,8,4.1,35.5
7440,4.06,Foggy,High,Night,Bike,23,0.6,73.5
7441,16.34,Clear,Medium,Night,Bike,17,5.8,78.0
7442,2.8,Rainy,Medium,Afternoon,Bike,23,8.6,30.1
7443,4.22,Foggy,High,Night,Bike,17,0.8,50.0
7444,16.47,Clear,Medium,Morning,Car,27,6.3,88.6
7445,9.15,Clear,Medium,Evening,Bike,16,8.5,47.7
7446,17.99,Clear,Medium,Morning,Car,6,5.2,83.1
7447,14.38,Clear,High,Afternoon,Bike,9,3.5,82.3
7448,7.14,Clear,Low,Evening,Scooter,22,10.0,43.1
7449,16.62,Clear,Low,Morning,Bike,27,1.1,72.4
7450,3.79,Clear,Low,Morning,Scooter,27,2.5,27.6
7451,13.87,Stormy,Low,Morning,Bike,23,8.9,93.5
7452,11.49,Clear,Medium,Evening,Car,7,3.3,54.7
7453,7.43,Clear,High,Evening,Bike,28,8.3,70.7
7454,15.5,Clear,Medium,Night,Bike,27,3.7,83.7
7455,21.91,Clear,Low,Afternoon,Bike,8,8.2,74.6
7456,24.97,Clear,High,Night,Scooter,22,7.0,142.0
7457,15.59,Foggy,Medium,Afternoon,Car,16,5.0,90.3
7458,10.71,Clear,Medium,Evening,Bike,33,5.5,82.4
7459,6.4,Clear,Medium,Morning,Scooter,7,2.2,39.1
7460,7.17,Clear,High,Night,Scooter,31,1.6,77.9
7461,12.51,Clear,Medium,Evening,Bike,15,7.3,52.0
7462,9.81,Clear,Low,Evening,Scooter,18,8.6,40.2
7463,22.93,Rainy,Medium,Evening,Bike,31,7.4,142.3
7464,9.84,Clear,Medium,Night,Bike,7,9.2,40.8
7465,9.96,Clear,Medium,Evening,Scooter,9,9.0,53.3
7466,10.2,Rainy,Low,Afternoon,Bike,33,7.9,68.8
7467,21.08,Clear,Low,Afternoon,Car,11,9.0,66.8
7468,16.62,Clear,Medium,Morning,Scooter,24,2.1,85.7
7469,15.74,Stormy,Medium,Night,Car,21,7.4,132.2
7470,9.02,Clear,Medium,Night,Bike,23,7.7,59.5
7471,20.63,Rainy,High,Night,Bike,7,2.0,148.7
7472,1.92,Clear,High,Night,Bike,5,9.1,23.2
7473,21.9,Clear,Low,Night,Car,12,0.6,87.8
7474,13.31,Clear,Medium,Evening,Bike,24,4.6,77.0
7475,10.56,Clear,Low,Evening,Bike,9,0.7,47.5
7476,12.93,Clear,Medium,Afternoon,Bike,7,5.5,64.5
7477,17.02,Clear,Medium,Night,Bike,24,4.4,95.4
7478,1.31,Foggy,Low,Night,Bike,21,6.4,25.3
7479,21.92,Rainy,High,Night,Bike,17,7.8,158.0
7480,11.72,Clear,High,Afternoon,Bike,17,7.8,77.6
7481,9.23,Rainy,Low,Night,Car,8,7.4,38.9
7482,4.32,Foggy,Low,Night,Scooter,22,1.5,42.2
7483,11.55,Rainy,Medium,Evening,Scooter,30,4.5,88.5
7484,12.91,Clear,Medium,Afternoon,Bike,34,8.3,78.8
7485,10.69,Foggy,High,Evening,Scooter,10,6.7,80.7
7486,17.29,Clear,Medium,Morning,Car,6,7.0,78.1
7487,11.1,Clear,Medium,Night,Car,19,2.7,65.9
7488,24.07,Clear,High,Morning,Bike,29,3.6,166.2
7489,15.38,Foggy,Medium,Night,Car,6,9.6,84.0
7490,20.38,Foggy,Medium,Morning,Bike,24,8.5,123.8
7491,3.62,Foggy,Medium,Evening,Bike,33,2.1,68.1
7492,10.53,Clear,High,Afternoon,Bike,24,5.7,80.9
7493,9.08,Foggy,Low,Morning,Scooter,20,5.2,55.5
7494,14.67,Clear,Low,Evening,Bike,32,4.7,72.6
7495,21.67,Clear,Low,Morning,Bike,15,5.0,82.4
7496,2.88,Clear,High,Morning,Scooter,21,6.6,51.8
7497,2.74,Clear,Medium,Afternoon,Bike,33,9.7,41.4
7498,21.41,Rainy,Medium,Evening,Bike,31,8.8,127.4
7499,6.11,Clear,High,Afternoon,Bike,27,8.8,69.2
7500,17.05,Foggy,High,Night,Bike,5,7.2,110.0
7501,14.03,Clear,High,Afternoon,Bike,17,0.7,96.9
7502,20.99,Clear,Low,Afternoon,Bike,12,4.7,74.4
7503,4.0,Foggy,High,Morning,Car,7,5.4,37.4
7504,4.11,Clear,Medium,Morning,Car,18,8.5,33.1
7505,14.36,Rainy,Low,Morning,Bike,28,9.3,77.2
7506,23.71,Rainy,Medium,Evening,Bike,28,4.8,148.8
7507,10.96,Clear,Medium,Afternoon,Bike,30,3.4,77.1
7508,8.85,Rainy,Low,Night,Bike,32,3.7,63.8
7509,15.56,Clear,Medium,Morning,Bike,18,6.0,84.8
7510,23.33,Foggy,High,Night,Bike,30,3.1,201.5
7511,21.09,Clear,Medium,Afternoon,Bike,25,9.2,88.3
7512,24.89,Clear,Medium,Afternoon,Bike,34,4.5,137.0
7513,1.54,Clear,Medium,Afternoon,Bike,18,9.9,19.4
7514,3.71,Clear,High,Night,Car,23,1.5,57.7
7515,15.63,Rainy,Low,Night,Car,15,2.3,82.5
7516,20.69,Foggy,Medium,Night,Car,31,5.4,148.1
7517,7.85,Rainy,Low,Afternoon,Car,16,8.7,39.6
7518,6.74,Clear,High,Afternoon,Bike,31,3.9,76.3
7519,19.89,Foggy,Low,Morning,Scooter,29,8.5,103.3
7520,2.35,Clear,Medium,Evening,Bike,5,4.5,14.5
7521,9.87,Rainy,Medium,Night,Car,5,8.6,48.7
7522,13.14,Rainy,High,Evening,Scooter,18,3.1,111.9
7523,14.45,Clear,Low,Night,Bike,22,5.0,61.8
7524,18.49,Foggy,Medium,Night,Bike,33,3.1,146.2
7525,9.52,Clear,Low,Evening,Bike,30,2.5,57.4
7526,15.7,Rainy,High,Evening,Bike,26,4.5,133.1
7527,15.05,Rainy,Medium,Night,Car,6,3.7,79.2
7528,14.14,Foggy,Medium,Afternoon,Car,8,8.0,73.6
7529,16.37,Foggy,Medium,Morning,Bike,26,7.6,102.7
7530,7.23,Clear,Medium,Night,Bike,22,3.9,55.2
7531,3.03,Rainy,Low,Morning,Bike,8,9.9,15.6
7532,3.86,Clear,Medium,Afternoon,Car,27,9.8,31.3
7533,6.39,Clear,High,Afternoon,Car,21,9.2,56.2
7534,13.0,Foggy,Medium,Morning,Bike,20,6.1,87.2
7535,21.17,Foggy,High,Night,Scooter,20,4.4,174.7
7536,17.83,Foggy,Low,Morning,Scooter,13,3.5,83.2
7537,19.94,Clear,High,Night,Bike,30,0.6,152.0
7538,9.42,Foggy,Medium,Evening,Car,14,6.5,65.2
7539,10.71,Foggy,Medium,Night,Bike,11,5.8,71.2
7540,10.45,Clear,Medium,Evening,Bike,13,6.5,50.9
7541,5.6,Clear,Medium,Evening,Bike,27,6.0,48.1
7542,2.47,Rainy,Medium,Morning,Scooter,20,1.8,28.7
7543,15.18,Rainy,Medium,Evening,Bike,31,7.1,115.8
7544,24.74,Stormy,Medium,Morning,Scooter,21,3.9,196.8
7545,5.0,Clear,Low,Morning,Car,27,5.4,44.5
7546,2.12,Rainy,Medium,Afternoon,Scooter,31,4.0,44.1
7547,19.71,Rainy,Medium,Morning,Scooter,29,0.7,131.6
7548,7.06,Clear,Medium,Afternoon,Bike,33,8.8,53.0
7549,20.91,Foggy,Medium,Afternoon,Bike,28,1.9,150.7
7550,17.89,Clear,Medium,Morning,Bike,20,6.0,88.8
7551,23.7,Clear,Medium,Night,Bike,20,8.9,116.5
7552,10.81,Clear,Low,Night,Car,32,2.6,56.7
7553,16.89,Clear,High,Morning,Car,24,4.4,114.0
7554,12.16,Rainy,Low,Evening,Bike,25,4.1,74.0
7555,16.13,Foggy,Medium,Morning,Scooter,23,1.3,111.3
7556,11.79,Clear,Low,Evening,Scooter,14,4.5,48.7
7557,5.53,Clear,Medium,Night,Car,30,5.1,50.8
7558,13.19,Clear,Medium,Evening,Bike,32,0.8,90.8
7559,13.69,Rainy,Medium,Morning,Scooter,6,5.1,74.8
7560,20.45,Stormy,Medium,Evening,Bike,7,1.4,161.0
7561,18.65,Rainy,Low,Afternoon,Bike,11,9.0,72.5
7562,16.93,Rainy,Low,Afternoon,Bike,28,6.7,84.9
7563,3.72,Rainy,Medium,Morning,Bike,6,1.0,29.4
7564,18.29,Clear,High,Morning,Bike,29,8.4,123.1
7565,13.01,Rainy,Medium,Morning,Bike,17,3.9,85.3
7566,22.46,Rainy,Low,Night,Scooter,8,2.6,91.0
7567,23.08,Rainy,Medium,Night,Scooter,19,2.9,148.6
7568,2.32,Foggy,Medium,Night,Car,22,6.2,40.2
7569,20.7,Rainy,Medium,Afternoon,Bike,11,1.3,111.6
7570,1.9,Rainy,High,Evening,Car,31,1.1,62.4
7571,9.81,Foggy,Medium,Afternoon,Scooter,22,6.5,70.6
7572,14.02,Stormy,Low,Evening,Bike,11,9.8,83.6
7573,4.55,Rainy,Low,Evening,Scooter,28,5.1,35.9
7574,18.91,Clear,Medium,Morning,Scooter,33,4.4,113.1
7575,1.2,Clear,Medium,Morning,Bike,13,9.5,10.0
7576,5.05,Rainy,Low,Night,Scooter,34,2.8,46.7
7577,14.94,Clear,High,Morning,Scooter,32,2.8,120.1
7578,18.15,Clear,Medium,Afternoon,Car,16,9.1,79.3
7579,23.0,Clear,Medium,Afternoon,Car,31,6.6,115.8
7580,17.93,Rainy,Low,Afternoon,Scooter,5,1.0,71.3
7581,17.12,Clear,High,Morning,Scooter,6,6.9,91.2
7582,10.46,Clear,High,Morning,Car,22,8.3,80.4
7583,1.03,Clear,Low,Evening,Car,18,3.1,26.6
7584,3.88,Rainy,High,Evening,Scooter,27,4.1,67.5
7585,13.83,Clear,Medium,Morning,Scooter,10,2.4,71.4
7586,17.2,Clear,Medium,Afternoon,Bike,34,6.5,90.2
7587,11.02,Rainy,High,Morning,Scooter,15,6.8,87.0
7588,18.54,Rainy,Medium,Night,Bike,29,1.2,126.5
7589,13.52,Clear,High,Night,Bike,23,6.9,86.7
7590,2.78,Rainy,High,Afternoon,Bike,12,6.8,27.0
7591,5.61,Clear,High,Night,Bike,25,0.8,66.0
7592,21.16,Rainy,Low,Morning,Bike,9,5.8,86.2
7593,18.4,Clear,Medium,Morning,Car,30,6.3,92.7
7594,22.47,Clear,Medium,Evening,Scooter,33,4.6,119.1
7595,3.82,Rainy,Medium,Night,Bike,31,9.1,50.9
7596,24.77,Rainy,Medium,Night,Scooter,32,3.6,156.0
7597,6.03,Clear,Low,Night,Car,25,1.1,34.4
7598,1.28,Clear,High,Night,Bike,28,6.9,34.0
7599,24.94,Foggy,High,Afternoon,Bike,11,6.2,185.7
7600,7.75,Rainy,Medium,Afternoon,Bike,31,9.9,55.9
7601,17.03,Clear,Low,Morning,Car,32,2.7,80.4
7602,5.24,Rainy,Low,Night,Bike,27,4.3,44.3
7603,14.93,Clear,Low,Evening,Car,8,4.9,50.6
7604,22.7,Clear,Medium,Morning,Bike,34,8.7,111.1
7605,8.68,Clear,High,Morning,Bike,19,4.4,73.0
7606,17.09,Clear,Low,Afternoon,Bike,26,7.8,76.1
7607,5.51,Clear,Medium,Morning,Bike,33,2.0,55.9
7608,16.0,Clear,Medium,Evening,Scooter,5,4.4,67.3
7609,9.07,Clear,Low,Night,Bike,26,2.0,51.5
7610,6.07,Clear,Medium,Morning,Bike,9,9.5,32.5
7611,8.52,Clear,Medium,Evening,Bike,33,2.2,67.4
7612,5.29,Clear,High,Afternoon,Scooter,21,4.5,54.8
7613,22.65,Rainy,Medium,Afternoon,Scooter,17,1.3,134.8
7614,10.53,Clear,Medium,Night,Scooter,31,9.3,50.6
7615,6.89,Rainy,Medium,Morning,Car,21,6.4,54.5
7616,11.76,Clear,Low,Evening,Bike,23,9.6,54.4
7617,8.69,Clear,Low,Afternoon,Bike,8,0.9,36.5
7618,18.87,Rainy,Medium,Evening,Bike,21,2.2,121.9
7619,24.31,Stormy,Low,Afternoon,Bike,16,4.1,145.6
7620,11.51,Clear,Low,Afternoon,Bike,34,6.4,60.0
7621,21.66,Clear,Medium,Night,Car,30,3.6,118.9
7622,14.58,Rainy,Medium,Evening,Scooter,27,7.3,106.7
7623,4.77,Foggy,Low,Evening,Bike,22,2.1,47.4
7624,17.57,Stormy,Low,Evening,Bike,15,6.2,110.2
7625,13.32,Clear,Medium,Afternoon,Scooter,8,4.3,63.0
7626,16.61,Clear,Medium,Night,Car,16,5.3,75.0
7627,22.35,Rainy,Medium,Evening,Bike,13,5.9,127.3
7628,11.57,Rainy,Medium,Morning,Bike,28,1.1,97.3
7629,22.63,Rainy,Low,Evening,Car,22,9.3,101.8
7630,19.02,Foggy,Low,Afternoon,Car,31,8.0,104.3
7631,12.73,Rainy,Low,Night,Bike,31,4.7,80.1
7632,15.48,Clear,Low,Evening,Bike,13,5.7,57.9
7633,8.81,Clear,High,Evening,Bike,5,0.8,58.7
7634,24.61,Rainy,Medium,Evening,Car,10,5.2,126.0
7635,17.02,Clear,Medium,Morning,Bike,23,4.6,81.2
7636,2.05,Clear,Medium,Afternoon,Car,5,4.1,10.0
7637,8.84,Clear,Low,Morning,Bike,12,8.2,36.3
7638,15.96,Clear,Low,Morning,Scooter,10,2.2,60.2
7639,2.35,Clear,High,Afternoon,Scooter,8,2.2,21.9
7640,1.57,Foggy,High,Afternoon,Bike,7,5.5,14.7
7641,11.8,Clear,Medium,Evening,Bike,17,7.0,62.9
7642,8.98,Clear,Medium,Afternoon,Bike,30,0.7,63.4
7643,11.52,Clear,High,Evening,Scooter,6,5.7,68.5
7644,7.3,Clear,Low,Morning,Bike,17,3.3,30.1
7645,4.95,Stormy,Low,Evening,Scooter,25,7.7,48.6
7646,17.54,Foggy,Low,Afternoon,Scooter,19,5.0,87.2
7647,13.35,Clear,Medium,Evening,Bike,12,8.4,64.4
7648,5.8,Rainy,Low,Morning,Car,16,4.3,34.8
7649,8.67,Clear,Medium,Afternoon,Scooter,12,8.4,45.8
7650,15.2,Stormy,Medium,Afternoon,Scooter,23,7.3,133.2
7651,2.73,Clear,Medium,Night,Bike,13,8.4,30.7
7652,4.54,Clear,Low,Evening,Scooter,14,8.2,24.9
7653,2.76,Rainy,Medium,Evening,Bike,25,5.1,35.6
7654,20.5,Foggy,Medium,Evening,Car,27,4.0,148.8
7655,19.06,Clear,Low,Morning,Bike,31,7.8,88.4
7656,19.08,Rainy,Low,Morning,Scooter,29,3.9,101.4
7657,18.19,Clear,Medium,Afternoon,Scooter,11,1.3,95.4
7658,17.07,Foggy,Low,Afternoon,Bike,14,8.7,81.9
7659,12.45,Clear,High,Morning,Bike,7,4.3,65.3
7660,16.41,Foggy,Medium,Evening,Bike,6,1.8,95.2
7661,1.92,Clear,Low,Evening,Bike,32,6.6,26.6
7662,15.92,Clear,Medium,Morning,Car,11,9.0,67.9
7663,19.67,Stormy,Medium,Evening,Car,14,8.7,134.5
7664,13.01,Stormy,Low,Morning,Bike,12,5.8,75.7
7665,9.58,Rainy,Low,Evening,Bike,16,1.3,61.2
7666,7.66,Clear,Medium,Evening,Car,32,7.1,49.9
7667,16.43,Clear,Low,Night,Bike,24,6.3,65.8
7668,17.63,Clear,Low,Afternoon,Car,21,2.5,78.7
7669,21.9,Clear,Low,Evening,Bike,26,9.1,81.4
7670,9.22,Rainy,Low,Evening,Scooter,13,1.3,52.2
7671,19.47,Clear,Medium,Morning,Bike,24,4.0,100.6
7672,14.47,Rainy,High,Night,Bike,7,1.4,107.9
7673,22.19,Rainy,Medium,Night,Bike,26,9.2,122.1
7674,13.67,Clear,Medium,Morning,Scooter,26,0.8,75.5
7675,13.42,Rainy,High,Morning,Bike,8,4.5,93.5
7676,14.87,Rainy,Low,Morning,Scooter,11,8.7,54.5
7677,18.98,Rainy,Low,Evening,Bike,31,2.9,104.4
7678,24.15,Clear,Medium,Morning,Bike,22,1.5,119.1
7679,2.77,Rainy,Medium,Afternoon,Bike,21,1.7,33.1
7680,2.28,Clear,Medium,Morning,Bike,31,4.3,45.7
7681,23.5,Clear,Low,Evening,Bike,26,4.6,97.3
7682,13.72,Rainy,Low,Afternoon,Bike,7,7.3,49.6
7683,15.76,Rainy,Medium,Evening,Scooter,7,2.8,87.1
7684,12.58,Clear,High,Afternoon,Car,17,7.2,81.5
7685,3.25,Rainy,Medium,Afternoon,Scooter,21,10.0,25.6
7686,19.43,Stormy,Low,Afternoon,Bike,33,8.7,133.1
7687,18.93,Clear,Medium,Evening,Bike,22,6.5,99.4
7688,8.48,Foggy,Low,Afternoon,Bike,23,9.4,51.6
7689,8.35,Rainy,Low,Night,Bike,21,9.9,45.6
7690,21.11,Rainy,Medium,Night,Bike,28,5.9,128.9
7691,2.74,Clear,Medium,Evening,Bike,20,3.1,32.4
7692,22.15,Clear,High,Night,Bike,20,9.2,127.7
7693,7.16,Foggy,Medium,Afternoon,Bike,26,8.5,64.0
7694,15.23,Clear,Medium,Morning,Bike,29,1.3,89.7
7695,23.46,Clear,Medium,Morning,Bike,5,9.4,102.7
7696,17.27,Rainy,Low,Afternoon,Bike,31,4.0,94.9
7697,10.95,Clear,High,Night,Scooter,18,3.6,83.3
7698,17.55,Rainy,Medium,Afternoon,Bike,32,3.8,124.4
7699,9.26,Rainy,Low,Morning,Bike,19,3.5,41.3
7700,7.65,Foggy,Medium,Morning,Bike,8,5.4,47.7
7701,24.92,Rainy,Medium,Evening,Bike,24,6.0,139.5
7702,19.02,Clear,High,Morning,Scooter,25,4.5,134.0
7703,16.47,Clear,High,Evening,Bike,15,4.4,97.7
7704,9.53,Rainy,Low,Night,Bike,22,7.5,56.7
7705,2.18,Clear,Medium,Afternoon,Scooter,33,0.5,47.2
7706,1.75,Stormy,Medium,Evening,Bike,21,9.5,40.7
7707,14.3,Rainy,Low,Afternoon,Car,32,7.3,80.9
7708,19.29,Clear,Medium,Evening,Car,13,7.2,84.9
7709,13.9,Foggy,Medium,Night,Bike,25,4.5,103.4
7710,21.18,Clear,Low,Night,Bike,28,9.7,75.8
7711,1.8,Clear,Medium,Evening,Scooter,18,0.5,26.6
7712,9.8,Rainy,Medium,Evening,Car,32,1.2,93.5
7713,6.69,Foggy,Low,Night,Scooter,7,8.1,28.8
7714,11.73,Clear,Medium,Afternoon,Bike,24,7.5,66.9
7715,2.74,Clear,Medium,Night,Bike,24,3.1,33.8
7716,23.9,Clear,Low,Afternoon,Scooter,26,6.2,96.3
7717,6.36,Clear,High,Evening,Bike,8,5.6,39.3
7718,23.14,Clear,Low,Afternoon,Bike,20,5.5,81.4
7719,11.22,Clear,Low,Evening,Scooter,25,6.2,48.2
7720,24.65,Rainy,Low,Afternoon,Bike,16,9.9,89.6
7721,14.3,Foggy,Medium,Evening,Car,34,9.9,110.8
7722,23.34,Clear,Medium,Morning,Car,25,9.8,110.4
7723,1.13,Clear,Medium,Morning,Bike,12,5.7,15.4
7724,18.96,Foggy,Low,Night,Scooter,13,3.5,91.1
7725,22.67,Rainy,High,Night,Scooter,15,5.8,159.3
7726,4.35,Foggy,Low,Evening,Bike,28,6.4,44.1
7727,3.31,Clear,Low,Afternoon,Bike,32,3.5,32.6
7728,11.19,Clear,Low,Evening,Bike,9,6.5,39.4
7729,23.41,Clear,Low,Morning,Car,16,6.4,92.2
7730,14.02,Rainy,Medium,Morning,Bike,32,9.1,90.5
7731,13.66,Clear,Low,Evening,Bike,26,2.8,70.7
7732,4.39,Rainy,Low,Morning,Bike,24,7.1,29.0
7733,1.02,Clear,High,Night,Bike,6,4.8,20.5
7734,20.44,Clear,Low,Evening,Bike,15,1.7,69.5
7735,3.1,Rainy,High,Night,Bike,15,3.5,43.9
7736,16.21,Clear,Medium,Night,Bike,25,1.0,91.2
7737,22.95,Rainy,Medium,Night,Bike,5,3.5,119.0
7738,6.01,Clear,Medium,Morning,Scooter,21,1.2,45.8
7739,16.97,Clear,Medium,Afternoon,Scooter,21,9.3,85.0
7740,2.89,Clear,Low,Afternoon,Bike,8,1.5,10.0
7741,15.49,Clear,High,Afternoon,Scooter,18,8.3,96.0
7742,4.93,Clear,Medium,Night,Bike,9,9.1,27.3
7743,18.66,Rainy,High,Evening,Bike,8,4.9,124.3
7744,8.23,Foggy,High,Night,Bike,10,1.0,74.9
7745,12.12,Clear,Low,Night,Bike,22,6.2,51.1
7746,15.39,Clear,Low,Evening,Bike,25,2.7,73.6
7747,5.11,Stormy,Low,Afternoon,Bike,17,2.2,50.5
7748,18.8,Clear,High,Afternoon,Bike,10,5.9,108.7
7749,8.26,Clear,High,Afternoon,Bike,19,3.9,69.8
7750,16.9,Clear,Medium,Night,Bike,9,7.4,80.0
7751,4.8,Rainy,Low,Night,Car,10,6.1,22.1
7752,17.51,Clear,Low,Morning,Bike,28,8.4,84.3
7753,4.08,Rainy,High,Afternoon,Car,22,1.1,62.2
7754,11.21,Clear,High,Night,Bike,33,2.7,98.3
7755,6.93,Clear,Low,Morning,Bike,11,5.9,41.6
7756,18.96,Clear,Low,Night,Car,34,8.9,79.0
7757,7.29,Rainy,Medium,Night,Car,10,8.2,38.0
7758,22.16,Rainy,Low,Afternoon,Bike,30,7.0,106.5
7759,22.4,Clear,High,Evening,Bike,12,6.0,125.3
7760,5.71,Clear,Medium,Night,Bike,29,6.5,54.1
7761,15.73,Rainy,Medium,Night,Scooter,34,2.5,118.2
7762,3.11,Foggy,Medium,Night,Bike,28,6.2,49.6
7763,10.4,Clear,Medium,Afternoon,Scooter,34,5.2,73.6
7764,18.12,Rainy,Low,Night,Scooter,9,4.2,85.2
7765,16.83,Clear,High,Morning,Bike,8,8.9,88.9
7766,15.99,Clear,Medium,Afternoon,Scooter,23,8.4,80.2
7767,7.78,Clear,Medium,Morning,Scooter,14,1.2,43.7
7768,10.07,Rainy,Medium,Afternoon,Bike,13,9.9,56.2
7769,3.47,Clear,Low,Night,Bike,27,2.7,35.0
7770,18.26,Foggy,Low,Night,Scooter,5,2.5,88.6
7771,13.09,Rainy,Medium,Morning,Bike,23,9.5,91.1
7772,18.01,Foggy,Medium,Morning,Scooter,33,4.7,134.6
7773,6.97,Clear,Medium,Afternoon,Bike,16,8.2,39.5
7774,8.79,Clear,High,Afternoon,Bike,23,3.2,76.9
7775,9.02,Stormy,Medium,Evening,Car,17,8.8,76.1
7776,1.62,Rainy,Medium,Evening,Bike,26,8.4,31.5
7777,9.19,Foggy,Low,Evening,Bike,19,5.4,58.2
7778,20.28,Clear,High,Night,Scooter,33,7.2,137.0
7779,22.54,Clear,Medium,Morning,Scooter,6,9.7,87.9
7780,13.44,Rainy,Low,Morning,Bike,24,4.8,76.8
7781,11.93,Clear,Medium,Evening,Car,16,5.2,64.4
7782,1.74,Rainy,Medium,Evening,Bike,22,7.4,41.6
7783,22.1,Clear,High,Afternoon,Scooter,25,4.2,150.6
7784,1.31,Clear,High,Evening,Bike,33,9.6,38.6
7785,23.67,Clear,Medium,Morning,Bike,8,0.9,108.1
7786,12.74,Clear,Medium,Afternoon,Scooter,24,4.3,67.7
7787,9.21,Clear,Low,Evening,Scooter,16,7.3,35.2
7788,23.18,Rainy,Medium,Night,Scooter,24,4.6,146.4
7789,1.59,Clear,High,Evening,Bike,17,3.0,27.9
7790,14.95,Clear,Medium,Night,Car,8,4.4,61.6
7791,14.17,Foggy,Medium,Evening,Bike,18,8.9,80.4
7792,6.26,Clear,High,Afternoon,Bike,25,5.7,54.0
7793,11.29,Clear,Low,Night,Car,22,3.7,49.9
7794,16.65,Rainy,Low,Night,Bike,10,6.9,71.3
7795,18.45,Foggy,Medium,Afternoon,Bike,5,6.3,98.9
7796,1.02,Clear,High,Night,Car,14,5.8,25.1
7797,23.48,Clear,High,Afternoon,Car,22,4.2,144.9
7798,4.95,Rainy,Medium,Evening,Scooter,23,1.2,58.8
7799,6.61,Clear,High,Afternoon,Bike,6,6.4,39.7
7800,7.32,Rainy,Medium,Afternoon,Bike,19,4.5,59.4
7801,1.91,Stormy,Low,Afternoon,Bike,7,4.6,15.7
7802,3.95,Foggy,High,Afternoon,Bike,12,2.7,51.8
7803,24.67,Clear,Low,Morning,Bike,23,2.9,93.6
7804,8.57,Clear,Low,Night,Bike,15,8.0,30.8
7805,3.77,Stormy,Medium,Evening,Bike,18,5.1,46.1
7806,3.57,Clear,Medium,Afternoon,Bike,20,1.5,40.7
7807,18.27,Clear,Medium,Morning,Scooter,14,0.9,91.5
7808,21.51,Rainy,Low,Morning,Bike,21,2.6,101.5
7809,7.17,Clear,Low,Evening,Car,19,5.1,36.2
7810,1.5,Clear,Low,Night,Bike,34,6.4,30.2
7811,6.35,Foggy,Medium,Evening,Bike,15,1.9,48.6
7812,2.36,Clear,High,Afternoon,Bike,12,4.6,27.4
7813,3.48,Clear,High,Night,Bike,12,1.2,33.5
7814,11.36,Clear,High,Night,Bike,11,0.9,74.1
7815,6.52,Rainy,Medium,Evening,Scooter,24,8.7,48.5
7816,13.38,Clear,Medium,Evening,Bike,16,6.8,71.4
7817,7.08,Clear,Low,Night,Car,25,7.9,37.1
7818,23.57,Rainy,Low,Evening,Scooter,32,2.2,110.8
7819,22.74,Foggy,Medium,Night,Bike,32,3.6,163.5
7820,14.6,Clear,Medium,Evening,Bike,31,4.7,90.1
7821,9.51,Foggy,High,Night,Scooter,34,6.8,117.6
7822,10.15,Clear,Medium,Afternoon,Scooter,20,5.6,61.1
7823,10.88,Rainy,Low,Morning,Car,20,5.7,60.0
7824,18.46,Clear,High,Evening,Scooter,14,2.0,115.2
7825,11.84,Clear,Medium,Night,Bike,26,5.0,69.5
7826,21.56,Rainy,High,Morning,Bike,26,8.3,165.2
7827,23.66,Clear,High,Morning,Scooter,11,5.3,134.1
7828,9.06,Clear,Low,Morning,Bike,8,2.4,29.6
7829,14.46,Clear,Low,Evening,Bike,28,4.4,66.5
7830,3.28,Rainy,Low,Evening,Scooter,6,7.7,17.0
7831,5.81,Clear,Low,Afternoon,Bike,13,1.8,20.0
7832,10.92,Clear,Low,Evening,Bike,19,6.0,52.3
7833,5.95,Clear,Medium,Evening,Scooter,26,9.7,44.5
7834,22.04,Clear,High,Evening,Bike,18,4.1,130.6
7835,4.8,Clear,High,Morning,Scooter,16,0.9,45.2
7836,11.94,Clear,Medium,Afternoon,Scooter,21,6.5,65.6
7837,15.54,Clear,Low,Morning,Bike,21,0.9,75.0
7838,17.6,Clear,Medium,Afternoon,Bike,17,2.3,95.3
7839,10.19,Rainy,Medium,Evening,Scooter,12,1.0,72.3
7840,21.86,Rainy,Low,Night,Bike,14,2.1,103.8
7841,14.64,Foggy,High,Evening,Bike,30,8.6,133.0
7842,11.55,Clear,High,Morning,Car,17,7.5,72.2
7843,2.61,Stormy,Medium,Morning,Scooter,11,3.7,30.4
7844,12.15,Clear,Medium,Morning,Bike,7,9.0,51.7
7845,20.7,Stormy,Low,Afternoon,Bike,28,6.8,136.2
7846,15.75,Clear,Medium,Morning,Car,19,4.8,86.7
7847,20.97,Clear,Low,Night,Scooter,28,1.1,92.9
7848,12.86,Clear,Low,Night,Bike,33,7.4,53.4
7849,3.84,Clear,Medium,Evening,Scooter,11,4.1,20.1
7850,1.33,Foggy,Medium,Afternoon,Bike,34,3.4,44.2
7851,8.28,Rainy,Medium,Afternoon,Bike,9,3.2,46.8
7852,17.75,Stormy,Medium,Evening,Bike,12,0.6,128.1
7853,19.97,Rainy,Medium,Morning,Bike,25,7.6,127.3
7854,8.1,Clear,High,Morning,Scooter,21,1.9,59.3
7855,12.9,Clear,High,Evening,Bike,12,5.4,77.6
7856,11.11,Stormy,High,Evening,Scooter,11,0.7,124.1
7857,10.85,Rainy,High,Evening,Bike,11,6.5,84.0
7858,6.55,Rainy,Medium,Evening,Bike,6,4.0,31.7
7859,4.27,Clear,Medium,Afternoon,Bike,15,6.5,36.4
7860,5.72,Clear,Low,Afternoon,Bike,16,1.4,37.4
7861,2.33,Foggy,Low,Morning,Bike,32,3.0,41.0
7862,5.76,Clear,High,Afternoon,Bike,16,1.5,51.7
7863,1.22,Clear,High,Afternoon,Scooter,23,6.6,28.1
7864,16.05,Clear,Medium,Afternoon,Scooter,32,1.5,101.2
7865,8.59,Rainy,Medium,Evening,Scooter,7,6.4,49.5
7866,24.36,Clear,Low,Afternoon,Scooter,16,1.8,93.0
7867,5.65,Clear,Medium,Morning,Scooter,32,9.5,51.9
7868,9.3,Clear,Medium,Afternoon,Bike,31,4.5,68.5
7869,9.59,Clear,Medium,Evening,Car,30,1.7,86.2
7870,1.2,Clear,High,Afternoon,Bike,10,0.9,14.7
7871,21.14,Clear,Low,Night,Scooter,10,3.6,84.2
7872,1.77,Stormy,Medium,Morning,Scooter,23,9.0,38.3
7873,23.56,Stormy,Medium,Afternoon,Bike,31,1.9,211.0
7874,22.41,Clear,High,Morning,Car,25,8.0,125.6
7875,13.85,Rainy,High,Evening,Bike,13,4.5,102.8
7876,14.05,Rainy,Medium,Morning,Bike,27,8.1,95.6
7877,16.69,Clear,High,Night,Bike,13,8.8,96.8
7878,10.29,Clear,Medium,Night,Bike,22,10.0,46.9
7879,16.53,Clear,Low,Morning,Scooter,14,1.1,65.9
7880,2.07,Clear,Medium,Evening,Bike,14,8.1,27.6
7881,2.3,Clear,Low,Morning,Car,5,1.2,17.0
7882,11.97,Foggy,Medium,Afternoon,Scooter,22,3.5,96.4
7883,14.19,Clear,High,Afternoon,Bike,26,6.6,113.3
7884,22.31,Rainy,High,Morning,Bike,14,4.7,150.6
7885,3.51,Clear,Low,Afternoon,Bike,11,5.9,17.2
7886,20.74,Clear,Low,Afternoon,Car,12,9.7,70.4
7887,6.04,Clear,Low,Evening,Scooter,15,8.3,25.4
7888,10.46,Clear,Low,Morning,Bike,26,4.0,54.6
7889,8.6,Rainy,Low,Afternoon,Bike,10,6.2,48.0
7890,10.6,Rainy,Medium,Morning,Bike,23,1.0,82.6
7891,4.61,Clear,Medium,Morning,Bike,13,4.8,19.8
7892,13.09,Rainy,High,Afternoon,Scooter,15,6.3,103.9
7893,20.24,Foggy,Low,Evening,Scooter,6,7.3,87.5
7894,11.6,Rainy,Medium,Evening,Bike,15,9.1,57.2
7895,12.77,Clear,Low,Night,Car,34,3.2,65.4
7896,21.37,Rainy,Low,Morning,Bike,9,9.1,76.3
7897,17.95,Clear,Medium,Night,Bike,23,6.8,89.7
7898,12.77,Foggy,Low,Evening,Scooter,21,1.2,76.0
7899,7.18,Clear,Medium,Afternoon,Bike,22,4.1,42.5
7900,22.24,Clear,High,Afternoon,Bike,26,5.0,147.2
7901,14.85,Clear,Medium,Evening,Bike,18,3.8,72.8
7902,6.31,Clear,Medium,Evening,Bike,14,1.6,47.2
7903,7.46,Foggy,Low,Morning,Bike,21,5.7,51.9
7904,20.28,Clear,High,Night,Scooter,15,1.8,127.9
7905,2.06,Clear,Low,Night,Bike,6,9.2,16.6
7906,24.81,Foggy,Low,Evening,Bike,14,8.7,112.1
7907,4.13,Clear,Low,Morning,Bike,25,5.0,33.6
7908,20.11,Clear,Medium,Afternoon,Bike,5,1.1,91.1
7909,10.47,Rainy,Medium,Evening,Bike,34,5.7,86.0
7910,12.81,Clear,High,Night,Car,18,6.1,88.1
7911,22.14,Clear,High,Morning,Scooter,15,8.9,131.7
7912,10.91,Clear,Medium,Morning,Bike,15,1.1,44.6
7913,13.9,Rainy,Medium,Morning,Scooter,14,7.1,89.6
7914,2.18,Foggy,Medium,Night,Bike,24,5.8,34.8
7915,1.06,Clear,High,Morning,Bike,25,2.2,37.6
7916,6.88,Clear,Medium,Afternoon,Scooter,9,1.7,29.5
7917,17.33,Clear,Medium,Night,Scooter,9,7.1,83.2
7918,3.91,Foggy,Medium,Evening,Bike,18,3.7,36.2
7919,3.73,Clear,Medium,Morning,Bike,30,10.0,45.0
7920,10.86,Foggy,Low,Night,Bike,29,9.0,67.6
7921,16.55,Clear,Low,Evening,Bike,29,5.9,73.1
7922,18.09,Foggy,Medium,Evening,Bike,9,6.6,96.9
7923,5.28,Rainy,High,Afternoon,Scooter,10,2.0,55.4
7924,2.91,Rainy,Medium,Evening,Bike,28,9.0,41.5
7925,23.57,Clear,High,Afternoon,Bike,20,4.9,149.6
7926,7.26,Rainy,Low,Night,Bike,32,5.5,45.8
7927,21.48,Clear,Medium,Afternoon,Scooter,27,8.8,100.6
7928,21.72,Clear,Medium,Night,Bike,19,0.6,114.3
7929,19.54,Clear,High,Night,Bike,10,5.2,104.8
7930,5.05,Foggy,Low,Morning,Bike,24,6.5,45.1
7931,20.72,Rainy,Medium,Afternoon,Scooter,20,2.0,125.5
7932,19.46,Clear,Low,Night,Bike,23,1.1,81.2
7933,15.32,Rainy,Medium,Morning,Bike,24,5.6,102.6
7934,9.09,Clear,High,Afternoon,Bike,17,5.7,67.3
7935,7.3,Foggy,Medium,Afternoon,Bike,23,3.6,61.9
7936,3.93,Rainy,High,Evening,Bike,17,8.9,51.1
7937,13.23,Rainy,High,Morning,Bike,12,3.4,104.4
7938,15.05,Clear,Low,Evening,Bike,10,5.4,45.7
7939,9.62,Stormy,High,Night,Scooter,26,2.3,133.1
7940,12.41,Foggy,Low,Afternoon,Bike,21,0.6,79.5
7941,9.72,Rainy,Low,Night,Scooter,9,4.5,45.6
7942,16.38,Clear,Medium,Morning,Bike,12,5.5,60.1
7943,22.63,Rainy,Medium,Afternoon,Car,31,7.8,138.1
7944,4.93,Rainy,Medium,Night,Car,33,4.8,64.6
7945,10.15,Clear,Low,Afternoon,Scooter,22,3.1,50.2
7946,4.38,Clear,High,Evening,Car,34,6.2,62.0
7947,16.0,Clear,Medium,Morning,Bike,23,4.1,92.4
7948,18.49,Rainy,Low,Morning,Scooter,16,2.7,81.3
7949,23.37,Clear,Medium,Morning,Bike,29,9.1,117.0
7950,7.69,Clear,Low,Afternoon,Scooter,16,5.6,38.1
7951,23.81,Rainy,Medium,Night,Bike,17,2.4,132.0
7952,2.52,Clear,Medium,Night,Bike,8,6.9,20.5
7953,15.47,Clear,Medium,Morning,Car,31,8.1,95.7
7954,2.37,Clear,Low,Afternoon,Bike,14,7.7,18.9
7955,22.45,Foggy,High,Afternoon,Scooter,20,6.2,181.2
7956,13.72,Rainy,Low,Afternoon,Scooter,32,5.4,75.9
7957,17.06,Clear,Medium,Night,Bike,9,7.9,70.6
7958,20.96,Foggy,Low,Morning,Bike,32,7.2,109.7
7959,4.61,Clear,Medium,Night,Bike,16,5.9,34.9
7960,1.93,Stormy,Low,Evening,Car,20,6.7,30.2
7961,22.09,Clear,Medium,Afternoon,Car,31,2.1,120.7
7962,8.56,Clear,Medium,Evening,Scooter,27,0.7,67.3
7963,4.1,Clear,Low,Morning,Scooter,33,9.3,43.4
7964,12.24,Clear,Low,Morning,Bike,19,9.4,49.4
7965,15.36,Clear,Medium,Night,Bike,25,8.0,73.3
7966,1.74,Rainy,Low,Morning,Bike,6,4.0,12.5
7967,7.6,Foggy,Medium,Morning,Bike,27,1.9,77.1
7968,1.79,Clear,Medium,Night,Bike,20,3.9,30.4
7969,11.09,Clear,Medium,Night,Bike,15,7.4,54.9
7970,22.48,Clear,High,Night,Scooter,26,3.7,154.7
7971,24.58,Clear,Medium,Night,Bike,31,8.1,125.3
7972,16.29,Rainy,High,Morning,Bike,13,6.9,114.5
7973,4.88,Clear,High,Evening,Bike,6,6.5,35.7
7974,22.74,Rainy,High,Night,Scooter,22,9.3,165.2
7975,13.39,Clear,Low,Morning,Bike,17,9.0,46.8
7976,4.69,Clear,High,Morning,Bike,17,7.3,47.6
7977,23.12,Clear,High,Morning,Scooter,12,2.4,139.0
7978,19.18,Clear,Medium,Morning,Bike,14,9.4,82.9
7979,18.56,Clear,Medium,Morning,Bike,31,2.7,107.1
7980,18.02,Rainy,High,Night,Scooter,21,4.0,150.4
7981,5.81,Clear,Medium,Night,Bike,28,8.4,52.9
7982,6.06,Clear,Medium,Afternoon,Bike,25,2.5,52.0
7983,17.52,Rainy,High,Afternoon,Bike,5,6.6,114.3
7984,6.27,Clear,Medium,Night,Bike,20,4.8,43.5
7985,11.53,Rainy,Low,Night,Bike,30,6.4,83.3
7986,19.77,Clear,Medium,Night,Bike,15,9.6,83.5
7987,19.81,Clear,Medium,Evening,Car,5,8.2,78.2
7988,11.88,Foggy,High,Night,Bike,10,3.3,99.5
7989,20.01,Rainy,Medium,Morning,Bike,16,1.0,117.9
7990,21.13,Clear,High,Evening,Bike,20,9.7,128.2
7991,16.71,Clear,Medium,Evening,Car,30,6.1,86.3
7992,6.48,Foggy,Medium,Morning,Scooter,15,2.1,51.0
7993,7.58,Clear,Low,Morning,Bike,22,6.5,37.8
7994,8.56,Clear,Medium,Afternoon,Bike,6,0.9,37.8
7995,3.8,Rainy,High,Morning,Bike,21,2.3,61.0
7996,7.56,Rainy,Low,Night,Bike,21,6.5,40.3
7997,6.03,Rainy,High,Night,Bike,24,4.3,67.6
7998,11.93,Rainy,Low,Afternoon,Bike,25,3.6,66.7
7999,22.8,Rainy,Low,Evening,Bike,8,6.7,97.3
8000,3.51,Foggy,Low,Evening,Bike,10,8.7,30.2
8001,18.29,Rainy,Medium,Afternoon,Bike,28,6.9,118.8
8002,17.49,Clear,Low,Night,Bike,31,4.9,73.1
8003,3.3,Clear,Medium,Afternoon,Bike,19,6.8,26.9
8004,23.14,Rainy,Medium,Night,Car,15,7.1,132.5
8005,14.64,Foggy,Medium,Night,Scooter,22,7.9,98.8
8006,9.73,Clear,Medium,Morning,Car,21,3.4,53.1
8007,19.16,Clear,Medium,Afternoon,Bike,6,1.6,98.6
8008,7.18,Foggy,High,Afternoon,Bike,17,7.0,69.3
8009,17.64,Rainy,Medium,Night,Scooter,30,1.7,125.0
8010,1.95,Clear,Low,Night,Bike,34,4.9,28.1
8011,21.15,Rainy,Medium,Morning,Bike,31,2.7,137.5
8012,11.76,Stormy,Medium,Night,Bike,10,3.7,99.3
8013,16.28,Foggy,Medium,Night,Bike,15,5.0,104.7
8014,6.31,Rainy,High,Evening,Scooter,34,9.0,83.4
8015,17.25,Clear,High,Afternoon,Scooter,24,7.0,107.6
8016,19.53,Foggy,Low,Morning,Car,11,2.1,95.6
8017,12.36,Clear,Medium,Morning,Car,34,8.9,73.2
8018,15.83,Foggy,Medium,Night,Bike,22,5.3,105.1
8019,11.95,Clear,High,Afternoon,Bike,21,2.4,92.8
8020,22.46,Clear,Medium,Evening,Bike,17,5.5,104.1
8021,12.95,Clear,Medium,Morning,Bike,25,2.3,82.3
8022,21.2,Clear,High,Night,Bike,18,4.0,136.9
8023,20.23,Rainy,Medium,Afternoon,Bike,13,8.2,104.7
8024,10.85,Stormy,Medium,Evening,Bike,17,6.8,94.9
8025,6.52,Rainy,High,Afternoon,Scooter,10,5.0,52.4
8026,10.75,Foggy,High,Morning,Bike,26,2.7,112.7
8027,20.83,Clear,Low,Night,Bike,5,3.2,67.9
8028,6.46,Rainy,Medium,Night,Bike,5,9.8,34.5
8029,13.59,Foggy,Medium,Morning,Scooter,8,3.8,79.0
8030,20.35,Rainy,High,Morning,Scooter,18,6.4,155.5
8031,9.48,Clear,High,Afternoon,Bike,22,5.2,83.0
8032,16.41,Rainy,High,Morning,Car,20,0.7,141.9
8033,6.9,Rainy,Medium,Afternoon,Bike,7,9.5,39.5
8034,3.62,Clear,Low,Night,Scooter,31,1.3,36.8
8035,20.07,Foggy,Medium,Evening,Bike,10,6.8,126.0
8036,3.38,Stormy,Medium,Night,Bike,30,8.2,72.7
8037,7.51,Clear,Medium,Night,Bike,33,7.6,57.3
8038,21.52,Rainy,Medium,Evening,Bike,5,8.2,103.4
8039,9.32,Rainy,Medium,Evening,Car,15,7.5,61.0
8040,24.35,Rainy,High,Evening,Scooter,32,4.7,191.9
8041,24.51,Clear,Low,Night,Bike,33,9.0,88.0
8042,7.44,Foggy,Medium,Morning,Bike,32,9.2,65.6
8043,1.98,Clear,Medium,Night,Bike,31,4.7,35.4
8044,17.92,Clear,Medium,Morning,Bike,14,5.1,80.6
8045,11.82,Foggy,Medium,Afternoon,Car,22,5.1,95.8
8046,3.42,Rainy,Low,Night,Bike,8,3.1,13.7
8047,17.98,Foggy,Low,Evening,Bike,10,1.6,83.3
8048,1.75,Clear,Low,Night,Car,33,3.0,21.9
8049,21.88,Clear,Low,Night,Bike,23,8.5,79.6
8050,4.33,Foggy,Medium,Evening,Bike,13,5.7,36.0
8051,4.06,Clear,Low,Afternoon,Bike,14,8.6,21.7
8052,5.22,Foggy,Medium,Afternoon,Bike,24,7.6,53.8
8053,24.05,Foggy,Low,Afternoon,Bike,27,3.8,126.6
8054,17.64,Rainy,Medium,Afternoon,Bike,31,2.3,120.1
8055,20.23,Clear,Medium,Night,Scooter,9,5.9,91.0
8056,10.54,Rainy,Medium,Night,Scooter,26,9.4,69.8
8057,9.07,Foggy,Medium,Evening,Scooter,29,8.5,81.8
8058,6.63,Clear,High,Morning,Car,20,7.8,48.0
8059,12.54,Clear,Low,Evening,Bike,29,7.8,55.5
8060,14.24,Clear,Medium,Afternoon,Bike,26,5.5,91.2
8061,16.16,Clear,Medium,Morning,Scooter,6,2.1,85.2
8062,7.17,Foggy,Low,Evening,Bike,13,3.2,37.1
8063,23.77,Foggy,Medium,Afternoon,Bike,15,6.0,146.8
8064,5.07,Stormy,Low,Morning,Bike,6,3.5,42.2
8065,24.18,Rainy,High,Morning,Scooter,22,7.9,178.3
8066,1.36,Rainy,Low,Afternoon,Bike,6,4.0,10.4
8067,12.55,Clear,Low,Morning,Bike,18,1.6,47.3
8068,9.0,Rainy,Medium,Evening,Bike,27,7.9,70.6
8069,11.78,Rainy,Medium,Evening,Scooter,31,7.1,90.6
8070,14.7,Foggy,Medium,Evening,Bike,8,2.9,91.1
8071,11.45,Foggy,Low,Morning,Bike,12,9.8,57.5
8072,10.96,Foggy,High,Morning,Scooter,12,4.3,89.3
8073,18.59,Foggy,High,Afternoon,Scooter,5,7.0,126.2
8074,17.46,Foggy,Medium,Afternoon,Bike,5,9.1,79.4
8075,21.0,Clear,High,Morning,Bike,8,2.0,128.5
8076,7.0,Foggy,Medium,Evening,Bike,22,8.9,54.8
8077,15.63,Rainy,Low,Morning,Car,33,7.2,85.6
8078,15.04,Clear,Medium,Night,Bike,23,2.1,87.3
8079,9.87,Clear,Low,Evening,Bike,14,6.8,38.3
8080,12.67,Rainy,High,Night,Bike,22,8.8,97.9
8081,8.53,Clear,Low,Afternoon,Scooter,14,8.1,37.3
8082,4.4,Clear,Medium,Morning,Scooter,13,7.7,19.6
8083,6.13,Rainy,Low,Night,Bike,34,2.0,60.5
8084,3.53,Foggy,Medium,Morning,Bike,26,2.3,55.3
8085,17.39,Foggy,Low,Night,Car,11,5.7,80.1
8086,16.86,Clear,High,Morning,Scooter,10,6.0,95.1
8087,23.81,Clear,Low,Evening,Car,5,9.5,70.0
8088,18.51,Clear,High,Afternoon,Scooter,34,5.0,134.2
8089,2.25,Clear,High,Evening,Bike,9,3.4,21.9
8090,22.22,Clear,Medium,Afternoon,Bike,23,2.3,114.5
8091,21.7,Stormy,Low,Evening,Scooter,19,1.0,150.9
8092,11.64,Rainy,Low,Afternoon,Bike,30,1.2,67.5
8093,15.06,Clear,High,Evening,Bike,28,6.0,104.8
8094,24.43,Clear,Low,Morning,Bike,18,2.2,100.3
8095,13.78,Clear,Low,Evening,Car,11,8.6,59.9
8096,22.73,Clear,Medium,Night,Bike,13,6.2,97.7
8097,2.99,Clear,Low,Night,Bike,16,8.7,25.3
8098,5.59,Stormy,Low,Morning,Scooter,21,4.6,48.4
8099,11.58,Clear,Medium,Morning,Car,22,6.2,64.0
8100,15.03,Clear,Medium,Morning,Car,6,5.5,65.9
8101,20.59,Clear,Low,Night,Bike,21,9.9,72.2
8102,24.72,Rainy,Medium,Evening,Bike,28,8.1,141.4
8103,10.33,Clear,Medium,Morning,Bike,32,6.2,63.2
8104,2.14,Clear,Medium,Evening,Car,24,6.3,33.6
8105,20.23,Clear,Low,Afternoon,Bike,11,2.9,71.7
8106,15.51,Rainy,Medium,Evening,Scooter,14,7.5,83.9
8107,5.77,Clear,Medium,Evening,Bike,19,9.8,33.8
8108,12.88,Clear,Medium,Night,Bike,5,1.7,56.1
8109,18.82,Clear,Low,Evening,Bike,28,6.6,80.3
8110,19.49,Clear,Low,Night,Scooter,15,5.4,74.0
8111,12.99,Clear,High,Afternoon,Car,12,8.6,89.3
8112,8.33,Clear,Medium,Night,Scooter,31,0.5,65.7
8113,24.37,Clear,Medium,Afternoon,Bike,30,1.8,132.4
8114,16.92,Clear,High,Afternoon,Scooter,16,0.9,120.4
8115,10.8,Clear,Medium,Morning,Scooter,7,2.0,53.7
8116,7.73,Clear,Medium,Evening,Bike,29,7.2,55.5
8117,18.55,Clear,Low,Evening,Car,19,1.8,77.3
8118,6.81,Foggy,High,Morning,Bike,25,6.4,83.4
8119,5.12,Rainy,Medium,Morning,Car,9,8.7,37.6
8120,13.72,Foggy,Medium,Evening,Scooter,32,0.8,124.9
8121,7.96,Foggy,Medium,Morning,Bike,34,0.8,93.6
8122,16.09,Stormy,High,Morning,Bike,9,9.9,140.8
8123,3.83,Rainy,Medium,Afternoon,Bike,21,6.9,41.7
8124,16.72,Rainy,Low,Morning,Bike,34,1.8,110.3
8125,7.8,Clear,Medium,Morning,Bike,30,3.4,58.5
8126,1.01,Clear,Medium,Night,Scooter,6,9.9,12.4
8127,4.05,Rainy,Low,Evening,Bike,5,2.7,26.8
8128,23.41,Stormy,High,Night,Bike,22,7.7,230.6
8129,21.82,Clear,Low,Morning,Car,29,2.8,91.6
8130,6.61,Rainy,Medium,Morning,Bike,13,4.3,61.1
8131,19.68,Clear,Medium,Night,Car,33,8.9,111.6
8132,15.61,Clear,Medium,Morning,Bike,34,0.8,106.4
8133,24.3,Clear,Medium,Afternoon,Scooter,9,3.4,104.4
8134,9.97,Clear,High,Night,Bike,24,5.1,84.8
8135,17.36,Clear,Medium,Night,Scooter,17,6.4,72.5
8136,2.52,Rainy,Low,Evening,Scooter,6,0.8,15.0
8137,10.51,Foggy,Medium,Night,Car,26,4.4,87.9
8138,24.13,Foggy,Low,Afternoon,Bike,17,3.8,118.0
8139,13.94,Clear,Low,Morning,Bike,29,0.8,79.0
8140,7.91,Foggy,Low,Night,Car,33,3.9,66.7
8141,3.89,Clear,Low,Night,Bike,12,9.4,15.1
8142,17.88,Clear,Medium,Evening,Bike,14,3.1,91.7
8143,16.48,Rainy,Medium,Evening,Bike,24,6.1,106.8
8144,9.97,Clear,Low,Morning,Bike,10,3.3,32.0
8145,23.82,Clear,High,Night,Bike,15,1.5,155.8
8146,1.53,Clear,Low,Afternoon,Bike,18,3.3,19.3
8147,8.29,Rainy,High,Morning,Bike,29,5.0,97.7
8148,23.11,Clear,Medium,Afternoon,Bike,14,3.3,111.5
8149,8.7,Rainy,Low,Night,Bike,14,6.4,43.5
8150,7.05,Rainy,High,Morning,Scooter,15,9.5,62.5
8151,13.82,Rainy,Medium,Evening,Car,8,1.2,80.2
8152,20.77,Foggy,Medium,Evening,Bike,29,7.3,140.2
8153,3.48,Clear,Low,Afternoon,Scooter,32,0.5,40.5
8154,23.63,Clear,Medium,Morning,Car,28,0.5,131.1
8155,20.08,Clear,Medium,Afternoon,Scooter,7,1.8,94.6
8156,5.35,Clear,Low,Evening,Car,13,5.1,25.0
8157,18.09,Rainy,Low,Night,Bike,33,1.0,103.2
8158,10.24,Clear,Medium,Evening,Scooter,32,7.4,72.1
8159,10.66,Clear,Low,Night,Scooter,9,0.8,51.2
8160,19.8,Rainy,Low,Afternoon,Bike,5,5.2,78.5
8161,24.11,Rainy,Medium,Afternoon,Scooter,15,6.9,131.2
8162,4.04,Rainy,High,Afternoon,Bike,12,2.8,36.6
8163,11.1,Foggy,Low,Night,Bike,25,6.0,78.6
8164,12.54,Rainy,Low,Afternoon,Bike,9,3.0,64.3
8165,10.03,Rainy,High,Afternoon,Scooter,6,2.5,70.8
8166,9.72,Clear,Low,Morning,Scooter,13,8.3,37.1
8167,2.25,Stormy,Medium,Night,Bike,10,3.7,36.0
8168,17.45,Rainy,High,Afternoon,Bike,15,8.2,123.9
8169,11.47,Clear,High,Afternoon,Bike,14,2.6,82.1
8170,5.68,Clear,Low,Night,Bike,16,3.9,25.8
8171,20.58,Rainy,Medium,Night,Car,7,1.5,116.7
8172,20.26,Foggy,Low,Evening,Car,11,5.2,94.8
8173,12.67,Clear,High,Evening,Scooter,22,4.1,94.5
8174,8.16,Clear,High,Morning,Car,27,0.6,77.5
8175,16.31,Foggy,Low,Afternoon,Car,16,4.9,83.1
8176,7.92,Foggy,Medium,Night,Bike,15,1.2,63.9
8177,6.66,Clear,High,Afternoon,Bike,6,8.5,36.3
8178,18.53,Clear,Low,Evening,Bike,31,5.2,94.0
8179,1.97,Rainy,Low,Evening,Bike,25,7.1,23.6
8180,3.27,Clear,Low,Evening,Scooter,14,8.3,22.3
8181,1.16,Foggy,Medium,Night,Bike,17,1.0,29.8
8182,4.67,Clear,High,Afternoon,Car,30,3.7,64.8
8183,2.66,Clear,High,Night,Bike,17,0.7,23.8
8184,24.9,Clear,Low,Afternoon,Scooter,19,1.0,92.4
8185,7.93,Clear,Low,Morning,Bike,29,0.9,47.5
8186,4.58,Clear,Medium,Evening,Bike,17,5.0,38.9
8187,6.78,Clear,High,Evening,Scooter,13,4.8,49.4
8188,23.47,Rainy,Medium,Evening,Scooter,10,1.1,131.5
8189,13.48,Clear,Medium,Evening,Car,7,3.0,63.1
8190,9.76,Foggy,Medium,Night,Scooter,32,2.8,88.8
8191,21.96,Clear,Low,Evening,Bike,24,3.3,93.7
8192,10.48,Rainy,Medium,Afternoon,Bike,24,6.6,76.5
8193,9.04,Clear,High,Afternoon,Car,13,7.1,62.6
8194,5.97,Clear,Low,Evening,Bike,8,3.7,33.4
8195,10.07,Rainy,Medium,Evening,Scooter,24,8.0,70.7
8196,8.6,Rainy,Low,Night,Bike,9,4.5,42.3
8197,17.26,Rainy,Medium,Night,Bike,26,5.5,106.8
8198,7.95,Rainy,Medium,Afternoon,Bike,28,1.9,66.9
8199,14.85,Rainy,Medium,Afternoon,Car,16,2.7,93.2
8200,2.58,Clear,High,Morning,Car,21,7.4,37.3
8201,5.59,Foggy,Medium,Afternoon,Car,9,9.8,40.5
8202,10.78,Rainy,Medium,Morning,Bike,29,7.2,84.4
8203,23.49,Stormy,Low,Evening,Bike,30,1.0,168.7
8204,10.05,Foggy,High,Evening,Car,8,1.9,92.4
8205,16.94,Clear,Low,Evening,Bike,12,4.7,62.5
8206,7.12,Clear,High,Afternoon,Bike,13,7.5,49.2
8207,4.05,Rainy,Low,Afternoon,Bike,21,2.1,37.4
8208,2.4,Rainy,Low,Evening,Bike,28,7.6,26.8
8209,8.33,Rainy,Low,Night,Bike,12,5.8,45.9
8210,4.78,Rainy,High,Evening,Car,9,7.9,40.9
8211,5.18,Clear,Medium,Morning,Car,14,5.8,33.9
8212,19.26,Clear,Low,Night,Bike,22,6.2,79.8
8213,1.38,Clear,Low,Night,Bike,32,2.9,31.0
8214,14.39,Rainy,Medium,Afternoon,Scooter,27,7.3,98.2
8215,10.11,Rainy,Low,Afternoon,Bike,18,8.5,50.2
8216,13.16,Clear,Medium,Morning,Car,31,8.8,84.7
8217,14.51,Rainy,Low,Evening,Bike,31,0.8,82.3
8218,8.52,Clear,Medium,Evening,Bike,9,6.4,38.4
8219,8.08,Clear,Low,Afternoon,Scooter,19,9.9,34.3
8220,18.6,Rainy,Medium,Afternoon,Scooter,32,6.1,120.0
8221,21.91,Clear,Medium,Evening,Bike,9,2.1,92.8
8222,5.62,Rainy,Low,Night,Bike,26,8.8,50.4
8223,3.34,Foggy,Medium,Morning,Bike,16,3.0,41.2
8224,22.55,Foggy,Medium,Morning,Bike,14,0.9,141.3
8225,9.4,Clear,Low,Morning,Bike,12,4.6,43.1
8226,14.23,Clear,Medium,Afternoon,Car,31,1.5,90.4
8227,9.63,Rainy,Medium,Night,Bike,5,1.6,53.7
8228,4.02,Rainy,Medium,Morning,Bike,7,4.9,22.5
8229,15.14,Rainy,Low,Night,Scooter,32,6.3,85.5
8230,13.6,Clear,Low,Afternoon,Bike,20,9.1,51.8
8231,5.87,Clear,Low,Afternoon,Car,27,7.2,32.7
8232,11.84,Rainy,Medium,Evening,Scooter,34,8.5,94.6
8233,20.13,Rainy,Medium,Night,Bike,15,4.4,111.4
8234,15.17,Clear,Medium,Night,Car,13,3.5,82.2
8235,3.33,Clear,High,Night,Bike,14,6.1,29.6
8236,14.15,Rainy,Low,Evening,Scooter,6,7.1,50.7
8237,17.87,Clear,High,Morning,Car,24,5.9,121.8
8238,20.02,Clear,Low,Morning,Car,15,3.0,76.1
8239,16.1,Clear,High,Afternoon,Bike,24,4.0,105.7
8240,4.66,Clear,Medium,Evening,Bike,15,4.8,34.1
8241,18.04,Rainy,High,Night,Bike,11,0.6,130.4
8242,17.26,Clear,Low,Evening,Scooter,25,8.9,59.7
8243,1.59,Clear,Medium,Afternoon,Car,32,5.4,39.2
8244,10.88,Clear,Medium,Morning,Bike,15,7.6,62.9
8245,8.99,Clear,High,Morning,Bike,9,2.1,57.9
8246,17.07,Rainy,High,Afternoon,Scooter,27,5.8,148.7
8247,6.19,Clear,Low,Evening,Bike,16,9.3,33.7
8248,15.18,Rainy,Medium,Afternoon,Bike,22,2.5,105.5
8249,22.92,Clear,Medium,Night,Bike,28,3.8,120.1
8250,20.15,Clear,Low,Night,Bike,26,4.2,82.6
8251,23.11,Clear,Low,Afternoon,Car,9,4.1,84.4
8252,24.48,Clear,High,Night,Car,19,6.2,149.6
8253,1.26,Rainy,Medium,Night,Bike,16,4.2,17.9
8254,15.95,Clear,Low,Morning,Car,5,6.9,52.0
8255,10.91,Foggy,Low,Evening,Bike,34,5.1,77.6
8256,21.64,Clear,Low,Morning,Car,22,2.0,89.1
8257,7.04,Clear,Medium,Morning,Bike,10,9.5,31.6
8258,24.54,Clear,Medium,Evening,Scooter,10,2.8,105.8
8259,15.73,Rainy,Medium,Morning,Bike,33,5.8,110.0
8260,20.04,Clear,Low,Night,Bike,15,1.1,79.4
8261,3.05,Clear,Medium,Afternoon,Car,29,9.2,34.1
8262,5.4,Clear,Low,Afternoon,Bike,15,9.3,29.8
8263,19.2,Clear,High,Evening,Car,20,4.0,118.3
8264,1.53,Foggy,Low,Afternoon,Bike,10,1.6,18.3
8265,20.61,Clear,High,Afternoon,Bike,5,7.8,98.6
8266,1.33,Rainy,Medium,Afternoon,Car,32,3.0,43.0
8267,16.77,Rainy,Medium,Afternoon,Bike,27,7.2,96.2
8268,9.76,Clear,Low,Morning,Bike,20,9.2,38.8
8269,15.68,Clear,Medium,Night,Bike,32,6.1,91.3
8270,17.7,Rainy,High,Night,Bike,7,8.7,105.6
8271,9.22,Clear,Low,Afternoon,Bike,28,2.6,45.4
8272,3.59,Clear,Low,Evening,Bike,10,9.1,22.7
8273,2.67,Rainy,Medium,Morning,Scooter,7,2.7,13.5
8274,15.13,Rainy,Low,Afternoon,Scooter,23,2.6,81.7
8275,13.5,Rainy,Medium,Afternoon,Car,33,8.9,103.1
8276,18.81,Rainy,Low,Evening,Scooter,12,5.8,83.4
8277,13.23,Clear,Medium,Morning,Bike,26,8.1,73.8
8278,11.14,Clear,Medium,Afternoon,Bike,6,8.1,44.5
8279,10.55,Clear,Low,Evening,Bike,23,6.6,46.3
8280,1.63,Rainy,Medium,Morning,Bike,32,2.3,44.5
8281,9.05,Stormy,Medium,Morning,Bike,19,7.1,73.8
8282,24.42,Clear,Low,Afternoon,Scooter,26,1.1,109.6
8283,21.97,Clear,Medium,Evening,Car,18,2.4,111.0
8284,8.91,Clear,Medium,Evening,Scooter,18,6.6,42.6
8285,15.11,Foggy,Low,Afternoon,Bike,27,9.1,88.7
8286,21.34,Rainy,High,Afternoon,Bike,8,7.8,140.9
8287,11.59,Clear,Medium,Afternoon,Scooter,28,3.7,76.5
8288,1.43,Stormy,Low,Evening,Scooter,23,8.3,44.0
8289,2.79,Foggy,High,Morning,Scooter,34,9.7,66.2
8290,13.25,Clear,Medium,Afternoon,Bike,26,3.7,87.0
8291,24.27,Foggy,Medium,Night,Scooter,11,2.3,147.2
8292,17.64,Clear,Low,Night,Scooter,20,2.4,77.2
8293,2.7,Clear,Medium,Afternoon,Bike,12,4.3,19.5
8294,5.54,Clear,Medium,Night,Bike,31,1.0,45.0
8295,19.51,Foggy,Medium,Morning,Scooter,19,5.1,116.2
8296,21.19,Rainy,Low,Morning,Bike,24,7.5,99.0
8297,15.82,Clear,Low,Night,Scooter,9,5.5,56.2
8298,16.47,Stormy,Medium,Evening,Bike,26,9.7,128.2
8299,1.68,Clear,Low,Afternoon,Bike,5,4.9,10.0
8300,20.88,Rainy,Medium,Evening,Bike,16,0.6,129.9
8301,19.92,Rainy,Medium,Morning,Bike,13,5.0,117.6
8302,7.22,Clear,High,Night,Bike,23,9.3,56.7
8303,18.01,Clear,Medium,Afternoon,Car,22,1.4,100.6
8304,6.16,Foggy,Low,Night,Scooter,31,2.6,66.6
8305,1.97,Clear,High,Night,Car,11,7.3,26.1
8306,5.83,Rainy,High,Evening,Bike,15,3.3,55.3
8307,5.29,Clear,Medium,Evening,Bike,15,7.8,34.2
8308,9.11,Rainy,Low,Night,Bike,34,4.5,67.0
8309,11.04,Clear,Medium,Morning,Bike,24,8.1,66.7
8310,13.2,Clear,High,Afternoon,Bike,24,5.7,95.9
8311,12.44,Clear,Low,Night,Scooter,30,1.3,68.6
8312,7.5,Foggy,Medium,Night,Bike,19,4.2,68.2
8313,1.7,Clear,Medium,Night,Bike,29,3.7,29.2
8314,15.52,Clear,Medium,Night,Bike,27,8.2,76.6
8315,10.5,Foggy,Medium,Evening,Bike,29,6.4,91.1
8316,8.17,Rainy,Medium,Evening,Scooter,21,7.9,59.3
8317,21.81,Clear,Medium,Morning,Scooter,7,4.0,100.6
8318,18.92,Stormy,Medium,Afternoon,Bike,30,7.1,166.7
8319,21.59,Rainy,Low,Night,Scooter,15,1.1,94.1
8320,12.88,Clear,Medium,Morning,Bike,30,0.8,81.1
8321,4.14,Clear,Medium,Evening,Bike,17,3.2,32.8
8322,17.71,Rainy,High,Afternoon,Bike,32,7.9,143.1
8323,5.95,Rainy,Medium,Morning,Scooter,34,5.6,63.6
8324,11.59,Clear,Low,Afternoon,Bike,10,4.4,39.0
8325,2.56,Clear,High,Afternoon,Bike,18,9.0,30.1
8326,20.81,Clear,Medium,Afternoon,Bike,15,5.2,92.9
8327,4.02,Rainy,High,Evening,Bike,17,6.3,49.8
8328,22.67,Clear,Low,Night,Scooter,21,9.9,86.4
8329,21.74,Clear,Medium,Afternoon,Car,18,5.5,105.8
8330,12.15,Rainy,Low,Morning,Scooter,25,7.9,79.1
8331,18.86,Rainy,High,Afternoon,Car,18,4.4,148.9
8332,15.87,Clear,High,Afternoon,Scooter,8,0.8,102.4
8333,20.27,Clear,Medium,Evening,Bike,34,8.4,106.8
8334,11.36,Clear,Low,Morning,Bike,8,9.5,38.0
8335,19.86,Clear,Low,Afternoon,Bike,18,4.6,84.5
8336,12.1,Stormy,Medium,Evening,Bike,18,5.3,103.2
8337,23.58,Rainy,Medium,Evening,Bike,32,4.5,151.4
8338,12.67,Clear,Medium,Night,Scooter,11,10.0,55.6
8339,12.1,Clear,Medium,Night,Bike,20,9.1,65.7
8340,19.84,Clear,Medium,Night,Scooter,18,0.9,107.8
8341,20.72,Rainy,Low,Afternoon,Bike,9,7.9,89.6
8342,14.31,Clear,Medium,Afternoon,Bike,11,6.2,65.2
8343,5.32,Foggy,Medium,Afternoon,Bike,21,0.7,57.9
8344,12.23,Rainy,High,Evening,Bike,31,4.7,122.3
8345,24.23,Clear,Medium,Afternoon,Bike,34,1.9,143.3
8346,19.07,Foggy,Medium,Evening,Bike,19,8.8,106.7
8347,20.47,Rainy,Low,Morning,Bike,29,0.6,112.8
8348,1.79,Rainy,High,Afternoon,Bike,28,8.8,44.6
8349,12.23,Stormy,Low,Morning,Scooter,11,9.4,68.3
8350,16.52,Clear,Medium,Night,Bike,14,1.2,80.5
8351,20.92,Clear,High,Morning,Scooter,22,7.3,132.1
8352,2.18,Foggy,Medium,Morning,Bike,15,5.7,16.9
8353,21.46,Rainy,Medium,Evening,Bike,26,9.6,122.5
8354,14.16,Foggy,Low,Evening,Car,18,8.1,63.9
8355,5.74,Clear,High,Evening,Scooter,8,7.1,34.4
8356,8.61,Rainy,Low,Evening,Scooter,7,9.3,35.8
8357,7.77,Clear,Low,Night,Bike,33,2.0,50.0
8358,13.74,Clear,Low,Morning,Bike,28,4.1,69.6
8359,2.24,Clear,Low,Night,Scooter,18,8.5,25.7
8360,4.8,Clear,High,Night,Bike,24,1.5,66.1
8361,20.5,Clear,Medium,Evening,Car,7,9.4,83.0
8362,4.18,Rainy,Medium,Morning,Bike,31,7.6,58.2
8363,6.6,Clear,High,Morning,Bike,25,4.7,71.4
8364,11.88,Clear,Low,Night,Bike,33,3.7,61.8
8365,13.41,Clear,Low,Evening,Scooter,29,1.9,74.3
8366,19.33,Clear,Medium,Night,Bike,30,1.4,101.3
8367,11.74,Foggy,Medium,Morning,Car,7,4.5,72.2
8368,19.96,Clear,Medium,Evening,Bike,29,8.5,109.5
8369,15.84,Clear,Low,Night,Scooter,24,5.6,68.9
8370,3.71,Foggy,Medium,Morning,Bike,16,4.8,37.9
8371,4.75,Rainy,Low,Afternoon,Scooter,14,3.5,30.7
8372,11.49,Rainy,Low,Evening,Bike,24,2.0,76.5
8373,10.53,Rainy,Low,Morning,Scooter,22,9.9,47.7
8374,18.85,Foggy,Medium,Evening,Bike,16,0.7,124.7
8375,14.94,Clear,Medium,Morning,Bike,28,3.5,92.7
8376,10.32,Stormy,Medium,Evening,Bike,8,7.8,76.7
8377,5.1,Foggy,High,Afternoon,Scooter,23,5.4,75.2
8378,6.44,Rainy,High,Night,Bike,33,3.5,92.4
8379,14.81,Rainy,Medium,Night,Bike,23,9.9,87.3
8380,11.16,Rainy,High,Night,Bike,21,6.4,99.9
8381,13.36,Clear,High,Afternoon,Bike,12,3.3,79.1
8382,5.1,Clear,Medium,Evening,Scooter,33,8.6,38.1
8383,16.91,Stormy,Medium,Evening,Bike,15,1.9,135.3
8384,21.46,Clear,High,Morning,Bike,9,4.9,122.4
8385,7.19,Clear,Medium,Morning,Bike,9,8.5,31.2
8386,12.8,Rainy,Low,Evening,Bike,17,9.8,60.7
8387,24.41,Clear,Medium,Afternoon,Bike,8,4.1,108.0
8388,9.0,Clear,Low,Afternoon,Bike,17,1.8,34.6
8389,15.28,Rainy,Medium,Night,Bike,20,5.9,92.3
8390,3.16,Rainy,Low,Night,Bike,16,9.5,29.3
8391,15.54,Clear,Low,Night,Scooter,18,6.8,64.2
8392,3.15,Stormy,Low,Evening,Bike,25,6.2,41.5
8393,24.02,Clear,High,Morning,Car,32,3.4,169.6
8394,18.18,Clear,Low,Evening,Bike,25,6.3,84.5
8395,19.92,Clear,Low,Evening,Scooter,13,8.9,67.3
8396,17.9,Rainy,Low,Afternoon,Bike,31,4.1,102.2
8397,15.15,Clear,Medium,Afternoon,Bike,10,2.8,76.0
8398,11.8,Clear,High,Morning,Scooter,33,5.1,97.6
8399,21.6,Foggy,Low,Morning,Scooter,29,4.1,114.9
8400,23.96,Clear,Low,Evening,Bike,12,5.0,94.7
8401,12.98,Rainy,Medium,Evening,Bike,20,1.4,95.7
8402,23.36,Rainy,Medium,Evening,Bike,23,3.7,140.5
8403,15.0,Stormy,Low,Evening,Car,6,8.4,86.2
8404,13.92,Rainy,Medium,Afternoon,Scooter,10,4.3,82.4
8405,11.91,Clear,Medium,Night,Bike,34,9.7,79.6
8406,6.02,Clear,Medium,Night,Scooter,33,7.2,44.0
8407,1.09,Foggy,High,Night,Bike,6,4.0,14.8
8408,6.8,Foggy,Low,Morning,Scooter,23,2.9,60.3
8409,13.23,Clear,Low,Morning,Bike,23,7.0,71.2
8410,10.12,Rainy,High,Morning,Bike,17,3.4,87.4
8411,11.76,Clear,High,Morning,Bike,21,9.3,77.8
8412,24.54,Stormy,Low,Afternoon,Car,25,1.6,168.8
8413,9.41,Foggy,High,Evening,Scooter,12,0.8,89.1
8414,11.85,Stormy,Medium,Morning,Scooter,13,2.6,102.4
8415,4.2,Foggy,Low,Night,Bike,27,6.3,31.9
8416,2.15,Foggy,Medium,Morning,Bike,9,8.4,19.7
8417,19.61,Clear,Low,Night,Bike,12,2.1,79.8
8418,14.7,Foggy,Low,Evening,Scooter,13,6.1,61.3
8419,19.26,Rainy,Low,Afternoon,Car,20,1.9,89.2
8420,4.6,Stormy,Medium,Afternoon,Bike,20,5.9,49.6
8421,14.72,Rainy,High,Morning,Scooter,16,0.7,125.5
8422,7.09,Clear,Medium,Morning,Scooter,29,5.8,50.1
8423,6.47,Rainy,Medium,Night,Bike,29,5.5,57.1
8424,1.28,Rainy,Medium,Morning,Bike,15,0.9,24.7
8425,4.13,Clear,Medium,Afternoon,Bike,22,7.0,29.7
8426,8.42,Clear,High,Morning,Scooter,17,5.9,65.1
8427,3.81,Rainy,Medium,Night,Car,7,6.4,37.7
8428,24.66,Clear,Medium,Evening,Car,22,5.5,117.3
8429,8.41,Clear,Medium,Afternoon,Scooter,15,7.4,36.3
8430,4.13,Clear,Medium,Afternoon,Bike,34,5.5,45.5
8431,5.78,Foggy,Low,Evening,Scooter,15,9.3,38.5
8432,15.1,Rainy,Low,Evening,Car,9,9.5,63.7
8433,2.54,Clear,Medium,Afternoon,Scooter,34,7.4,44.3
8434,21.7,Rainy,High,Night,Bike,32,9.2,165.1
8435,24.08,Rainy,Medium,Night,Car,7,9.3,114.6
8436,6.92,Clear,High,Morning,Scooter,33,3.0,65.1
8437,11.8,Clear,Low,Night,Car,29,9.9,58.0
8438,1.53,Rainy,Medium,Afternoon,Car,6,3.0,10.0
8439,16.38,Clear,Medium,Morning,Bike,19,0.7,90.7
8440,10.93,Rainy,Medium,Night,Car,9,9.6,54.0
8441,7.48,Clear,High,Evening,Bike,32,2.6,79.2
8442,5.96,Clear,High,Night,Bike,9,6.0,45.6
8443,16.7,Stormy,Medium,Morning,Scooter,25,9.7,131.9
8444,10.99,Clear,Medium,Evening,Bike,20,1.0,63.4
8445,5.31,Rainy,High,Morning,Bike,21,3.1,64.8
8446,17.54,Clear,Medium,Morning,Car,30,6.3,93.4
8447,14.56,Clear,High,Evening,Bike,11,7.7,79.9
8448,21.61,Clear,High,Morning,Car,34,8.2,153.6
8449,3.82,Clear,Medium,Afternoon,Bike,6,8.9,10.4
8450,19.86,Clear,Medium,Morning,Bike,32,2.1,118.4
8451,17.16,Clear,Medium,Afternoon,Bike,34,4.0,101.9
8452,3.76,Rainy,Low,Evening,Scooter,18,7.3,25.3
8453,17.68,Rainy,Medium,Morning,Bike,22,7.3,107.9
8454,11.6,Clear,Low,Night,Car,29,3.4,60.7
8455,23.68,Foggy,Medium,Morning,Scooter,16,3.4,154.2
8456,4.4,Clear,High,Afternoon,Scooter,21,3.5,43.1
8457,16.43,Clear,Low,Afternoon,Bike,29,9.0,67.2
8458,10.17,Rainy,Low,Night,Bike,10,9.1,50.2
8459,23.96,Clear,Medium,Evening,Car,9,0.6,111.8
8460,8.92,Clear,Medium,Afternoon,Bike,25,3.6,63.3
8461,24.09,Clear,Medium,Afternoon,Bike,25,4.2,128.3
8462,22.64,Foggy,Medium,Afternoon,Bike,26,9.8,141.5
8463,7.49,Rainy,Low,Morning,Car,11,9.5,33.0
8464,20.29,Clear,Low,Morning,Bike,31,6.5,84.7
8465,24.89,Clear,High,Morning,Bike,29,0.9,180.2
8466,7.06,Foggy,Low,Morning,Scooter,22,2.3,53.9
8467,11.48,Rainy,Medium,Morning,Car,24,4.6,81.9
8468,13.48,Clear,High,Night,Bike,15,9.6,83.0
8469,8.08,Clear,High,Afternoon,Bike,9,1.4,49.2
8470,1.37,Clear,Low,Night,Bike,10,8.0,10.1
8471,6.28,Clear,Medium,Afternoon,Bike,11,2.3,36.8
8472,7.77,Foggy,Medium,Morning,Bike,7,5.3,48.6
8473,11.65,Clear,Medium,Morning,Bike,34,7.8,73.1
8474,5.11,Clear,High,Evening,Bike,7,7.1,32.0
8475,21.96,Foggy,Medium,Evening,Bike,29,7.9,142.8
8476,17.92,Rainy,Low,Night,Bike,29,8.2,97.7
8477,3.04,Rainy,Medium,Afternoon,Car,34,3.4,42.8
8478,16.6,Clear,Medium,Night,Bike,6,4.0,77.4
8479,16.69,Rainy,Medium,Evening,Bike,24,8.2,101.7
8480,23.95,Rainy,Low,Afternoon,Bike,8,0.9,106.5
8481,1.07,Clear,Low,Night,Bike,9,5.4,10.0
8482,6.95,Stormy,High,Evening,Scooter,6,9.2,66.8
8483,23.27,Foggy,Low,Morning,Scooter,20,8.9,114.5
8484,23.37,Rainy,Low,Night,Bike,16,8.1,90.2
8485,18.29,Clear,High,Morning,Car,19,0.7,135.9
8486,19.38,Clear,Medium,Night,Scooter,31,8.9,101.1
8487,3.2,Clear,Low,Afternoon,Bike,31,9.2,31.6
8488,13.33,Clear,Medium,Afternoon,Bike,8,6.8,52.6
8489,6.56,Rainy,Medium,Afternoon,Scooter,31,3.3,65.2
8490,5.35,Clear,Medium,Afternoon,Car,34,5.2,59.7
8491,20.45,Foggy,High,Evening,Bike,7,7.7,142.3
8492,4.24,Clear,Low,Morning,Bike,18,8.2,27.7
8493,12.25,Clear,Medium,Evening,Car,17,3.8,64.3
8494,23.53,Rainy,Low,Night,Bike,31,3.6,131.5
8495,5.46,Clear,Medium,Night,Scooter,10,7.5,29.3
8496,24.47,Foggy,Medium,Morning,Bike,8,7.0,139.5
8497,24.86,Stormy,Low,Morning,Bike,5,5.4,133.1
8498,14.33,Clear,Medium,Evening,Bike,7,4.5,66.7
8499,5.08,Clear,Low,Afternoon,Scooter,28,6.7,37.9
8500,8.59,Clear,Low,Evening,Bike,16,0.8,47.0
8501,11.19,Rainy,Medium,Evening,Scooter,7,1.2,69.6
8502,8.42,Clear,Medium,Night,Bike,27,5.9,55.8
8503,7.74,Rainy,Low,Evening,Bike,22,2.5,57.4
8504,24.33,Clear,High,Morning,Bike,18,7.9,135.5
8505,4.68,Rainy,Low,Afternoon,Scooter,9,7.8,19.1
8506,18.6,Rainy,Low,Night,Scooter,27,7.2,91.3
8507,1.01,Clear,Low,Morning,Bike,5,9.1,10.0
8508,15.31,Clear,Low,Night,Bike,18,1.8,61.0
8509,22.98,Clear,Low,Evening,Car,31,3.0,100.1
8510,7.91,Clear,High,Evening,Bike,16,2.9,55.0
8511,5.45,Clear,Medium,Morning,Bike,5,7.9,24.1
8512,16.64,Clear,Medium,Morning,Bike,31,5.5,100.1
8513,18.1,Foggy,High,Night,Car,28,2.9,166.4
8514,17.51,Foggy,Medium,Afternoon,Car,6,1.8,98.4
8515,8.66,Foggy,Low,Night,Bike,16,9.0,50.4
8516,7.05,Clear,Low,Evening,Bike,17,7.1,30.3
8517,23.94,Rainy,Low,Morning,Car,31,5.5,131.7
8518,23.16,Clear,Medium,Morning,Bike,24,9.7,108.1
8519,11.98,Clear,Low,Night,Bike,19,8.6,54.9
8520,21.31,Clear,Medium,Morning,Bike,20,2.2,102.9
8521,11.86,Clear,Medium,Morning,Bike,23,5.3,71.2
8522,11.19,Clear,High,Evening,Scooter,9,5.1,63.5
8523,4.76,Clear,Medium,Afternoon,Bike,6,8.5,22.5
8524,11.23,Stormy,Low,Morning,Bike,10,1.9,69.8
8525,13.9,Clear,Low,Morning,Bike,12,4.8,59.3
8526,1.54,Foggy,Medium,Night,Scooter,25,6.5,38.8
8527,11.66,Clear,Low,Afternoon,Scooter,11,9.5,43.1
8528,19.75,Clear,Low,Evening,Bike,25,9.0,83.9
8529,17.32,Clear,Medium,Morning,Car,17,5.6,85.1
8530,16.24,Rainy,Medium,Afternoon,Bike,10,6.3,93.2
8531,22.83,Clear,High,Afternoon,Scooter,13,8.6,134.9
8532,1.43,Clear,Medium,Night,Bike,16,7.6,20.4
8533,14.37,Clear,High,Evening,Bike,31,8.9,105.4
8534,19.9,Clear,High,Afternoon,Bike,34,9.0,138.8
8535,13.99,Rainy,Low,Evening,Bike,14,8.4,70.3
8536,8.77,Clear,Medium,Afternoon,Car,15,0.6,53.5
8537,4.27,Clear,Medium,Morning,Scooter,5,3.5,19.3
8538,22.3,Foggy,Medium,Evening,Scooter,14,4.3,140.0
8539,12.3,Clear,Medium,Night,Bike,29,6.9,77.1
8540,22.07,Rainy,Medium,Afternoon,Car,20,3.4,137.0
8541,15.06,Rainy,Medium,Morning,Bike,23,3.6,104.4
8542,17.18,Stormy,Low,Afternoon,Scooter,14,4.3,107.8
8543,20.3,Clear,High,Morning,Scooter,19,9.6,119.5
8544,16.82,Rainy,Medium,Evening,Bike,18,4.7,105.7
8545,10.55,Clear,Low,Night,Scooter,7,1.8,34.1
8546,13.33,Rainy,Low,Morning,Bike,8,0.6,69.7
8547,20.27,Clear,High,Afternoon,Bike,12,2.7,125.9
8548,9.97,Clear,Medium,Morning,Scooter,5,9.4,37.5
8549,10.31,Foggy,High,Morning,Bike,24,9.6,99.4
8550,3.3,Clear,High,Night,Bike,19,5.5,45.9
8551,22.95,Foggy,High,Evening,Bike,11,6.6,168.5
8552,3.18,Foggy,Medium,Morning,Bike,16,8.1,30.5
8553,16.56,Clear,Low,Morning,Bike,7,1.0,56.2
8554,10.92,Clear,Low,Afternoon,Scooter,27,4.1,68.5
8555,10.73,Clear,Medium,Afternoon,Bike,31,6.6,61.5
8556,17.31,Stormy,Medium,Evening,Scooter,9,9.0,119.0
8557,2.61,Clear,Medium,Evening,Scooter,33,7.4,36.6
8558,15.25,Rainy,Medium,Evening,Bike,30,3.8,114.7
8559,19.53,Rainy,Medium,Afternoon,Car,31,9.1,114.6
8560,20.88,Foggy,Low,Morning,Bike,29,6.8,120.4
8561,5.09,Rainy,Low,Evening,Bike,12,8.4,28.1
8562,22.54,Rainy,Medium,Afternoon,Bike,15,4.2,126.6
8563,16.75,Clear,Low,Afternoon,Bike,23,0.5,74.9
8564,22.16,Clear,Medium,Evening,Car,34,2.1,123.9
8565,12.65,Clear,Medium,Afternoon,Bike,16,9.3,59.5
8566,14.01,Foggy,High,Morning,Scooter,24,0.8,143.8
8567,23.06,Rainy,High,Night,Scooter,11,6.2,147.3
8568,22.6,Rainy,Medium,Afternoon,Bike,33,4.4,144.1
8569,11.76,Rainy,Medium,Afternoon,Car,18,4.6,85.1
8570,7.59,Clear,Low,Night,Car,6,4.3,28.9
8571,10.44,Clear,Medium,Morning,Car,30,1.1,71.6
8572,10.31,Clear,Medium,Evening,Bike,31,1.7,67.8
8573,7.88,Clear,Medium,Afternoon,Bike,26,1.1,53.6
8574,7.45,Rainy,Medium,Morning,Bike,29,1.0,77.7
8575,21.67,Clear,Low,Evening,Scooter,16,1.3,82.8
8576,2.68,Rainy,High,Morning,Bike,13,7.1,38.0
8577,17.26,Rainy,Low,Night,Scooter,26,1.6,90.2
8578,5.15,Clear,High,Afternoon,Scooter,16,3.0,46.5
8579,9.27,Clear,Medium,Morning,Bike,10,6.7,45.1
8580,2.48,Clear,Medium,Evening,Bike,10,1.6,16.6
8581,7.48,Clear,Low,Evening,Car,31,9.1,44.4
8582,19.44,Rainy,Low,Evening,Bike,30,5.0,91.6
8583,22.24,Clear,High,Night,Bike,26,9.6,134.7
8584,6.32,Foggy,High,Morning,Bike,23,2.3,83.6
8585,12.13,Rainy,Medium,Morning,Bike,24,0.8,87.2
8586,12.29,Clear,Medium,Evening,Bike,10,6.1,59.0
8587,21.97,Rainy,Medium,Evening,Bike,30,3.6,143.9
8588,19.31,Rainy,Medium,Evening,Bike,21,5.9,116.3
8589,13.31,Rainy,Medium,Night,Bike,21,5.0,81.2
8590,17.1,Clear,Medium,Night,Bike,33,4.8,100.5
8591,21.34,Clear,High,Afternoon,Bike,27,8.6,125.6
8592,1.23,Clear,Medium,Afternoon,Car,21,2.3,22.3
8593,10.67,Clear,Medium,Afternoon,Bike,25,5.2,66.1
8594,22.77,Rainy,High,Evening,Bike,14,4.5,163.8
8595,18.77,Rainy,Medium,Night,Car,15,6.9,98.4
8596,14.03,Foggy,Low,Night,Bike,12,1.0,73.8
8597,13.71,Clear,Low,Afternoon,Bike,26,5.5,67.1
8598,9.35,Clear,Medium,Evening,Car,18,5.0,49.6
8599,13.49,Rainy,High,Morning,Bike,23,9.7,96.9
8600,16.73,Clear,High,Evening,Car,34,7.7,124.0
8601,11.04,Clear,Medium,Evening,Scooter,22,2.0,63.5
8602,18.14,Clear,Low,Afternoon,Bike,34,5.3,80.3
8603,21.67,Clear,Low,Night,Bike,19,7.9,80.9
8604,4.71,Rainy,Medium,Night,Bike,34,5.5,60.5
8605,11.84,Clear,High,Morning,Bike,22,3.9,94.0
8606,10.79,Rainy,High,Night,Car,24,4.1,101.4
8607,17.5,Foggy,Low,Night,Bike,29,4.0,103.5
8608,7.0,Clear,High,Morning,Bike,29,0.7,67.1
8609,16.37,Foggy,Medium,Morning,Bike,21,7.4,110.2
8610,22.06,Clear,Low,Afternoon,Bike,9,6.3,73.0
8611,11.04,Foggy,Medium,Afternoon,Bike,29,3.1,112.0
8612,22.86,Clear,High,Afternoon,Bike,34,6.5,153.7
8613,24.84,Rainy,Low,Afternoon,Scooter,34,3.4,132.1
8614,3.55,Clear,High,Night,Bike,8,2.8,32.0
8615,6.59,Rainy,Low,Afternoon,Bike,15,7.5,36.9
8616,23.81,Rainy,Low,Evening,Bike,20,8.2,106.7
8617,24.0,Clear,Low,Morning,Bike,11,6.4,95.2
8618,3.34,Foggy,High,Afternoon,Bike,31,7.9,63.1
8619,1.36,Clear,Medium,Morning,Bike,20,4.0,13.2
8620,4.87,Clear,High,Night,Bike,10,1.2,32.8
8621,24.9,Rainy,Medium,Afternoon,Bike,33,6.2,159.5
8622,5.32,Rainy,Medium,Evening,Bike,24,2.9,51.9
8623,13.06,Clear,High,Morning,Scooter,14,7.9,91.9
8624,21.36,Clear,Medium,Afternoon,Bike,34,3.9,123.6
8625,1.49,Stormy,High,Evening,Scooter,15,6.9,36.2
8626,15.51,Rainy,Low,Night,Bike,19,5.8,72.2
8627,7.65,Clear,Medium,Evening,Car,16,8.3,41.1
8628,21.7,Clear,Medium,Night,Bike,27,8.4,96.3
8629,7.8,Stormy,High,Morning,Bike,20,1.1,110.4
8630,17.48,Rainy,Low,Afternoon,Scooter,27,3.3,97.9
8631,17.18,Foggy,Medium,Evening,Scooter,22,8.8,104.8
8632,6.32,Clear,Medium,Evening,Car,11,4.3,28.4
8633,1.84,Rainy,Medium,Evening,Bike,33,5.4,40.7
8634,10.82,Rainy,Low,Night,Bike,18,2.2,65.6
8635,7.94,Clear,Low,Morning,Bike,13,5.8,38.9
8636,20.42,Rainy,High,Morning,Scooter,26,3.0,170.3
8637,20.21,Rainy,Medium,Afternoon,Car,32,8.4,134.5
8638,11.97,Clear,Medium,Afternoon,Bike,10,2.4,51.7
8639,15.56,Foggy,High,Morning,Scooter,15,3.9,129.1
8640,15.5,Foggy,Low,Morning,Bike,17,1.4,89.2
8641,20.85,Foggy,Medium,Morning,Bike,26,6.1,142.4
8642,11.2,Foggy,High,Evening,Bike,32,9.4,119.8
8643,7.61,Clear,High,Night,Bike,33,2.1,85.8
8644,7.36,Clear,Medium,Morning,Bike,22,0.7,60.2
8645,13.87,Foggy,Medium,Afternoon,Bike,16,4.5,96.8
8646,11.78,Clear,Medium,Night,Bike,10,7.6,48.8
8647,11.56,Clear,High,Evening,Bike,26,9.8,81.3
8648,3.19,Clear,Medium,Night,Scooter,13,1.0,18.1
8649,18.25,Clear,High,Morning,Bike,22,8.0,119.7
8650,6.13,Rainy,Low,Night,Bike,29,4.0,56.3
8651,5.73,Clear,Medium,Afternoon,Bike,25,2.0,42.5
8652,10.91,Clear,Medium,Night,Car,19,2.3,62.5
8653,6.47,Stormy,Medium,Morning,Bike,13,9.3,48.1
8654,15.01,Rainy,Medium,Night,Car,14,8.2,83.2
8655,9.92,Rainy,High,Night,Bike,30,3.5,102.7
8656,11.77,Rainy,High,Night,Bike,6,9.4,70.0
8657,13.89,Foggy,Low,Afternoon,Bike,18,1.5,80.0
8658,5.88,Rainy,High,Night,Bike,25,3.6,83.1
8659,4.74,Rainy,Low,Night,Bike,15,6.7,34.8
8660,22.13,Stormy,Medium,Evening,Bike,17,10.0,153.5
8661,11.41,Clear,High,Night,Bike,6,4.9,66.1
8662,10.89,Foggy,Low,Night,Bike,25,8.2,75.6
8663,1.85,Clear,High,Evening,Scooter,11,9.2,27.4
8664,12.95,Clear,High,Afternoon,Scooter,32,0.6,110.9
8665,14.3,Clear,Medium,Afternoon,Bike,19,3.2,80.2
8666,14.41,Clear,Medium,Evening,Bike,11,1.5,67.4
8667,17.97,Rainy,Medium,Evening,Bike,16,7.9,100.2
8668,5.26,Stormy,High,Night,Bike,31,5.9,104.6
8669,7.05,Stormy,Low,Afternoon,Scooter,11,1.4,57.5
8670,20.46,Stormy,Medium,Afternoon,Scooter,9,4.5,143.8
8671,23.73,Clear,Low,Night,Bike,19,5.4,95.3
8672,4.26,Stormy,Low,Morning,Bike,11,7.1,34.6
8673,12.94,Clear,High,Night,Bike,26,7.9,91.8
8674,6.14,Foggy,Medium,Morning,Scooter,27,1.3,78.2
8675,2.44,Clear,High,Night,Bike,25,5.1,40.4
8676,8.81,Clear,Medium,Evening,Car,32,2.0,62.9
8677,4.45,Stormy,Medium,Night,Car,6,7.7,32.7
8678,18.04,Foggy,Low,Evening,Scooter,29,6.7,104.6
8679,13.81,Rainy,High,Morning,Bike,6,7.4,85.8
8680,4.45,Rainy,Low,Morning,Bike,23,1.2,44.2
8681,1.22,Clear,Medium,Evening,Bike,13,5.3,12.6
8682,20.4,Rainy,Medium,Evening,Car,6,8.5,99.4
8683,5.23,Rainy,Medium,Afternoon,Bike,33,7.3,70.8
8684,15.55,Clear,Medium,Afternoon,Scooter,18,8.7,70.4
8685,9.09,Clear,Medium,Night,Car,19,2.5,46.5
8686,15.05,Clear,Low,Evening,Scooter,28,3.2,78.3
8687,8.58,Rainy,Medium,Morning,Bike,33,4.7,71.7
8688,3.09,Clear,High,Afternoon,Bike,16,5.5,30.6
8689,6.35,Clear,Medium,Evening,Bike,33,2.9,61.8
8690,5.51,Clear,Low,Morning,Bike,33,4.1,46.3
8691,11.27,Rainy,Medium,Morning,Car,23,7.0,65.8
8692,16.8,Rainy,Low,Evening,Car,19,6.6,78.3
8693,7.33,Rainy,Low,Night,Bike,10,1.5,43.7
8694,1.29,Clear,Medium,Afternoon,Bike,29,9.9,39.6
8695,13.45,Clear,Medium,Afternoon,Bike,14,5.8,60.3
8696,15.54,Clear,Low,Evening,Bike,14,5.1,65.9
8697,24.11,Foggy,Medium,Night,Bike,7,9.7,121.6
8698,15.15,Clear,High,Morning,Bike,13,1.8,103.9
8699,12.31,Clear,High,Night,Car,27,5.7,89.4
8700,14.76,Rainy,High,Afternoon,Car,9,8.1,98.1
8701,23.27,Clear,Low,Evening,Bike,28,4.3,99.1
8702,20.88,Foggy,Low,Afternoon,Scooter,26,7.5,113.1
8703,8.75,Clear,High,Evening,Bike,11,9.0,57.4
8704,6.69,Rainy,Low,Night,Scooter,23,3.0,45.8
8705,7.3,Clear,Low,Afternoon,Bike,33,2.8,47.3
8706,13.11,Clear,Medium,Night,Bike,14,3.9,76.1
8707,18.86,Clear,Low,Afternoon,Bike,15,4.5,74.1
8708,13.08,Foggy,High,Night,Bike,10,1.6,106.8
8709,2.63,Stormy,High,Afternoon,Car,31,2.7,86.2
8710,18.37,Clear,High,Evening,Car,23,8.8,118.0
8711,20.34,Foggy,High,Night,Scooter,11,5.9,144.9
8712,7.95,Rainy,Low,Night,Scooter,20,3.0,52.7
8713,16.94,Stormy,Medium,Evening,Bike,30,9.5,135.3
8714,11.24,Foggy,Medium,Morning,Bike,26,7.9,82.9
8715,22.34,Clear,Medium,Afternoon,Scooter,30,3.9,115.3
8716,21.29,Rainy,Low,Afternoon,Bike,16,7.8,91.9
8717,13.61,Clear,Medium,Evening,Bike,28,6.2,77.2
8718,17.6,Clear,High,Afternoon,Scooter,28,7.0,119.3
8719,22.2,Clear,Low,Night,Bike,26,3.6,83.7
8720,12.9,Foggy,Low,Night,Bike,22,2.5,78.1
8721,8.52,Foggy,Low,Evening,Bike,18,2.9,49.5
8722,19.09,Rainy,Medium,Night,Bike,30,1.3,145.0
8723,6.28,Stormy,Low,Morning,Scooter,33,5.0,69.6
8724,10.32,Foggy,High,Afternoon,Scooter,20,4.4,100.0
8725,21.78,Clear,Medium,Evening,Bike,30,0.5,127.8
8726,18.39,Clear,Medium,Evening,Car,10,8.6,85.4
8727,10.69,Clear,Medium,Afternoon,Scooter,5,7.0,40.4
8728,6.15,Clear,Medium,Morning,Bike,17,4.7,43.7
8729,9.54,Clear,Medium,Evening,Scooter,10,9.7,49.0
8730,7.82,Clear,High,Afternoon,Bike,10,9.4,49.5
8731,5.23,Foggy,High,Morning,Scooter,10,1.4,54.4
8732,18.84,Foggy,Low,Evening,Scooter,16,6.3,90.1
8733,7.05,Rainy,Low,Morning,Bike,13,8.3,35.2
8734,11.9,Foggy,Low,Evening,Scooter,24,2.1,76.1
8735,10.26,Clear,Medium,Afternoon,Car,31,1.7,71.8
8736,24.57,Foggy,Low,Afternoon,Bike,11,3.0,122.1
8737,10.39,Clear,Medium,Afternoon,Bike,31,3.2,68.4
8738,2.92,Clear,High,Morning,Bike,7,9.7,25.9
8739,3.16,Foggy,Low,Night,Bike,28,7.9,45.0
8740,15.18,Clear,Medium,Morning,Bike,19,1.1,85.9
8741,15.38,Clear,Medium,Afternoon,Bike,6,8.0,55.5
8742,11.05,Clear,Medium,Evening,Bike,22,2.1,71.2
8743,11.36,Rainy,Medium,Night,Bike,25,3.9,81.2
8744,2.29,Stormy,High,Morning,Scooter,5,3.5,26.5
8745,13.4,Clear,Low,Morning,Car,5,3.1,50.3
8746,13.11,Foggy,Low,Evening,Car,34,3.4,95.7
8747,4.59,Clear,Medium,Evening,Bike,15,7.7,22.7
8748,3.49,Clear,Medium,Afternoon,Scooter,7,3.0,21.6
8749,3.97,Clear,Low,Morning,Car,26,8.1,40.4
8750,3.42,Rainy,Low,Evening,Car,14,1.4,21.7
8751,15.63,Clear,Medium,Evening,Car,16,6.2,75.5
8752,5.72,Rainy,Medium,Night,Scooter,10,8.7,33.5
8753,7.03,Clear,High,Afternoon,Bike,28,1.3,77.3
8754,5.17,Clear,Medium,Afternoon,Bike,11,6.5,24.1
8755,23.99,Rainy,Low,Morning,Bike,21,5.4,103.3
8756,21.51,Clear,Medium,Evening,Bike,21,3.7,112.9
8757,6.53,Clear,Low,Afternoon,Car,8,1.5,29.8
8758,8.86,Clear,Medium,Morning,Bike,5,6.9,33.3
8759,6.04,Rainy,Medium,Afternoon,Car,5,3.4,35.4
8760,12.81,Rainy,Medium,Morning,Scooter,30,3.7,91.1
8761,1.47,Clear,High,Evening,Bike,21,7.3,35.9
8762,17.11,Clear,Low,Afternoon,Bike,15,9.5,63.0
8763,13.56,Clear,High,Morning,Bike,7,3.7,76.6
8764,22.57,Clear,High,Morning,Scooter,33,7.6,146.5
8765,4.95,Foggy,Medium,Evening,Scooter,14,9.6,37.4
8766,20.3,Rainy,Low,Afternoon,Car,6,1.4,83.7
8767,20.01,Rainy,Low,Morning,Bike,20,5.5,101.4
8768,4.05,Clear,Medium,Morning,Bike,20,0.6,43.2
8769,10.57,Rainy,Medium,Morning,Bike,31,8.3,79.1
8770,5.08,Foggy,Low,Morning,Bike,30,3.2,50.1
8771,7.11,Rainy,High,Afternoon,Scooter,12,3.7,56.9
8772,7.32,Rainy,Low,Night,Bike,11,7.0,36.2
8773,14.35,Rainy,Low,Afternoon,Bike,14,8.0,67.3
8774,10.87,Rainy,Low,Morning,Bike,33,4.3,78.3
8775,23.75,Clear,Low,Afternoon,Bike,28,6.8,90.3
8776,4.03,Rainy,High,Afternoon,Scooter,8,9.6,25.3
8777,24.37,Clear,Medium,Evening,Bike,34,8.9,116.8
8778,6.54,Rainy,Low,Evening,Bike,13,7.2,38.4
8779,19.55,Foggy,High,Morning,Scooter,9,9.5,134.7
8780,9.14,Foggy,High,Night,Bike,11,8.8,78.6
8781,4.43,Clear,High,Evening,Scooter,8,7.4,31.4
8782,21.59,Clear,High,Afternoon,Car,5,9.2,117.8
8783,8.41,Clear,Medium,Morning,Scooter,31,8.3,51.4
8784,16.81,Rainy,Medium,Night,Bike,16,5.3,86.5
8785,14.59,Foggy,Medium,Evening,Scooter,20,5.3,107.1
8786,12.32,Rainy,Low,Morning,Scooter,20,0.6,66.3
8787,12.9,Clear,Medium,Night,Bike,12,0.8,68.3
8788,18.57,Foggy,High,Morning,Scooter,29,7.6,163.2
8789,3.11,Stormy,Medium,Night,Bike,17,5.8,46.3
8790,17.04,Clear,High,Evening,Scooter,13,7.7,96.8
8791,22.5,Rainy,Medium,Afternoon,Bike,14,9.5,110.9
8792,2.39,Rainy,Medium,Afternoon,Car,34,4.8,44.3
8793,4.38,Rainy,Medium,Evening,Bike,12,1.3,39.7
8794,18.2,Stormy,Medium,Evening,Bike,5,6.5,126.1
8795,11.49,Clear,Medium,Evening,Bike,7,1.4,54.8
8796,10.69,Rainy,Low,Night,Bike,9,6.4,45.4
8797,4.29,Rainy,Low,Night,Bike,11,5.5,29.1
8798,13.16,Foggy,High,Night,Bike,32,7.3,125.3
8799,4.04,Foggy,Low,Night,Bike,20,3.8,46.7
8800,12.44,Stormy,Medium,Night,Bike,12,1.9,105.5
8801,19.33,Clear,Medium,Night,Bike,5,2.7,85.1
8802,7.2,Foggy,Medium,Night,Bike,25,7.0,69.9
8803,12.54,Clear,High,Evening,Bike,7,5.0,76.4
8804,24.81,Clear,Medium,Night,Bike,27,5.6,125.3
8805,17.48,Clear,High,Morning,Bike,10,3.6,95.3
8806,21.19,Foggy,Medium,Night,Bike,16,8.4,125.6
8807,10.96,Stormy,Medium,Afternoon,Bike,19,10.0,98.3
8808,19.43,Clear,High,Afternoon,Bike,21,3.5,125.8
8809,1.97,Clear,High,Evening,Bike,31,7.3,50.0
8810,3.95,Foggy,High,Afternoon,Bike,22,2.1,67.6
8811,5.87,Rainy,Medium,Afternoon,Bike,25,7.6,55.4
8812,10.65,Stormy,Low,Afternoon,Bike,25,4.6,86.2
8813,21.3,Clear,Low,Evening,Bike,21,6.3,85.5
8814,9.31,Clear,High,Evening,Car,31,2.8,90.0
8815,16.71,Clear,High,Night,Scooter,16,8.6,108.8
8816,18.02,Clear,Medium,Afternoon,Car,20,2.1,100.6
8817,15.07,Clear,Low,Night,Bike,16,9.3,59.9
8818,9.57,Clear,Medium,Evening,Bike,8,1.1,54.3
8819,14.85,Clear,Medium,Night,Car,32,3.2,95.9
8820,9.21,Clear,Medium,Night,Bike,29,5.8,52.9
8821,3.01,Stormy,Medium,Afternoon,Bike,13,8.7,35.8
8822,24.83,Clear,High,Evening,Bike,19,6.0,145.6
8823,4.05,Clear,Low,Afternoon,Bike,9,2.6,22.2
8824,2.74,Foggy,Medium,Night,Bike,27,8.7,41.3
8825,22.08,Rainy,Medium,Evening,Scooter,15,6.2,124.4
8826,8.24,Rainy,Medium,Night,Car,22,2.7,64.7
8827,16.61,Rainy,Medium,Night,Bike,5,5.8,93.6
8828,8.9,Foggy,High,Afternoon,Scooter,20,6.9,96.2
8829,10.39,Foggy,Low,Evening,Bike,32,7.0,64.9
8830,7.29,Rainy,Low,Evening,Bike,22,7.4,47.6
8831,9.23,Foggy,High,Afternoon,Scooter,17,9.0,80.3
8832,10.86,Clear,Medium,Morning,Bike,24,8.3,63.9
8833,18.29,Clear,Low,Afternoon,Bike,20,6.3,75.4
8834,13.28,Foggy,Medium,Afternoon,Bike,26,0.8,101.6
8835,23.65,Clear,Medium,Morning,Bike,20,7.6,104.5
8836,2.01,Foggy,Low,Evening,Bike,7,9.8,10.0
8837,13.07,Clear,Low,Morning,Car,22,3.4,57.4
8838,15.02,Clear,High,Night,Scooter,33,6.3,111.8
8839,23.08,Foggy,Medium,Night,Bike,27,7.8,150.9
8840,2.18,Clear,Low,Afternoon,Bike,28,6.6,28.2
8841,14.76,Foggy,Low,Night,Car,29,9.3,79.4
8842,21.49,Stormy,Medium,Morning,Scooter,15,5.0,159.7
8843,6.81,Foggy,Low,Night,Bike,32,5.6,47.0
8844,22.03,Rainy,High,Evening,Bike,30,0.9,201.6
8845,1.46,Rainy,Medium,Afternoon,Bike,17,9.1,24.3
8846,18.58,Foggy,Medium,Afternoon,Bike,28,3.0,140.6
8847,23.39,Rainy,High,Evening,Scooter,6,9.8,145.9
8848,16.77,Rainy,Medium,Evening,Bike,7,2.4,92.8
8849,11.54,Stormy,Low,Afternoon,Car,5,2.9,56.0
8850,2.08,Rainy,Medium,Evening,Bike,5,5.1,12.8
8851,23.08,Stormy,Medium,Night,Bike,19,6.8,174.1
8852,12.29,Clear,Medium,Night,Bike,26,4.7,74.4
8853,1.7,Clear,Medium,Night,Bike,7,3.8,18.8
8854,17.56,Clear,Medium,Night,Bike,8,5.6,77.7
8855,12.56,Clear,Low,Morning,Bike,30,9.6,67.4
8856,3.98,Rainy,Medium,Morning,Car,16,9.6,29.0
8857,6.14,Clear,Medium,Morning,Bike,28,3.6,54.5
8858,2.55,Stormy,Medium,Morning,Bike,25,7.0,46.6
8859,14.78,Clear,Medium,Night,Bike,16,7.4,76.3
8860,15.93,Clear,Medium,Night,Bike,18,6.7,75.1
8861,13.14,Clear,Low,Evening,Bike,15,1.6,47.8
8862,20.61,Rainy,Low,Morning,Bike,10,5.6,80.7
8863,21.66,Clear,Low,Morning,Bike,29,7.8,85.1
8864,15.77,Clear,Medium,Afternoon,Car,18,2.4,91.7
8865,1.31,Rainy,Medium,Evening,Bike,31,3.8,45.3
8866,17.69,Clear,High,Night,Scooter,31,2.4,136.0
8867,11.03,Clear,Medium,Evening,Bike,6,8.9,46.7
8868,14.57,Rainy,High,Evening,Bike,7,8.7,88.9
8869,16.58,Clear,High,Afternoon,Bike,25,2.1,116.3
8870,9.41,Clear,High,Afternoon,Bike,22,7.7,68.8
8871,23.01,Clear,High,Evening,Bike,12,4.0,132.4
8872,4.22,Clear,Medium,Morning,Bike,6,7.0,18.6
8873,17.12,Rainy,Medium,Night,Car,24,5.2,104.7
8874,1.1,Clear,Low,Afternoon,Scooter,20,5.0,18.4
8875,23.19,Foggy,Medium,Afternoon,Bike,18,8.9,130.8
8876,3.7,Foggy,Medium,Night,Bike,23,6.6,51.6
8877,3.28,Clear,Medium,Afternoon,Bike,24,2.7,42.4
8878,8.99,Stormy,Medium,Evening,Bike,8,1.6,76.9
8879,9.97,Clear,Medium,Night,Scooter,10,9.4,48.5
8880,6.14,Clear,Medium,Morning,Car,30,2.0,47.4
8881,15.04,Clear,Medium,Afternoon,Bike,32,7.5,98.3
8882,11.63,Clear,Medium,Afternoon,Bike,16,5.2,60.3
8883,1.82,Rainy,High,Evening,Bike,30,1.8,60.7
8884,8.67,Clear,High,Morning,Scooter,14,7.9,62.8
8885,20.45,Foggy,High,Afternoon,Bike,13,9.1,142.0
8886,17.55,Rainy,Low,Night,Car,7,1.7,75.2
8887,18.4,Clear,High,Night,Scooter,5,1.1,109.6
8888,17.75,Rainy,Low,Evening,Car,18,8.6,72.3
8889,8.46,Foggy,High,Evening,Bike,12,5.3,74.6
8890,3.39,Clear,Low,Afternoon,Bike,27,6.9,18.0
8891,7.54,Clear,Medium,Evening,Scooter,22,4.7,51.2
8892,20.96,Clear,Medium,Night,Scooter,25,4.4,115.9
8893,24.53,Clear,Medium,Evening,Bike,16,3.3,117.2
8894,12.85,Clear,Medium,Night,Car,16,5.8,58.6
8895,1.23,Clear,Medium,Afternoon,Car,14,2.0,16.0
8896,4.36,Rainy,Medium,Night,Bike,8,7.3,32.0
8897,8.73,Rainy,Low,Evening,Bike,29,5.7,59.8
8898,14.89,Rainy,Medium,Night,Bike,24,8.6,95.4
8899,2.8,Clear,Low,Night,Car,9,9.2,13.8
8900,23.64,Clear,Medium,Morning,Scooter,12,9.1,95.8
8901,9.76,Clear,Low,Morning,Bike,23,6.2,48.3
8902,22.9,Clear,Medium,Afternoon,Bike,26,3.5,119.9
8903,19.73,Foggy,Medium,Night,Bike,10,3.9,123.0
8904,19.13,Clear,Medium,Night,Bike,20,6.7,90.9
8905,15.56,Clear,Medium,Night,Bike,34,7.3,91.1
8906,16.04,Clear,Medium,Morning,Scooter,27,2.0,93.5
8907,16.31,Foggy,High,Night,Scooter,13,10.0,130.7
8908,16.09,Rainy,High,Morning,Bike,15,1.5,124.4
8909,14.29,Clear,Medium,Afternoon,Scooter,7,6.3,61.0
8910,24.67,Clear,Medium,Night,Bike,33,5.5,124.5
8911,18.57,Clear,Medium,Night,Bike,18,6.1,96.7
8912,19.65,Rainy,Low,Evening,Scooter,9,5.6,90.4
8913,21.94,Stormy,Medium,Morning,Bike,25,1.1,189.3
8914,6.18,Rainy,High,Evening,Bike,25,10.0,73.9
8915,3.01,Rainy,Medium,Afternoon,Bike,10,9.8,25.4
8916,12.59,Clear,Medium,Morning,Bike,5,5.5,58.6
8917,13.34,Clear,Low,Night,Scooter,17,2.5,53.1
8918,20.9,Foggy,Low,Night,Bike,13,2.2,105.8
8919,11.65,Clear,Low,Night,Bike,32,1.0,74.7
8920,14.7,Stormy,Medium,Night,Scooter,7,6.3,110.7
8921,13.65,Clear,Medium,Afternoon,Bike,10,5.0,68.5
8922,1.92,Clear,Medium,Night,Bike,24,4.5,35.0
8923,15.77,Rainy,Medium,Night,Bike,27,5.5,117.9
8924,20.87,Clear,High,Night,Car,12,8.8,118.7
8925,4.78,Clear,High,Evening,Scooter,8,1.2,33.0
8926,15.26,Clear,High,Afternoon,Bike,30,5.7,119.3
8927,15.25,Rainy,Medium,Morning,Scooter,10,7.2,81.7
8928,4.94,Clear,Medium,Afternoon,Bike,16,9.7,34.6
8929,3.96,Clear,High,Afternoon,Bike,16,7.5,38.4
8930,24.52,Rainy,Low,Afternoon,Scooter,30,5.7,117.0
8931,10.45,Clear,Low,Night,Bike,34,7.8,57.9
8932,6.46,Foggy,Medium,Evening,Scooter,11,10.0,48.2
8933,5.11,Clear,Medium,Evening,Bike,32,8.9,50.8
8934,17.02,Rainy,Low,Evening,Bike,30,1.3,100.7
8935,15.63,Clear,Medium,Evening,Bike,20,6.0,79.4
8936,16.45,Rainy,Medium,Morning,Bike,11,8.0,79.3
8937,3.11,Rainy,Medium,Evening,Bike,29,6.9,45.6
8938,22.44,Foggy,Medium,Night,Bike,28,4.5,155.7
8939,10.34,Clear,Medium,Night,Scooter,7,3.6,38.6
8940,8.52,Clear,Low,Evening,Bike,17,6.5,38.9
8941,12.1,Rainy,Low,Morning,Bike,24,4.4,68.5
8942,10.36,Clear,Low,Evening,Bike,13,4.2,39.1
8943,21.73,Clear,Medium,Night,Bike,15,8.4,100.0
8944,23.3,Foggy,Medium,Night,Scooter,11,3.5,143.8
8945,8.28,Clear,Medium,Night,Bike,27,6.6,66.0
8946,21.73,Stormy,Medium,Afternoon,Car,19,8.8,158.3
8947,19.76,Clear,Medium,Night,Scooter,5,6.4,89.1
8948,23.34,Rainy,Medium,Evening,Bike,6,5.2,115.5
8949,6.9,Rainy,Low,Night,Car,5,0.8,31.5
8950,14.85,Clear,High,Morning,Scooter,19,7.0,99.6
8951,7.59,Stormy,Medium,Afternoon,Car,8,10.0,52.8
8952,20.78,Clear,Medium,Morning,Bike,8,8.2,85.9
8953,1.13,Foggy,Medium,Night,Bike,18,6.5,31.1
8954,14.56,Rainy,High,Afternoon,Bike,9,5.0,103.3
8955,9.14,Clear,Medium,Afternoon,Bike,25,2.6,57.9
8956,8.74,Foggy,Low,Afternoon,Car,32,7.1,62.3
8957,16.48,Clear,High,Night,Scooter,5,2.2,94.1
8958,21.44,Foggy,Medium,Morning,Scooter,19,8.9,130.0
8959,15.62,Clear,Low,Night,Car,11,3.9,58.1
8960,21.48,Foggy,Low,Afternoon,Car,20,4.3,98.6
8961,7.35,Rainy,Medium,Night,Bike,26,2.6,71.0
8962,13.47,Clear,Medium,Afternoon,Scooter,28,5.1,83.5
8963,11.81,Rainy,Medium,Afternoon,Bike,18,7.0,69.5
8964,1.28,Clear,High,Afternoon,Bike,19,3.4,24.2
8965,14.36,Clear,Medium,Night,Car,19,7.2,79.7
8966,16.88,Clear,Medium,Night,Car,24,6.4,87.3
8967,15.21,Clear,Medium,Afternoon,Scooter,5,4.0,71.0
8968,18.67,Clear,High,Evening,Bike,32,3.5,134.4
8969,14.71,Clear,Medium,Morning,Scooter,23,8.7,79.2
8970,2.6,Clear,High,Afternoon,Bike,29,0.6,46.6
8971,3.79,Clear,Low,Afternoon,Bike,30,7.3,35.3
8972,15.32,Clear,High,Afternoon,Bike,11,4.5,94.9
8973,7.6,Rainy,Medium,Afternoon,Bike,22,7.3,48.7
8974,2.91,Rainy,High,Afternoon,Bike,19,5.3,45.5
8975,11.31,Clear,Low,Evening,Scooter,17,1.3,48.6
8976,14.3,Foggy,Low,Night,Bike,23,9.8,81.4
8977,8.89,Rainy,Low,Evening,Scooter,22,1.3,58.5
8978,18.29,Rainy,Medium,Afternoon,Bike,8,2.0,101.2
8979,16.45,Clear,Medium,Afternoon,Bike,22,4.5,95.2
8980,8.99,Clear,High,Afternoon,Bike,8,9.5,42.4
8981,19.12,Foggy,Medium,Night,Scooter,31,3.3,151.3
8982,16.57,Foggy,Low,Morning,Scooter,20,5.9,97.1
8983,16.3,Clear,Low,Morning,Bike,18,5.5,63.6
8984,14.28,Clear,Low,Evening,Bike,34,3.6,77.5
8985,1.27,Rainy,High,Evening,Scooter,18,7.1,34.8
8986,17.72,Rainy,High,Morning,Bike,11,5.3,112.7
8987,10.03,Foggy,High,Afternoon,Bike,17,6.0,91.6
8988,23.62,Clear,Medium,Night,Bike,28,2.5,120.1
8989,20.63,Clear,Low,Evening,Bike,18,9.3,67.7
8990,15.1,Clear,Low,Night,Bike,14,1.6,61.1
8991,7.05,Clear,Medium,Afternoon,Bike,17,7.1,41.5
8992,5.89,Clear,High,Afternoon,Bike,10,8.9,45.8
8993,9.17,Foggy,Low,Evening,Bike,34,1.3,71.8
8994,12.44,Clear,Low,Morning,Bike,15,0.8,52.9
8995,8.11,Foggy,Medium,Morning,Car,29,3.7,86.0
8996,13.36,Clear,Medium,Morning,Bike,10,8.0,59.3
8997,4.97,Clear,Low,Afternoon,Bike,31,7.3,35.0
8998,24.47,Clear,High,Afternoon,Bike,15,8.3,141.1
8999,3.59,Clear,Low,Night,Bike,23,4.3,31.6
9000,23.37,Foggy,High,Night,Scooter,21,9.9,175.1
9001,22.93,Clear,Low,Night,Bike,29,4.0,101.9
9002,13.61,Clear,Low,Afternoon,Car,7,8.2,40.4
9003,18.4,Clear,Medium,Morning,Scooter,5,3.8,77.7
9004,11.47,Clear,Low,Afternoon,Car,20,2.6,63.9
9005,16.12,Rainy,Medium,Night,Bike,16,3.7,82.9
9006,9.17,Clear,Medium,Night,Bike,31,2.3,65.3
9007,8.23,Rainy,Medium,Night,Bike,18,1.7,57.2
9008,14.88,Rainy,Medium,Night,Scooter,22,4.0,98.6
9009,12.96,Clear,Medium,Evening,Bike,32,1.9,89.2
9010,14.91,Clear,Low,Night,Scooter,7,5.3,58.7
9011,7.88,Rainy,High,Afternoon,Bike,28,0.8,92.8
9012,9.81,Rainy,High,Evening,Bike,12,4.6,73.9
9013,3.01,Clear,Low,Morning,Bike,22,9.6,16.8
9014,2.25,Clear,Medium,Afternoon,Bike,20,3.9,28.3
9015,7.08,Clear,Medium,Afternoon,Bike,19,1.8,59.3
9016,2.78,Clear,Low,Morning,Bike,26,3.4,26.0
9017,3.49,Clear,Medium,Afternoon,Bike,6,8.0,18.4
9018,20.51,Clear,Medium,Evening,Scooter,33,3.5,117.0
9019,1.93,Clear,Low,Morning,Bike,20,4.1,19.2
9020,16.81,Clear,Low,Evening,Bike,27,8.0,77.9
9021,7.54,Clear,High,Night,Bike,33,3.0,86.7
9022,21.92,Foggy,Medium,Morning,Car,14,5.0,136.2
9023,12.64,Rainy,Low,Evening,Bike,31,1.1,86.3
9024,8.33,Foggy,Medium,Night,Car,15,2.2,61.2
9025,13.42,Clear,Medium,Evening,Bike,23,2.5,72.9
9026,10.17,Rainy,Low,Evening,Car,28,4.9,61.1
9027,14.54,Clear,High,Afternoon,Bike,23,8.3,98.5
9028,3.75,Rainy,Medium,Night,Bike,14,3.9,32.7
9029,24.93,Clear,Medium,Afternoon,Scooter,26,4.1,129.6
9030,11.21,Clear,Medium,Night,Car,21,3.4,67.0
9031,9.36,Foggy,Medium,Night,Scooter,28,3.5,78.2
9032,18.05,Rainy,Low,Afternoon,Bike,27,4.3,101.4
9033,9.73,Foggy,Medium,Afternoon,Bike,5,9.0,50.9
9034,21.0,Clear,Medium,Afternoon,Bike,34,0.7,128.5
9035,11.9,Clear,Medium,Night,Bike,34,6.4,73.6
9036,18.27,Clear,Medium,Night,Bike,11,8.9,74.4
9037,3.58,Rainy,Medium,Night,Bike,20,4.5,35.3
9038,21.31,Rainy,Low,Night,Bike,15,6.7,86.3
9039,18.66,Foggy,Medium,Night,Scooter,25,6.1,118.9
9040,6.08,Clear,Medium,Night,Bike,22,3.7,47.8
9041,4.49,Rainy,High,Evening,Bike,5,1.8,32.2
9042,8.59,Clear,Medium,Afternoon,Bike,34,2.6,70.5
9043,24.43,Clear,Medium,Night,Bike,6,1.0,111.7
9044,7.16,Clear,High,Evening,Bike,33,7.8,77.1
9045,11.95,Clear,Low,Morning,Bike,26,5.6,52.3
9046,1.72,Clear,Low,Evening,Car,6,8.0,14.8
9047,10.53,Clear,Medium,Afternoon,Bike,33,3.3,70.6
9048,14.71,Clear,Low,Morning,Bike,10,8.1,38.5
9049,23.87,Clear,Medium,Night,Bike,33,3.4,131.4
9050,13.4,Clear,Low,Afternoon,Bike,32,1.7,66.3
9051,20.66,Clear,Low,Morning,Bike,28,5.6,94.3
9052,14.13,Clear,Low,Evening,Bike,12,9.5,52.1
9053,1.98,Stormy,Medium,Morning,Bike,26,4.4,51.4
9054,8.56,Foggy,High,Afternoon,Scooter,25,5.4,96.5
9055,14.81,Clear,High,Morning,Scooter,24,4.8,103.0
9056,23.81,Stormy,Low,Evening,Bike,18,4.8,153.5
9057,21.62,Rainy,Medium,Morning,Scooter,26,2.5,136.5
9058,6.48,Clear,Low,Evening,Bike,33,4.5,48.1
9059,6.28,Clear,Medium,Morning,Bike,25,5.2,44.3
9060,5.83,Foggy,High,Evening,Bike,30,7.6,81.8
9061,23.14,Rainy,Medium,Evening,Bike,24,1.8,140.0
9062,21.46,Foggy,Low,Evening,Bike,26,5.9,114.8
9063,19.6,Foggy,Medium,Night,Scooter,29,6.8,134.3
9064,10.43,Clear,Low,Evening,Scooter,29,4.1,58.8
9065,13.11,Clear,Medium,Afternoon,Car,12,5.7,65.8
9066,12.14,Clear,Medium,Evening,Bike,30,7.3,74.2
9067,7.08,Clear,Medium,Night,Bike,21,4.9,58.4
9068,13.12,Clear,High,Night,Bike,29,3.7,104.4
9069,1.73,Clear,Medium,Afternoon,Car,9,8.3,14.7
9070,4.16,Clear,High,Evening,Scooter,31,9.9,53.2
9071,22.28,Clear,High,Night,Scooter,7,2.6,129.5
9072,19.04,Clear,Medium,Night,Bike,28,8.9,95.0
9073,11.15,Clear,Medium,Morning,Bike,28,5.7,68.4
9074,13.41,Clear,Low,Morning,Bike,29,4.8,68.8
9075,9.88,Clear,Medium,Afternoon,Scooter,22,9.0,56.2
9076,18.78,Rainy,Medium,Morning,Scooter,14,9.1,104.9
9077,19.82,Foggy,Low,Evening,Bike,8,3.1,84.5
9078,19.32,Clear,Medium,Morning,Bike,14,3.9,100.4
9079,18.34,Clear,Medium,Night,Scooter,22,8.6,93.5
9080,5.91,Foggy,High,Afternoon,Bike,33,5.2,90.0
9081,9.11,Clear,Medium,Morning,Car,17,3.2,53.7
9082,12.28,Rainy,Medium,Afternoon,Bike,26,9.6,85.1
9083,8.94,Clear,High,Evening,Bike,21,2.6,68.8
9084,19.12,Foggy,Medium,Evening,Scooter,18,6.3,119.8
9085,8.9,Foggy,Low,Morning,Scooter,30,4.6,67.5
9086,4.32,Rainy,Low,Morning,Bike,23,4.8,27.1
9087,10.58,Clear,High,Morning,Car,22,1.5,87.2
9088,24.52,Foggy,Low,Night,Car,27,2.9,126.8
9089,6.42,Rainy,Medium,Evening,Bike,12,2.1,52.0
9090,15.69,Rainy,Medium,Night,Bike,22,7.6,103.1
9091,11.39,Clear,High,Morning,Bike,20,7.1,87.4
9092,2.7,Rainy,High,Evening,Bike,29,8.0,53.6
9093,12.71,Clear,Medium,Night,Car,15,7.1,61.4
9094,17.85,Clear,High,Night,Bike,21,1.7,113.7
9095,13.32,Rainy,Low,Afternoon,Bike,22,9.8,69.1
9096,21.93,Clear,Low,Night,Car,23,2.3,84.3
9097,7.93,Rainy,High,Morning,Bike,22,3.8,74.9
9098,3.07,Rainy,Medium,Morning,Scooter,18,7.2,32.1
9099,23.48,Clear,Low,Night,Bike,21,1.8,90.8
9100,10.08,Rainy,Medium,Afternoon,Car,12,2.1,60.4
9101,14.83,Foggy,High,Afternoon,Scooter,19,8.8,121.4
9102,20.01,Clear,High,Afternoon,Car,21,3.7,135.6
9103,8.78,Rainy,High,Night,Car,25,6.8,90.2
9104,18.19,Clear,Medium,Night,Bike,15,8.7,83.2
9105,4.25,Clear,High,Afternoon,Bike,33,9.7,62.2
9106,7.99,Clear,Medium,Night,Scooter,10,2.5,43.9
9107,4.47,Clear,Medium,Evening,Scooter,27,1.7,42.7
9108,20.47,Clear,High,Morning,Bike,23,7.5,124.0
9109,6.34,Stormy,Medium,Night,Car,20,2.3,76.5
9110,18.22,Rainy,Low,Evening,Bike,16,6.0,78.1
9111,23.64,Clear,Medium,Night,Car,19,5.6,113.9
9112,13.67,Clear,Medium,Evening,Bike,15,5.8,66.2
9113,13.96,Clear,Low,Afternoon,Bike,11,6.7,47.7
9114,12.06,Clear,Low,Morning,Bike,28,8.6,52.0
9115,8.82,Clear,Low,Night,Bike,14,3.1,44.9
9116,12.42,Clear,Low,Evening,Bike,23,5.8,52.2
9117,15.47,Clear,Medium,Evening,Bike,9,3.7,71.0
9118,24.66,Clear,Low,Afternoon,Bike,21,3.5,95.4
9119,23.51,Rainy,Low,Morning,Scooter,29,0.7,130.5
9120,21.69,Foggy,Medium,Morning,Bike,28,6.2,152.6
9121,22.34,Clear,High,Morning,Bike,23,9.7,136.6
9122,12.23,Clear,Low,Evening,Car,8,7.7,41.6
9123,16.78,Clear,Low,Night,Scooter,5,2.8,61.8
9124,22.48,Stormy,High,Night,Bike,18,7.3,207.6
9125,10.43,Foggy,Medium,Afternoon,Scooter,21,3.3,83.4
9126,24.08,Rainy,High,Morning,Car,18,7.7,158.8
9127,10.98,Foggy,Low,Night,Car,10,8.6,53.7
9128,15.43,Clear,Low,Evening,Scooter,26,3.7,70.4
9129,18.04,Stormy,Low,Evening,Scooter,29,0.5,139.3
9130,23.81,Clear,Low,Morning,Bike,32,3.4,103.3
9131,6.87,Clear,High,Afternoon,Scooter,9,2.5,52.3
9132,18.91,Rainy,High,Afternoon,Scooter,7,6.4,120.8
9133,13.5,Clear,High,Morning,Bike,26,3.3,107.3
9134,7.45,Rainy,High,Evening,Bike,28,0.8,94.3
9135,19.64,Clear,High,Afternoon,Bike,32,5.5,143.9
9136,14.25,Rainy,Medium,Evening,Scooter,19,8.8,90.5
9137,16.86,Clear,High,Evening,Bike,11,4.8,95.9
9138,8.75,Clear,Low,Night,Bike,15,4.1,42.6
9139,12.55,Foggy,Medium,Afternoon,Car,14,2.2,80.8
9140,15.82,Foggy,Medium,Evening,Bike,18,4.2,112.0
9141,10.72,Stormy,High,Night,Car,7,3.6,100.2
9142,5.76,Rainy,Medium,Evening,Bike,18,10.0,42.2
9143,24.08,Rainy,High,Morning,Bike,21,0.8,192.8
9144,13.28,Rainy,Medium,Afternoon,Bike,8,2.8,79.7
9145,18.61,Clear,Medium,Evening,Bike,10,1.2,91.6
9146,10.87,Clear,High,Afternoon,Bike,24,8.6,83.6
9147,9.52,Clear,Low,Night,Scooter,9,4.5,37.8
9148,10.77,Foggy,High,Afternoon,Scooter,14,8.1,90.6
9149,10.82,Clear,Medium,Evening,Car,11,7.1,43.3
9150,14.06,Foggy,Medium,Afternoon,Bike,19,9.3,95.2
9151,14.04,Clear,High,Morning,Bike,25,0.7,108.0
9152,12.93,Rainy,Medium,Morning,Bike,25,2.5,92.1
9153,4.23,Clear,Medium,Night,Bike,22,7.2,45.8
9154,12.91,Clear,Medium,Evening,Scooter,5,6.1,42.3
9155,5.06,Stormy,Low,Afternoon,Bike,8,7.1,34.9
9156,4.03,Clear,Medium,Night,Car,15,6.0,18.5
9157,23.38,Clear,Low,Night,Scooter,14,6.0,86.4
9158,15.52,Clear,High,Evening,Scooter,17,9.4,89.9
9159,16.83,Clear,Low,Afternoon,Scooter,28,9.3,55.3
9160,10.64,Clear,Medium,Night,Bike,23,0.9,74.1
9161,22.82,Rainy,High,Night,Scooter,26,4.4,174.1
9162,16.31,Clear,High,Evening,Bike,14,5.4,105.1
9163,19.46,Rainy,Medium,Evening,Bike,34,3.9,129.7
9164,9.85,Clear,Medium,Night,Bike,22,1.0,61.8
9165,24.04,Foggy,Low,Afternoon,Bike,13,5.0,102.3
9166,20.69,Rainy,Medium,Night,Bike,34,9.8,129.6
9167,21.49,Clear,Low,Morning,Bike,13,1.2,81.2
9168,5.13,Clear,High,Evening,Bike,24,8.3,50.2
9169,7.5,Clear,Medium,Morning,Scooter,32,2.4,62.0
9170,7.86,Rainy,Medium,Afternoon,Bike,31,6.0,63.2
9171,7.5,Rainy,Medium,Evening,Bike,16,4.2,58.3
9172,21.53,Foggy,Medium,Afternoon,Bike,28,3.8,147.0
9173,1.77,Clear,Medium,Morning,Scooter,18,8.8,33.8
9174,2.83,Clear,High,Afternoon,Bike,34,9.7,48.3
9175,7.57,Clear,Low,Evening,Bike,6,4.2,27.4
9176,5.8,Clear,Medium,Morning,Bike,14,6.6,28.7
9177,6.56,Clear,Low,Evening,Car,22,5.8,29.0
9178,20.15,Clear,Low,Morning,Bike,10,1.2,81.5
9179,14.52,Rainy,Medium,Night,Bike,6,0.9,87.6
9180,1.14,Clear,Low,Afternoon,Bike,21,7.8,15.5
9181,11.3,Foggy,Low,Afternoon,Scooter,30,4.2,78.0
9182,10.79,Clear,High,Evening,Bike,22,3.4,90.3
9183,3.73,Foggy,Medium,Night,Car,22,9.9,43.9
9184,17.23,Stormy,Low,Evening,Bike,25,1.3,128.4
9185,17.85,Foggy,Low,Evening,Bike,18,3.1,95.7
9186,18.3,Rainy,Low,Morning,Bike,26,8.6,85.4
9187,18.48,Foggy,Medium,Night,Scooter,15,4.4,118.3
9188,1.0,Rainy,Medium,Morning,Bike,34,6.1,51.2
9189,23.89,Clear,Medium,Evening,Bike,23,1.0,123.0
9190,20.54,Rainy,Low,Morning,Car,20,9.2,95.3
9191,22.7,Rainy,Medium,Morning,Bike,12,1.8,130.9
9192,1.38,Stormy,Medium,Afternoon,Bike,22,2.5,40.2
9193,23.41,Clear,Medium,Night,Bike,34,2.0,136.8
9194,20.43,Clear,High,Afternoon,Car,30,5.2,144.8
9195,21.09,Rainy,Medium,Night,Scooter,7,8.3,107.2
9196,3.24,Stormy,Low,Afternoon,Scooter,8,3.0,35.8
9197,18.73,Clear,High,Evening,Bike,25,1.9,142.2
9198,24.04,Clear,Low,Afternoon,Bike,9,4.4,85.6
9199,17.29,Clear,Low,Night,Bike,26,9.8,68.8
9200,14.69,Clear,Medium,Night,Bike,8,0.6,64.5
9201,23.7,Clear,Medium,Night,Bike,30,5.3,130.7
9202,11.63,Clear,High,Afternoon,Car,31,6.9,93.6
9203,15.38,Foggy,Low,Morning,Bike,11,8.2,68.4
9204,12.43,Clear,Medium,Afternoon,Scooter,33,7.6,72.8
9205,23.39,Clear,Low,Morning,Bike,32,1.2,100.8
9206,2.83,Rainy,Medium,Afternoon,Scooter,28,4.9,53.7
9207,13.03,Stormy,Low,Evening,Bike,24,1.2,106.3
9208,17.49,Stormy,Medium,Evening,Bike,29,6.4,145.2
9209,20.01,Clear,Low,Afternoon,Bike,10,1.2,69.4
9210,14.99,Stormy,Low,Afternoon,Car,32,1.0,123.6
9211,22.81,Clear,Medium,Afternoon,Car,28,3.4,116.2
9212,23.61,Rainy,High,Evening,Bike,29,9.4,173.3
9213,2.54,Rainy,High,Morning,Bike,21,7.2,51.8
9214,10.66,Clear,High,Night,Bike,18,0.5,87.5
9215,1.56,Clear,Medium,Morning,Bike,9,3.2,10.0
9216,8.91,Clear,Low,Afternoon,Scooter,19,0.7,40.8
9217,13.88,Foggy,Medium,Evening,Bike,27,3.3,109.6
9218,22.86,Clear,Medium,Night,Bike,14,7.0,107.7
9219,21.32,Rainy,Low,Morning,Scooter,6,7.7,80.2
9220,4.06,Clear,Low,Afternoon,Bike,16,8.1,25.6
9221,3.23,Clear,Low,Evening,Scooter,15,9.1,17.8
9222,15.14,Stormy,Medium,Evening,Bike,11,4.0,124.9
9223,13.77,Rainy,Low,Night,Scooter,11,8.7,62.6
9224,7.39,Stormy,Low,Morning,Bike,23,7.4,62.0
9225,22.59,Clear,Medium,Evening,Bike,29,5.6,109.6
9226,23.26,Clear,Medium,Afternoon,Car,11,9.6,91.2
9227,10.66,Clear,Medium,Afternoon,Bike,18,9.5,42.8
9228,22.37,Clear,Medium,Night,Car,16,9.0,99.9
9229,10.21,Clear,Low,Morning,Scooter,32,2.4,62.5
9230,18.68,Rainy,High,Evening,Car,14,2.5,145.1
9231,12.42,Clear,Low,Night,Bike,31,9.1,55.9
9232,3.94,Clear,Medium,Morning,Bike,9,4.3,30.9
9233,23.27,Clear,Medium,Morning,Scooter,27,8.1,121.1
9234,11.9,Rainy,High,Evening,Scooter,11,7.0,83.4
9235,18.63,Rainy,Medium,Night,Scooter,10,7.7,103.0
9236,9.81,Clear,Low,Night,Bike,24,0.7,53.7
9237,1.45,Clear,Medium,Night,Car,28,4.6,29.3
9238,3.41,Clear,Medium,Night,Bike,32,8.6,47.0
9239,12.91,Foggy,Medium,Morning,Scooter,6,5.2,68.9
9240,17.56,Foggy,Low,Night,Bike,33,7.1,94.6
9241,9.03,Rainy,Medium,Night,Bike,17,7.7,58.0
9242,17.69,Clear,Low,Evening,Bike,20,1.6,74.9
9243,17.77,Clear,Medium,Afternoon,Scooter,12,2.0,78.8
9244,17.89,Rainy,Medium,Morning,Scooter,17,7.4,104.1
9245,12.82,Stormy,Low,Evening,Car,18,1.0,89.5
9246,22.96,Stormy,High,Evening,Bike,9,3.7,205.2
9247,12.74,Foggy,Medium,Evening,Bike,27,9.2,96.0
9248,11.81,Clear,Medium,Morning,Bike,7,6.0,51.2
9249,5.79,Stormy,Low,Afternoon,Bike,18,9.1,53.2
9250,8.38,Rainy,Medium,Morning,Bike,27,3.4,74.8
9251,2.02,Foggy,Medium,Night,Bike,29,6.5,43.4
9252,16.2,Clear,High,Afternoon,Bike,27,3.2,124.8
9253,6.96,Clear,Low,Morning,Bike,17,1.6,39.2
9254,8.3,Clear,Low,Morning,Bike,21,9.9,38.9
9255,19.5,Clear,High,Night,Car,13,2.2,124.2
9256,8.85,Clear,High,Morning,Scooter,11,2.3,64.2
9257,6.81,Foggy,Low,Afternoon,Scooter,22,8.5,41.5
9258,5.06,Clear,Medium,Evening,Scooter,25,8.1,53.2
9259,19.6,Clear,Low,Morning,Bike,15,9.8,69.1
9260,4.11,Clear,Medium,Morning,Scooter,20,1.2,37.7
9261,11.89,Clear,High,Afternoon,Scooter,30,1.4,94.0
9262,13.17,Stormy,Low,Morning,Bike,22,4.8,95.2
9263,17.5,Clear,Low,Evening,Car,11,6.1,64.5
9264,16.2,Clear,Low,Night,Bike,29,0.9,73.1
9265,20.46,Foggy,Low,Night,Bike,8,2.0,93.2
9266,2.07,Foggy,Low,Night,Scooter,23,7.2,25.2
9267,8.11,Clear,High,Evening,Scooter,26,6.9,69.1
9268,7.72,Rainy,Low,Night,Bike,28,1.4,59.1
9269,4.5,Rainy,Medium,Afternoon,Bike,28,9.4,48.0
9270,7.94,Rainy,High,Afternoon,Bike,28,2.9,93.7
9271,8.43,Clear,Medium,Evening,Bike,25,8.9,57.0
9272,13.53,Stormy,Medium,Evening,Car,33,9.3,129.6
9273,16.93,Clear,Low,Evening,Scooter,15,5.2,67.5
9274,10.15,Clear,Medium,Afternoon,Scooter,17,4.4,58.8
9275,18.27,Clear,Low,Evening,Bike,32,3.1,86.8
9276,9.07,Clear,High,Evening,Bike,10,8.2,55.0
9277,7.97,Foggy,Low,Night,Bike,32,2.4,63.7
9278,13.99,Rainy,Medium,Evening,Bike,17,6.4,84.4
9279,1.57,Clear,Medium,Morning,Bike,6,5.9,15.0
9280,2.91,Clear,Medium,Night,Bike,26,2.9,40.3
9281,11.03,Clear,Low,Afternoon,Bike,18,9.8,47.8
9282,23.63,Stormy,Low,Afternoon,Bike,17,8.5,132.1
9283,18.32,Rainy,High,Afternoon,Bike,9,0.7,134.4
9284,3.12,Rainy,Low,Night,Bike,7,4.5,17.4
9285,21.31,Rainy,Low,Afternoon,Scooter,28,3.9,106.5
9286,18.58,Rainy,Medium,Night,Bike,8,8.9,97.3
9287,15.66,Rainy,High,Night,Scooter,18,3.0,117.7
9288,20.69,Clear,Medium,Morning,Scooter,22,10.0,105.8
9289,10.7,Foggy,Medium,Morning,Car,15,2.4,87.8
9290,6.32,Rainy,Medium,Morning,Bike,23,2.8,58.5
9291,13.29,Rainy,Low,Morning,Bike,6,6.8,57.3
9292,14.17,Stormy,Medium,Morning,Bike,6,2.0,109.8
9293,13.92,Foggy,High,Afternoon,Car,7,8.9,94.1
9294,14.56,Foggy,High,Afternoon,Scooter,33,1.5,160.1
9295,23.77,Stormy,Low,Afternoon,Bike,27,9.8,149.6
9296,22.65,Clear,Medium,Morning,Bike,30,8.8,103.0
9297,22.02,Clear,Medium,Evening,Bike,20,8.5,94.3
9298,20.23,Rainy,Low,Afternoon,Bike,34,4.4,113.6
9299,23.64,Clear,Medium,Afternoon,Scooter,5,5.4,98.3
9300,3.36,Foggy,Low,Evening,Bike,14,4.8,25.8
9301,7.36,Rainy,Medium,Morning,Bike,10,9.9,41.5
9302,12.88,Rainy,Low,Night,Bike,31,0.8,77.2
9303,21.32,Stormy,Medium,Evening,Bike,21,4.1,169.5
9304,13.12,Clear,Medium,Evening,Bike,23,9.7,62.1
9305,18.95,Rainy,Medium,Afternoon,Bike,16,4.0,118.1
9306,4.34,Rainy,Medium,Afternoon,Bike,24,4.3,48.9
9307,7.06,Clear,Low,Morning,Scooter,33,6.5,46.7
9308,18.56,Clear,Medium,Night,Bike,20,9.1,90.7
9309,4.95,Foggy,High,Night,Bike,28,3.3,92.5
9310,9.43,Rainy,Low,Evening,Car,6,9.5,33.6
9311,7.36,Foggy,Medium,Morning,Bike,19,3.2,54.2
9312,9.4,Clear,Medium,Night,Bike,27,8.2,59.6
9313,18.0,Clear,Medium,Evening,Bike,23,3.1,87.9
9314,9.83,Clear,Medium,Afternoon,Bike,5,1.2,45.4
9315,14.33,Clear,Medium,Night,Bike,10,8.2,68.1
9316,3.4,Stormy,Low,Evening,Bike,22,4.8,51.4
9317,20.32,Clear,Medium,Night,Bike,33,4.2,106.4
9318,9.88,Stormy,Medium,Morning,Scooter,23,4.6,93.9
9319,16.56,Stormy,Low,Evening,Bike,34,6.3,125.2
9320,18.41,Stormy,Medium,Morning,Car,26,3.0,166.6
9321,6.03,Clear,Medium,Evening,Scooter,7,2.8,36.0
9322,22.23,Stormy,High,Afternoon,Scooter,32,5.1,251.8
9323,15.79,Clear,Low,Night,Scooter,9,0.8,65.4
9324,11.29,Clear,High,Afternoon,Bike,34,6.6,95.6
9325,5.38,Clear,Medium,Morning,Bike,7,8.3,32.0
9326,23.62,Foggy,Medium,Night,Car,32,7.4,156.8
9327,19.12,Clear,Low,Afternoon,Bike,11,5.0,71.4
9328,5.99,Clear,Medium,Evening,Bike,11,5.9,31.4
9329,9.11,Clear,High,Evening,Bike,32,0.7,91.8
9330,20.43,Clear,Medium,Afternoon,Bike,5,9.2,73.2
9331,17.7,Clear,Medium,Night,Bike,26,5.8,99.6
9332,19.38,Foggy,Medium,Morning,Bike,17,3.5,120.3
9333,11.59,Rainy,Medium,Evening,Scooter,17,3.3,72.8
9334,18.2,Foggy,Low,Morning,Bike,19,6.8,80.5
9335,10.28,Rainy,Medium,Night,Scooter,23,6.1,70.0
9336,6.07,Stormy,Medium,Night,Bike,11,2.3,53.2
9337,16.18,Clear,Low,Evening,Bike,21,4.4,69.7
9338,24.42,Rainy,Medium,Morning,Bike,14,6.9,123.5
9339,8.45,Rainy,High,Night,Scooter,23,3.3,85.3
9340,12.06,Clear,Medium,Morning,Car,32,5.3,74.6
9341,17.18,Foggy,Medium,Evening,Bike,30,2.9,122.0
9342,14.0,Rainy,High,Evening,Bike,22,1.2,126.8
9343,21.24,Foggy,Low,Night,Scooter,34,4.2,122.6
9344,19.28,Rainy,Low,Night,Scooter,12,7.5,82.3
9345,2.4,Clear,Low,Morning,Bike,12,2.5,21.5
9346,24.96,Rainy,Low,Night,Bike,31,7.7,119.1
9347,19.06,Clear,Low,Evening,Car,34,6.9,82.5
9348,21.73,Rainy,Medium,Night,Bike,13,5.3,124.0
9349,16.63,Rainy,Medium,Afternoon,Bike,17,9.7,90.4
9350,21.55,Stormy,Medium,Evening,Bike,29,8.9,168.4
9351,3.7,Clear,Medium,Morning,Scooter,31,5.9,46.4
9352,9.35,Clear,High,Night,Bike,17,5.8,63.8
9353,22.03,Clear,Low,Night,Scooter,6,3.1,83.9
9354,5.84,Clear,Medium,Evening,Scooter,11,9.2,32.3
9355,2.88,Foggy,Medium,Evening,Bike,11,9.0,34.4
9356,19.91,Foggy,High,Morning,Bike,24,7.5,163.8
9357,21.05,Rainy,Low,Evening,Car,26,1.7,115.2
9358,4.9,Foggy,Low,Morning,Bike,5,7.2,16.3
9359,21.5,Clear,Medium,Night,Bike,18,2.9,113.6
9360,17.48,Clear,Medium,Morning,Car,10,2.3,86.9
9361,13.48,Clear,Low,Morning,Car,17,7.7,50.5
9362,20.93,Foggy,Medium,Morning,Bike,5,9.6,111.8
9363,11.06,Rainy,Low,Night,Bike,25,1.5,62.5
9364,5.66,Rainy,High,Afternoon,Bike,24,2.1,70.1
9365,7.84,Clear,Low,Afternoon,Car,26,2.6,42.1
9366,13.12,Clear,Low,Morning,Scooter,31,9.6,65.1
9367,13.75,Stormy,Low,Evening,Bike,31,7.1,110.5
9368,20.33,Clear,Medium,Afternoon,Scooter,25,6.9,99.9
9369,19.99,Rainy,Low,Night,Scooter,25,5.3,93.0
9370,14.95,Clear,Medium,Morning,Bike,7,5.6,61.4
9371,19.74,Clear,High,Afternoon,Scooter,30,3.3,142.0
9372,5.6,Rainy,Low,Night,Bike,19,2.0,40.7
9373,2.2,Clear,Medium,Morning,Scooter,22,7.9,26.2
9374,21.97,Rainy,Low,Afternoon,Bike,27,5.0,105.2
9375,2.81,Rainy,Medium,Morning,Scooter,14,2.9,38.3
9376,6.92,Clear,Low,Afternoon,Bike,19,6.5,32.5
9377,17.69,Rainy,Low,Afternoon,Bike,32,2.5,96.9
9378,10.83,Rainy,Medium,Evening,Bike,12,5.1,71.5
9379,22.03,Clear,Low,Afternoon,Scooter,9,2.3,80.0
9380,8.15,Rainy,High,Evening,Bike,13,7.7,68.7
9381,1.28,Rainy,Medium,Night,Scooter,5,3.5,10.0
9382,8.22,Clear,Medium,Afternoon,Bike,33,4.7,66.6
9383,14.87,Foggy,High,Morning,Scooter,23,7.7,133.3
9384,10.02,Clear,High,Evening,Bike,12,6.8,58.6
9385,13.84,Foggy,Medium,Afternoon,Bike,9,4.3,81.9
9386,22.04,Foggy,Medium,Evening,Bike,22,1.2,146.7
9387,22.9,Clear,Medium,Morning,Bike,30,9.3,109.4
9388,7.38,Clear,Medium,Morning,Scooter,13,0.6,52.9
9389,12.09,Clear,Medium,Morning,Scooter,33,7.5,77.5
9390,14.18,Clear,High,Night,Bike,5,9.5,83.3
9391,23.78,Foggy,Low,Night,Scooter,23,3.4,132.8
9392,24.97,Rainy,Medium,Morning,Bike,34,1.2,174.5
9393,6.65,Clear,Medium,Night,Bike,18,2.9,52.3
9394,18.45,Rainy,High,Night,Bike,18,3.5,149.5
9395,10.07,Stormy,Low,Night,Bike,8,4.8,70.4
9396,1.19,Rainy,Medium,Night,Scooter,11,5.5,20.6
9397,1.22,Rainy,Medium,Night,Car,24,7.4,34.7
9398,12.05,Rainy,Low,Night,Bike,15,9.1,59.4
9399,12.72,Clear,Medium,Morning,Bike,6,4.9,54.9
9400,1.54,Clear,Medium,Night,Car,22,7.6,29.7
9401,17.49,Rainy,Low,Night,Bike,14,1.7,91.0
9402,8.06,Clear,Medium,Evening,Bike,5,3.6,35.1
9403,14.44,Rainy,High,Evening,Bike,27,1.6,130.9
9404,8.22,Rainy,High,Night,Scooter,18,7.1,71.3
9405,5.01,Rainy,Medium,Afternoon,Scooter,29,9.1,59.5
9406,10.77,Clear,Medium,Afternoon,Scooter,32,8.9,67.4
9407,6.57,Clear,Low,Night,Bike,14,3.6,26.8
9408,13.84,Clear,High,Morning,Scooter,22,2.7,96.2
9409,5.77,Clear,Low,Morning,Bike,11,3.1,23.1
9410,13.2,Clear,Medium,Evening,Car,34,3.2,83.8
9411,4.78,Rainy,Low,Morning,Bike,28,1.3,39.0
9412,17.1,Clear,Medium,Morning,Bike,23,1.8,98.2
9413,19.09,Clear,Low,Morning,Car,8,2.5,69.5
9414,3.65,Clear,Medium,Night,Scooter,18,0.6,36.3
9415,12.23,Clear,Medium,Night,Scooter,13,0.9,54.1
9416,2.7,Clear,Medium,Afternoon,Bike,8,7.1,23.1
9417,15.36,Clear,Low,Evening,Scooter,10,6.4,55.4
9418,7.35,Foggy,High,Afternoon,Scooter,28,9.5,88.3
9419,13.66,Clear,Low,Morning,Scooter,30,4.3,74.8
9420,13.42,Rainy,Medium,Morning,Car,6,4.7,74.0
9421,23.18,Foggy,Medium,Afternoon,Bike,5,1.1,146.6
9422,14.18,Clear,High,Afternoon,Bike,27,1.9,101.3
9423,14.99,Foggy,Low,Night,Scooter,21,7.1,78.9
9424,10.64,Clear,Medium,Night,Bike,8,2.7,43.3
9425,23.78,Clear,Medium,Evening,Bike,9,7.8,101.4
9426,19.65,Clear,High,Night,Bike,22,7.2,123.7
9427,7.85,Clear,Low,Morning,Scooter,30,7.6,40.1
9428,21.26,Clear,Medium,Morning,Bike,17,7.1,109.2
9429,11.38,Clear,Low,Afternoon,Bike,24,7.2,50.9
9430,20.89,Rainy,Low,Evening,Bike,31,5.7,96.4
9431,20.75,Foggy,Low,Night,Bike,31,6.9,116.9
9432,5.53,Clear,High,Evening,Bike,30,5.5,67.1
9433,17.83,Clear,Low,Morning,Bike,15,2.5,69.2
9434,7.98,Clear,High,Morning,Car,27,2.6,80.1
9435,8.14,Clear,Low,Night,Bike,24,4.4,39.8
9436,8.11,Rainy,High,Night,Scooter,31,0.6,99.1
9437,18.41,Clear,Medium,Night,Scooter,5,8.9,76.1
9438,6.52,Clear,Low,Afternoon,Bike,16,3.0,38.6
9439,1.02,Rainy,Medium,Morning,Bike,17,1.0,24.2
9440,18.17,Foggy,Medium,Afternoon,Car,30,4.5,130.3
9441,5.11,Clear,Medium,Morning,Bike,8,8.2,26.4
9442,3.51,Rainy,Medium,Night,Bike,31,4.3,41.8
9443,6.7,Clear,Medium,Morning,Bike,16,3.0,41.9
9444,10.12,Clear,Medium,Morning,Bike,10,5.7,39.7
9445,12.42,Clear,High,Evening,Bike,17,6.0,78.9
9446,2.07,Clear,Medium,Morning,Bike,18,7.7,16.8
9447,24.29,Foggy,High,Morning,Bike,16,8.1,181.4
9448,18.19,Clear,High,Evening,Scooter,25,7.2,115.8
9449,8.76,Clear,Low,Night,Car,33,0.5,62.8
9450,8.65,Clear,Low,Evening,Bike,24,0.5,39.9
9451,11.77,Clear,Medium,Night,Bike,6,9.8,47.8
9452,16.03,Rainy,Medium,Night,Scooter,30,3.0,115.2
9453,4.51,Clear,Low,Night,Bike,31,3.2,41.1
9454,5.53,Clear,Low,Morning,Bike,26,7.5,46.4
9455,21.63,Rainy,Medium,Evening,Scooter,16,6.0,111.0
9456,7.15,Clear,Medium,Evening,Car,10,4.9,34.5
9457,10.12,Clear,Low,Evening,Bike,26,1.6,64.9
9458,21.91,Clear,High,Evening,Bike,8,1.3,125.7
9459,16.92,Clear,Medium,Afternoon,Bike,28,7.2,93.2
9460,9.2,Clear,Medium,Morning,Bike,5,1.7,39.4
9461,17.41,Clear,Medium,Afternoon,Bike,30,4.6,91.9
9462,1.47,Rainy,Low,Morning,Bike,12,7.5,11.6
9463,18.66,Rainy,Medium,Evening,Bike,12,9.3,106.6
9464,12.69,Rainy,Low,Afternoon,Bike,25,8.8,61.3
9465,20.52,Foggy,Low,Night,Bike,29,8.7,105.9
9466,23.91,Clear,Medium,Evening,Car,16,3.9,112.3
9467,23.22,Foggy,Low,Evening,Car,29,9.3,121.4
9468,22.82,Clear,Medium,Night,Scooter,30,7.0,121.8
9469,13.29,Clear,Medium,Evening,Bike,8,8.9,57.9
9470,9.64,Clear,Low,Morning,Bike,20,1.3,32.8
9471,12.16,Clear,Low,Evening,Scooter,18,0.9,51.7
9472,17.56,Stormy,High,Morning,Scooter,18,4.6,174.8
9473,22.22,Clear,Low,Morning,Scooter,6,8.4,78.0
9474,5.97,Clear,Medium,Evening,Bike,21,4.4,39.4
9475,23.04,Clear,Medium,Night,Scooter,28,8.9,120.0
9476,20.56,Clear,High,Morning,Car,12,2.7,127.3
9477,24.49,Clear,High,Afternoon,Bike,31,0.9,180.1
9478,22.13,Clear,Medium,Morning,Bike,11,7.7,106.6
9479,7.72,Clear,Low,Night,Bike,17,6.4,32.0
9480,3.54,Foggy,Medium,Evening,Scooter,33,4.7,50.5
9481,3.69,Clear,Low,Night,Bike,15,8.5,22.7
9482,7.99,Clear,Low,Night,Car,23,8.3,45.4
9483,15.74,Rainy,Medium,Evening,Bike,23,3.6,101.0
9484,20.3,Stormy,Medium,Afternoon,Car,14,8.5,143.7
9485,22.58,Clear,Low,Afternoon,Bike,28,3.8,101.7
9486,15.97,Clear,Low,Morning,Bike,32,6.4,79.3
9487,1.14,Stormy,High,Morning,Scooter,15,2.3,36.6
9488,5.47,Clear,High,Afternoon,Car,20,3.0,55.1
9489,3.39,Clear,Medium,Evening,Car,12,4.8,20.2
9490,9.72,Clear,Medium,Night,Bike,6,3.5,38.7
9491,13.03,Foggy,High,Evening,Bike,18,1.7,128.4
9492,2.04,Stormy,Medium,Night,Bike,21,5.1,33.6
9493,9.36,Foggy,Medium,Night,Bike,21,5.4,75.0
9494,5.3,Clear,Medium,Afternoon,Bike,15,2.0,35.2
9495,16.53,Clear,Low,Afternoon,Bike,5,2.2,62.6
9496,12.14,Clear,Medium,Evening,Car,23,0.8,71.8
9497,12.89,Foggy,Low,Night,Bike,5,0.8,68.8
9498,11.26,Foggy,Medium,Evening,Scooter,28,3.9,93.5
9499,23.94,Clear,Medium,Morning,Scooter,28,1.9,136.2
9500,6.15,Rainy,Low,Afternoon,Bike,29,9.2,47.4
9501,13.4,Clear,High,Afternoon,Car,8,2.4,77.0
9502,18.66,Clear,Low,Night,Bike,28,1.1,89.0
9503,14.36,Rainy,Medium,Afternoon,Car,11,4.3,85.0
9504,23.3,Clear,Medium,Evening,Car,24,2.3,121.1
9505,10.07,Clear,Medium,Night,Car,5,1.1,44.5
9506,12.13,Clear,Medium,Night,Scooter,32,7.7,79.5
9507,3.12,Foggy,Medium,Morning,Bike,15,5.8,29.2
9508,15.62,Foggy,High,Evening,Bike,17,1.0,135.6
9509,7.92,Stormy,High,Night,Bike,7,4.9,81.7
9510,4.85,Rainy,Medium,Afternoon,Bike,28,0.9,57.2
9511,14.07,Clear,High,Afternoon,Scooter,12,3.9,78.8
9512,13.78,Clear,Low,Night,Scooter,16,4.0,52.6
9513,2.82,Stormy,High,Afternoon,Bike,6,8.3,34.9
9514,17.76,Rainy,High,Night,Bike,27,7.5,141.4
9515,15.97,Rainy,Medium,Night,Bike,5,9.0,77.2
9516,5.54,Rainy,High,Night,Bike,24,1.8,73.4
9517,12.27,Foggy,Medium,Afternoon,Bike,18,5.6,87.6
9518,18.29,Clear,Low,Afternoon,Scooter,34,0.7,90.8
9519,13.71,Clear,High,Evening,Scooter,19,8.3,71.9
9520,10.49,Rainy,Medium,Morning,Bike,27,4.0,81.9
9521,8.74,Foggy,Medium,Afternoon,Bike,8,1.2,56.4
9522,15.65,Rainy,Medium,Night,Scooter,24,3.6,105.1
9523,23.54,Clear,High,Afternoon,Bike,34,3.2,172.3
9524,17.12,Clear,Medium,Afternoon,Car,31,7.8,88.1
9525,2.79,Rainy,Low,Night,Bike,11,1.7,22.1
9526,12.06,Rainy,Medium,Evening,Bike,5,5.8,65.7
9527,22.38,Rainy,High,Night,Car,9,8.0,143.0
9528,3.27,Clear,Medium,Evening,Bike,18,7.5,22.1
9529,24.73,Foggy,High,Afternoon,Bike,34,9.4,197.2
9530,23.78,Rainy,High,Night,Scooter,10,0.5,173.7
9531,2.88,Rainy,Medium,Afternoon,Scooter,27,3.9,41.6
9532,23.4,Clear,Medium,Night,Bike,11,4.0,96.9
9533,9.72,Clear,Medium,Afternoon,Bike,16,0.8,53.8
9534,21.27,Foggy,Medium,Afternoon,Bike,11,8.3,111.9
9535,11.04,Clear,Medium,Afternoon,Scooter,22,7.0,66.7
9536,11.58,Clear,High,Night,Bike,26,5.5,82.6
9537,16.22,Clear,High,Evening,Scooter,20,4.3,116.0
9538,19.59,Rainy,Medium,Afternoon,Scooter,13,9.0,113.3
9539,1.81,Clear,Medium,Night,Bike,11,3.0,14.4
9540,15.24,Clear,Medium,Night,Bike,27,3.7,85.4
9541,5.48,Foggy,Medium,Afternoon,Bike,33,9.5,68.2
9542,9.3,Rainy,Medium,Afternoon,Bike,18,1.1,74.7
9543,9.35,Clear,High,Evening,Scooter,6,7.9,50.5
9544,12.26,Clear,Medium,Afternoon,Scooter,34,7.3,75.8
9545,9.02,Stormy,Low,Evening,Bike,33,9.1,77.9
9546,3.58,Clear,Medium,Morning,Car,17,1.4,27.7
9547,4.5,Rainy,Low,Night,Bike,34,9.7,48.6
9548,1.8,Clear,Medium,Evening,Bike,11,0.8,19.4
9549,12.29,Foggy,Low,Afternoon,Bike,29,3.7,77.7
9550,23.91,Rainy,High,Evening,Bike,23,1.3,192.5
9551,3.78,Rainy,Low,Afternoon,Bike,6,1.0,19.4
9552,23.71,Clear,Medium,Evening,Car,10,9.7,109.7
9553,18.6,Foggy,Low,Night,Bike,16,7.3,88.9
9554,16.3,Clear,High,Evening,Car,33,5.3,126.6
9555,16.49,Foggy,Medium,Morning,Bike,6,1.5,101.5
9556,20.84,Clear,High,Night,Scooter,21,5.5,131.0
9557,3.57,Rainy,High,Evening,Car,30,3.5,68.6
9558,13.11,Clear,Medium,Morning,Bike,16,3.1,71.0
9559,17.73,Rainy,High,Morning,Bike,24,6.4,153.5
9560,15.08,Clear,Low,Evening,Bike,13,8.0,55.1
9561,20.99,Clear,Medium,Night,Car,30,4.7,100.2
9562,2.73,Clear,Low,Evening,Scooter,18,5.2,33.0
9563,17.58,Clear,High,Night,Scooter,7,6.7,94.1
9564,13.82,Clear,High,Night,Scooter,7,1.7,84.6
9565,10.1,Clear,High,Evening,Bike,26,8.4,75.8
9566,9.17,Foggy,Low,Morning,Bike,33,8.5,63.4
9567,15.9,Clear,Medium,Night,Bike,20,5.6,76.4
9568,22.38,Rainy,Medium,Afternoon,Bike,10,2.3,115.0
9569,12.91,Clear,Low,Afternoon,Scooter,12,5.3,46.8
9570,20.79,Rainy,Low,Morning,Scooter,17,1.5,103.9
9571,10.65,Clear,Medium,Morning,Car,30,7.8,59.4
9572,3.46,Stormy,High,Evening,Bike,26,3.5,82.4
9573,2.48,Foggy,Medium,Night,Bike,12,3.5,39.7
9574,2.23,Clear,Medium,Evening,Scooter,12,9.5,20.1
9575,10.12,Rainy,Medium,Afternoon,Bike,11,4.5,54.9
9576,9.09,Clear,Medium,Afternoon,Bike,9,8.0,44.9
9577,18.23,Rainy,High,Night,Bike,24,6.6,148.4
9578,18.83,Clear,Medium,Night,Bike,5,3.5,89.3
9579,2.22,Clear,Low,Afternoon,Car,17,1.7,21.8
9580,6.31,Clear,Medium,Evening,Bike,26,8.1,50.1
9581,7.58,Rainy,High,Night,Car,12,7.7,65.6
9582,14.14,Clear,Medium,Evening,Car,15,2.1,77.5
9583,4.47,Rainy,Medium,Night,Bike,34,2.9,63.1
9584,4.21,Clear,Low,Morning,Scooter,24,7.8,26.8
9585,23.65,Clear,Low,Evening,Bike,11,9.8,82.9
9586,20.3,Rainy,High,Afternoon,Bike,23,8.5,147.2
9587,5.34,Foggy,Medium,Morning,Car,33,7.0,78.6
9588,10.76,Foggy,Medium,Evening,Bike,34,9.2,87.7
9589,9.53,Rainy,Medium,Night,Bike,25,3.2,80.2
9590,19.98,Rainy,High,Afternoon,Bike,11,0.6,143.4
9591,13.25,Rainy,Low,Night,Bike,20,3.5,68.5
9592,4.07,Clear,High,Evening,Bike,16,9.7,34.0
9593,18.74,Clear,Medium,Morning,Bike,15,8.9,77.2
9594,10.53,Clear,High,Evening,Bike,29,1.0,91.8
9595,7.31,Clear,High,Afternoon,Car,13,5.3,54.8
9596,10.01,Clear,Medium,Morning,Bike,11,1.3,52.5
9597,12.95,Stormy,Low,Afternoon,Bike,24,8.0,96.8
9598,9.23,Clear,Low,Night,Bike,26,4.0,45.3
9599,6.81,Rainy,High,Morning,Scooter,33,9.2,86.6
9600,10.56,Rainy,Low,Evening,Bike,18,1.0,57.7
9601,1.46,Clear,Low,Night,Car,8,7.5,15.9
9602,19.54,Clear,Low,Night,Scooter,7,4.3,73.1
9603,5.1,Clear,Medium,Evening,Bike,13,3.0,38.8
9604,2.05,Rainy,Low,Night,Bike,9,5.4,15.0
9605,16.69,Stormy,High,Afternoon,Bike,28,5.1,197.7
9606,19.57,Clear,High,Evening,Scooter,7,3.8,103.5
9607,20.53,Foggy,Medium,Night,Bike,29,6.7,141.2
9608,12.84,Clear,Medium,Morning,Scooter,5,6.8,55.6
9609,5.93,Rainy,Medium,Evening,Car,22,1.2,60.7
9610,18.69,Rainy,Medium,Evening,Scooter,17,6.2,107.1
9611,17.79,Clear,Medium,Night,Scooter,8,7.3,71.5
9612,6.91,Clear,Medium,Evening,Scooter,22,1.2,45.8
9613,22.68,Clear,Medium,Evening,Bike,13,6.8,100.7
9614,3.5,Clear,Medium,Evening,Bike,33,8.1,41.1
9615,24.58,Rainy,Medium,Evening,Bike,11,8.4,128.6
9616,21.65,Clear,Medium,Evening,Bike,19,0.9,117.0
9617,17.51,Rainy,Low,Evening,Car,17,7.1,80.5
9618,23.53,Clear,Medium,Afternoon,Bike,6,8.1,95.8
9619,18.34,Rainy,Medium,Night,Scooter,15,4.3,112.2
9620,5.57,Rainy,Medium,Afternoon,Scooter,31,5.7,59.5
9621,11.61,Rainy,Medium,Night,Scooter,8,3.0,66.4
9622,2.72,Clear,High,Evening,Bike,33,3.4,47.9
9623,10.35,Clear,Low,Night,Bike,26,5.3,56.9
9624,18.8,Foggy,Medium,Afternoon,Bike,22,1.9,131.2
9625,10.27,Clear,Medium,Night,Car,29,4.0,75.2
9626,8.93,Clear,Medium,Evening,Bike,7,3.4,37.7
9627,15.29,Clear,Medium,Evening,Bike,6,2.8,67.4
9628,21.93,Rainy,High,Evening,Bike,16,5.1,163.5
9629,2.14,Rainy,Low,Afternoon,Bike,8,8.5,16.2
9630,10.25,Rainy,High,Morning,Bike,18,2.8,86.6
9631,4.8,Clear,High,Evening,Car,20,6.8,51.7
9632,17.69,Clear,Medium,Evening,Scooter,25,2.9,91.4
9633,3.54,Foggy,High,Night,Car,8,1.8,42.2
9634,16.96,Clear,Medium,Morning,Bike,16,9.5,72.4
9635,7.87,Clear,Medium,Night,Bike,34,6.5,67.8
9636,5.77,Rainy,High,Afternoon,Scooter,34,1.5,89.5
9637,23.47,Clear,Low,Morning,Scooter,23,6.5,92.5
9638,1.44,Clear,Low,Evening,Bike,23,2.2,22.3
9639,11.51,Clear,Low,Morning,Car,16,8.9,46.4
9640,1.52,Clear,Medium,Evening,Car,34,2.9,39.3
9641,12.61,Clear,Low,Afternoon,Bike,19,8.2,55.6
9642,13.03,Foggy,High,Night,Bike,33,2.4,144.1
9643,8.72,Clear,Medium,Afternoon,Bike,7,5.8,48.5
9644,4.17,Clear,High,Afternoon,Car,23,9.2,41.8
9645,10.03,Rainy,Low,Evening,Bike,26,3.3,68.1
9646,17.13,Stormy,Medium,Night,Scooter,19,1.3,150.2
9647,19.78,Clear,Low,Afternoon,Scooter,24,5.7,87.0
9648,13.74,Foggy,Low,Morning,Bike,33,2.1,94.4
9649,15.16,Rainy,Medium,Afternoon,Bike,27,7.4,101.2
9650,5.81,Clear,High,Evening,Bike,11,6.1,43.9
9651,7.9,Clear,Medium,Morning,Car,8,3.8,34.1
9652,4.89,Clear,Medium,Morning,Scooter,5,7.2,25.5
9653,6.98,Rainy,Medium,Night,Scooter,13,2.8,66.4
9654,6.4,Clear,Low,Morning,Bike,11,9.2,34.9
9655,13.47,Clear,Medium,Morning,Bike,26,3.8,76.2
9656,14.5,Rainy,Low,Evening,Car,9,7.7,52.5
9657,23.68,Clear,High,Night,Bike,29,3.0,162.4
9658,5.69,Foggy,High,Afternoon,Bike,34,7.3,92.7
9659,16.4,Foggy,Medium,Morning,Bike,33,0.8,134.3
9660,20.61,Clear,Medium,Afternoon,Bike,13,3.3,107.5
9661,14.45,Stormy,Low,Afternoon,Bike,30,1.4,112.9
9662,7.12,Clear,Medium,Afternoon,Bike,31,4.8,58.8
9663,7.3,Clear,High,Night,Scooter,10,4.6,49.4
9664,1.94,Clear,High,Afternoon,Bike,28,3.9,47.6
9665,8.33,Rainy,Low,Evening,Car,27,9.8,56.0
9666,18.87,Rainy,Low,Night,Bike,16,2.8,96.6
9667,2.14,Clear,Medium,Night,Bike,17,8.0,22.6
9668,6.26,Clear,High,Night,Bike,5,4.8,44.8
9669,17.95,Clear,High,Night,Car,19,3.7,119.6
9670,19.78,Foggy,Medium,Morning,Car,20,2.4,140.3
9671,11.93,Foggy,High,Morning,Bike,6,6.5,94.9
9672,17.75,Rainy,High,Afternoon,Bike,13,3.7,131.6
9673,10.31,Rainy,Low,Morning,Bike,14,8.2,46.4
9674,4.84,Rainy,High,Night,Car,24,9.7,60.3
9675,10.56,Clear,Low,Afternoon,Scooter,31,2.7,64.2
9676,14.92,Clear,Medium,Evening,Car,20,1.7,75.6
9677,23.75,Rainy,Low,Morning,Bike,19,3.5,109.3
9678,2.65,Clear,Medium,Night,Bike,7,4.9,20.6
9679,13.18,Clear,High,Afternoon,Scooter,6,3.4,64.4
9680,8.89,Stormy,Medium,Morning,Car,12,9.7,64.4
9681,13.2,Foggy,Low,Night,Bike,34,7.9,81.0
9682,1.58,Clear,Low,Afternoon,Bike,20,9.7,18.0
9683,8.51,Rainy,Medium,Morning,Car,27,4.0,70.8
9684,20.68,Foggy,Medium,Evening,Bike,13,3.4,126.1
9685,14.29,Clear,Medium,Morning,Bike,7,4.4,58.3
9686,11.81,Clear,Low,Night,Bike,21,5.5,62.2
9687,7.85,Clear,High,Night,Bike,17,7.5,55.3
9688,8.15,Clear,High,Evening,Bike,20,8.9,52.2
9689,10.19,Foggy,Medium,Evening,Scooter,29,4.9,94.3
9690,21.05,Clear,Medium,Afternoon,Bike,34,3.2,116.2
9691,24.21,Clear,High,Afternoon,Bike,9,3.5,133.3
9692,11.53,Clear,Medium,Night,Scooter,9,7.1,56.5
9693,10.44,Clear,Medium,Morning,Car,7,5.9,45.4
9694,21.32,Clear,Medium,Evening,Scooter,17,5.1,102.7
9695,11.25,Rainy,Low,Afternoon,Scooter,12,2.4,53.5
9696,14.25,Clear,Medium,Night,Car,12,8.8,62.2
9697,6.54,Rainy,High,Night,Scooter,21,7.9,62.2
9698,18.84,Rainy,Low,Night,Car,19,1.8,88.7
9699,13.77,Clear,High,Evening,Scooter,8,4.0,99.5
9700,20.42,Rainy,Medium,Evening,Scooter,26,5.7,122.4
9701,19.74,Rainy,Medium,Evening,Scooter,29,4.8,121.2
9702,6.16,Clear,Medium,Morning,Car,22,4.3,51.4
9703,18.18,Clear,Medium,Evening,Scooter,11,7.3,82.0
9704,20.2,Rainy,High,Night,Scooter,14,1.0,155.0
9705,9.31,Stormy,Medium,Evening,Bike,5,5.0,65.2
9706,5.14,Clear,High,Morning,Car,30,3.0,62.1
9707,1.06,Clear,Medium,Morning,Bike,8,1.3,10.9
9708,11.82,Clear,Medium,Night,Bike,30,4.9,81.4
9709,9.46,Clear,High,Afternoon,Scooter,15,2.1,68.7
9710,14.32,Rainy,Low,Evening,Bike,19,3.0,80.6
9711,5.51,Clear,Medium,Evening,Bike,19,5.3,39.4
9712,21.63,Clear,Low,Morning,Bike,32,9.8,85.4
9713,7.19,Clear,High,Morning,Bike,27,7.0,61.9
9714,6.43,Clear,Medium,Afternoon,Bike,7,3.2,44.2
9715,12.54,Clear,High,Morning,Bike,23,4.1,93.6
9716,12.97,Clear,High,Morning,Car,24,4.4,96.5
9717,6.16,Clear,Low,Morning,Bike,28,2.0,51.9
9718,7.52,Foggy,Low,Morning,Scooter,18,2.0,53.4
9719,5.07,Foggy,Medium,Afternoon,Scooter,7,1.9,39.5
9720,18.24,Clear,Medium,Evening,Bike,12,5.5,84.5
9721,19.48,Clear,Low,Evening,Scooter,14,6.9,67.3
9722,12.1,Clear,Low,Evening,Bike,13,6.1,54.0
9723,18.14,Clear,Medium,Evening,Scooter,32,9.8,87.9
9724,18.66,Clear,Low,Evening,Bike,28,1.7,80.6
9725,4.32,Clear,High,Night,Car,19,9.9,37.4
9726,24.19,Rainy,High,Night,Bike,28,4.9,191.7
9727,20.7,Clear,High,Morning,Bike,13,2.6,127.3
9728,5.91,Clear,Low,Night,Bike,8,9.5,13.9
9729,5.47,Rainy,Low,Evening,Scooter,16,5.0,47.0
9730,4.02,Rainy,Medium,Morning,Bike,23,3.8,49.7
9731,4.32,Clear,High,Evening,Bike,28,2.5,55.3
9732,18.96,Clear,Medium,Evening,Bike,5,3.0,86.2
9733,12.27,Clear,Medium,Morning,Bike,18,9.8,63.4
9734,19.79,Clear,Low,Evening,Scooter,14,3.4,74.7
9735,18.91,Clear,Medium,Night,Bike,5,9.8,76.8
9736,15.51,Clear,Medium,Morning,Scooter,8,3.6,73.8
9737,17.47,Clear,Low,Afternoon,Bike,14,2.7,74.9
9738,1.44,Rainy,Medium,Afternoon,Bike,7,2.2,15.8
9739,8.48,Rainy,Medium,Afternoon,Bike,30,4.4,76.8
9740,16.31,Clear,Medium,Evening,Car,20,2.7,86.6
9741,1.22,Clear,Medium,Evening,Scooter,22,7.1,22.3
9742,1.79,Clear,High,Evening,Bike,29,2.8,41.3
9743,21.45,Clear,Medium,Evening,Scooter,16,8.4,92.0
9744,17.42,Clear,Medium,Morning,Scooter,32,8.4,92.3
9745,7.37,Foggy,High,Afternoon,Bike,32,3.2,100.6
9746,17.51,Rainy,High,Night,Bike,25,7.7,143.1
9747,20.02,Foggy,Medium,Morning,Bike,23,8.6,123.3
9748,8.36,Rainy,Low,Afternoon,Bike,13,6.1,41.6
9749,1.86,Stormy,High,Afternoon,Bike,28,4.0,68.1
9750,23.39,Rainy,Low,Morning,Scooter,24,4.7,112.5
9751,9.28,Stormy,High,Morning,Bike,30,8.0,135.7
9752,3.56,Clear,Low,Morning,Bike,9,3.3,16.8
9753,12.8,Clear,High,Night,Bike,31,3.7,108.0
9754,19.44,Rainy,Medium,Afternoon,Bike,32,2.0,138.0
9755,6.32,Stormy,High,Night,Bike,9,4.3,70.5
9756,7.47,Clear,Medium,Night,Scooter,12,1.3,39.0
9757,6.83,Clear,High,Night,Bike,11,3.5,52.2
9758,24.8,Clear,Low,Night,Scooter,23,4.0,89.3
9759,5.74,Rainy,Low,Night,Bike,26,2.9,41.8
9760,14.81,Clear,Low,Morning,Scooter,26,1.5,68.3
9761,23.21,Rainy,High,Night,Bike,22,5.5,173.0
9762,4.53,Stormy,Medium,Evening,Scooter,19,8.7,54.4
9763,24.3,Foggy,Medium,Morning,Scooter,33,3.7,178.0
9764,23.74,Clear,Medium,Afternoon,Bike,5,2.7,107.6
9765,22.23,Clear,High,Afternoon,Scooter,11,3.2,132.8
9766,6.15,Clear,Medium,Morning,Bike,23,8.7,41.7
9767,16.22,Clear,Medium,Night,Bike,9,5.5,71.7
9768,19.26,Clear,Medium,Morning,Car,12,1.7,88.1
9769,24.66,Rainy,High,Afternoon,Bike,9,7.2,149.6
9770,5.33,Clear,Low,Afternoon,Bike,31,2.0,35.8
9771,19.38,Foggy,Low,Morning,Bike,9,1.1,101.8
9772,9.13,Foggy,Low,Evening,Bike,9,2.9,45.1
9773,5.22,Clear,Medium,Evening,Car,15,2.1,34.0
9774,11.11,Stormy,Medium,Evening,Bike,11,6.2,91.6
9775,20.05,Rainy,Medium,Afternoon,Bike,6,5.1,90.6
9776,12.16,Clear,High,Evening,Bike,34,7.4,96.3
9777,13.9,Clear,Medium,Evening,Bike,21,5.4,69.7
9778,24.88,Clear,High,Morning,Bike,15,4.5,149.3
9779,10.58,Clear,Medium,Night,Bike,24,5.5,67.3
9780,15.77,Rainy,Low,Night,Bike,9,4.6,72.6
9781,9.77,Clear,Medium,Morning,Car,11,0.9,60.6
9782,10.43,Rainy,High,Night,Bike,5,7.0,72.4
9783,17.7,Clear,Low,Evening,Bike,13,9.6,63.2
9784,23.51,Clear,Medium,Afternoon,Car,15,4.5,122.1
9785,14.02,Rainy,Low,Evening,Scooter,32,4.5,72.9
9786,19.44,Rainy,Medium,Morning,Scooter,16,0.9,130.6
9787,3.14,Clear,Medium,Night,Scooter,14,9.0,32.7
9788,6.07,Clear,High,Morning,Bike,24,9.3,54.9
9789,13.05,Foggy,Medium,Morning,Scooter,26,8.2,91.2
9790,1.48,Rainy,Medium,Evening,Bike,15,1.5,21.9
9791,7.07,Clear,High,Night,Scooter,5,9.1,38.3
9792,13.42,Clear,Medium,Afternoon,Bike,29,0.7,92.8
9793,1.36,Clear,High,Evening,Car,24,4.7,23.3
9794,7.35,Clear,Medium,Morning,Scooter,9,5.3,47.9
9795,13.34,Rainy,High,Morning,Bike,19,8.4,103.9
9796,14.76,Foggy,High,Night,Bike,28,7.6,142.4
9797,23.22,Rainy,High,Morning,Bike,26,8.1,166.0
9798,16.49,Clear,Low,Morning,Scooter,14,8.7,63.5
9799,10.95,Foggy,Medium,Evening,Bike,16,5.0,78.8
9800,23.33,Clear,Medium,Night,Bike,18,7.9,108.7
9801,19.84,Foggy,Medium,Evening,Car,23,1.1,136.9
9802,5.8,Clear,Medium,Afternoon,Car,14,4.7,34.7
9803,4.14,Clear,Low,Morning,Car,28,0.8,30.3
9804,17.22,Rainy,Low,Evening,Bike,26,9.2,87.7
9805,14.44,Clear,Medium,Evening,Scooter,16,9.6,74.5
9806,19.95,Rainy,High,Night,Car,22,1.3,166.0
9807,18.73,Rainy,High,Morning,Bike,25,5.6,137.1
9808,16.01,Clear,Low,Evening,Bike,23,3.6,77.2
9809,24.67,Rainy,High,Morning,Scooter,8,3.8,168.5
9810,13.81,Clear,Low,Afternoon,Car,29,4.8,53.1
9811,3.71,Clear,Medium,Morning,Scooter,23,1.7,29.7
9812,20.88,Stormy,Low,Morning,Bike,25,2.2,138.7
9813,7.04,Foggy,High,Evening,Bike,18,6.0,73.9
9814,19.66,Clear,Medium,Night,Scooter,12,0.7,91.9
9815,23.97,Clear,Medium,Night,Bike,33,6.2,120.6
9816,17.72,Clear,Medium,Night,Scooter,29,3.5,105.5
9817,15.3,Rainy,Low,Afternoon,Bike,27,8.4,84.8
9818,12.05,Foggy,Medium,Afternoon,Bike,31,6.2,103.5
9819,9.75,Clear,Medium,Evening,Bike,8,7.2,37.0
9820,9.47,Foggy,Low,Night,Bike,29,1.6,76.2
9821,16.27,Clear,High,Afternoon,Scooter,20,3.0,109.1
9822,19.03,Clear,Medium,Night,Bike,16,10.0,94.2
9823,17.28,Foggy,Low,Night,Scooter,22,4.6,95.8
9824,5.76,Clear,Low,Afternoon,Scooter,16,3.9,37.1
9825,12.86,Clear,Low,Night,Bike,22,8.8,57.1
9826,20.0,Rainy,Medium,Morning,Car,8,0.8,115.4
9827,12.42,Clear,Medium,Evening,Scooter,20,5.6,66.3
9828,13.88,Clear,Low,Afternoon,Scooter,22,2.5,69.7
9829,19.51,Foggy,Medium,Afternoon,Car,23,4.0,137.1
9830,16.87,Rainy,Medium,Night,Bike,20,2.4,106.9
9831,10.82,Foggy,Medium,Afternoon,Bike,25,0.9,90.6
9832,22.49,Clear,High,Morning,Bike,7,4.5,122.2
9833,4.9,Clear,Low,Night,Bike,21,8.0,34.0
9834,24.89,Stormy,Medium,Morning,Bike,31,9.5,193.1
9835,3.85,Clear,Medium,Evening,Scooter,7,6.4,23.0
9836,1.36,Clear,Low,Evening,Bike,17,4.2,15.4
9837,22.36,Clear,Low,Morning,Bike,10,7.8,83.5
9838,6.88,Clear,Medium,Night,Bike,23,5.3,41.4
9839,18.51,Clear,High,Evening,Bike,13,4.0,117.0
9840,20.46,Foggy,High,Night,Scooter,23,2.2,186.0
9841,21.62,Stormy,Medium,Night,Scooter,15,8.1,152.4
9842,24.8,Rainy,Medium,Evening,Bike,7,5.3,120.3
9843,8.06,Rainy,Medium,Evening,Bike,19,9.7,57.6
9844,18.05,Foggy,Low,Morning,Bike,20,8.1,96.4
9845,3.77,Rainy,Low,Night,Scooter,7,4.5,29.9
9846,10.76,Clear,Medium,Morning,Car,9,7.5,53.1
9847,21.35,Clear,Medium,Afternoon,Bike,11,4.8,93.8
9848,9.82,Clear,Low,Afternoon,Scooter,25,1.3,56.8
9849,15.19,Clear,Low,Afternoon,Car,13,5.4,60.9
9850,13.09,Clear,Low,Afternoon,Bike,26,8.7,59.5
9851,16.5,Clear,Medium,Evening,Car,5,8.6,62.8
9852,24.35,Clear,Medium,Evening,Bike,29,6.0,126.3
9853,2.34,Clear,Low,Morning,Car,34,4.1,35.6
9854,14.78,Clear,Low,Evening,Bike,23,0.6,81.6
9855,21.71,Clear,Low,Evening,Bike,28,3.5,93.7
9856,12.55,Rainy,Low,Evening,Car,18,9.9,68.1
9857,2.88,Clear,Medium,Afternoon,Bike,32,7.4,46.6
9858,14.45,Foggy,Low,Morning,Car,19,7.3,76.4
9859,8.97,Stormy,Medium,Night,Bike,7,7.7,71.6
9860,4.72,Rainy,Medium,Night,Scooter,28,6.4,48.9
9861,21.38,Rainy,Medium,Night,Bike,8,6.1,109.7
9862,13.52,Foggy,Low,Afternoon,Car,21,4.8,74.7
9863,23.4,Clear,Low,Evening,Bike,31,4.7,98.4
9864,20.34,Stormy,Low,Evening,Bike,18,8.8,108.8
9865,17.63,Rainy,High,Night,Scooter,26,4.2,157.4
9866,1.12,Rainy,High,Night,Car,11,8.5,19.8
9867,11.27,Clear,Low,Morning,Bike,12,8.5,46.7
9868,5.74,Clear,Medium,Afternoon,Bike,20,7.8,41.1
9869,22.86,Rainy,Low,Evening,Bike,26,0.9,118.0
9870,5.19,Rainy,Low,Night,Bike,20,1.9,33.4
9871,7.87,Rainy,Medium,Night,Scooter,18,3.5,55.0
9872,13.4,Clear,Low,Morning,Bike,21,8.6,54.3
9873,7.32,Clear,Medium,Evening,Scooter,9,8.8,33.2
9874,6.04,Clear,Medium,Evening,Bike,13,0.9,34.0
9875,15.38,Clear,Medium,Morning,Bike,7,3.6,66.8
9876,3.13,Clear,High,Morning,Bike,25,8.6,45.4
9877,2.4,Clear,High,Evening,Scooter,26,2.9,49.1
9878,9.93,Clear,High,Morning,Bike,9,9.8,51.4
9879,18.3,Clear,Medium,Night,Bike,24,5.1,91.7
9880,14.32,Clear,Low,Evening,Bike,22,9.4,59.2
9881,11.15,Foggy,Medium,Afternoon,Scooter,25,4.6,88.5
9882,14.58,Rainy,High,Evening,Bike,14,3.6,111.2
9883,9.77,Rainy,Medium,Morning,Car,5,3.9,58.6
9884,23.47,Clear,High,Afternoon,Scooter,21,8.9,138.1
9885,2.32,Rainy,Low,Night,Bike,12,3.6,12.0
9886,17.16,Clear,Low,Night,Bike,33,6.9,73.5
9887,22.39,Stormy,Low,Night,Bike,24,5.0,136.1
9888,20.29,Rainy,Medium,Morning,Car,21,9.4,112.3
9889,5.42,Rainy,High,Evening,Bike,22,2.0,61.5
9890,8.1,Foggy,Medium,Morning,Bike,9,4.6,45.0
9891,18.21,Clear,High,Evening,Bike,11,1.7,102.8
9892,3.02,Clear,Medium,Morning,Scooter,33,6.0,52.0
9893,20.48,Rainy,Medium,Night,Scooter,32,4.3,129.7
9894,18.25,Clear,High,Morning,Car,9,1.1,110.3
9895,18.51,Clear,Low,Evening,Bike,31,8.6,78.3
9896,3.41,Rainy,High,Night,Bike,14,4.1,42.3
9897,18.23,Clear,Low,Night,Bike,10,5.2,69.3
9898,17.32,Rainy,Low,Afternoon,Car,11,4.4,77.6
9899,20.94,Foggy,Medium,Evening,Car,7,5.1,116.1
9900,2.0,Clear,High,Afternoon,Car,31,0.7,51.4
9901,1.55,Clear,Medium,Afternoon,Bike,14,8.2,19.3
9902,9.95,Clear,Medium,Afternoon,Bike,25,3.7,65.0
9903,4.57,Clear,High,Night,Bike,28,7.4,57.8
9904,14.4,Clear,Low,Afternoon,Bike,33,1.1,72.4
9905,23.02,Clear,High,Evening,Bike,31,5.5,153.7
9906,10.4,Clear,Medium,Evening,Bike,10,9.1,41.3
9907,21.28,Clear,Low,Afternoon,Bike,6,4.3,72.9
9908,1.01,Rainy,Medium,Afternoon,Bike,29,2.4,35.5
9909,5.04,Foggy,Low,Afternoon,Bike,6,1.4,33.8
9910,1.73,Rainy,Low,Afternoon,Bike,10,8.7,10.0
9911,8.88,Clear,Low,Afternoon,Scooter,31,2.8,51.2
9912,22.8,Clear,Low,Afternoon,Bike,22,9.8,80.5
9913,3.33,Rainy,Medium,Morning,Scooter,14,2.9,36.1
9914,15.55,Clear,Medium,Night,Bike,11,5.1,66.6
9915,11.84,Clear,Medium,Night,Scooter,21,4.9,67.5
9916,23.52,Foggy,Medium,Night,Bike,8,1.1,142.2
9917,3.94,Clear,High,Afternoon,Bike,16,5.6,43.6
9918,6.09,Clear,Low,Morning,Scooter,12,6.9,23.4
9919,1.71,Foggy,Medium,Night,Car,13,7.6,17.1
9920,11.41,Foggy,Low,Evening,Bike,14,5.5,63.4
9921,7.67,Clear,Medium,Night,Bike,23,8.2,42.6
9922,21.88,Clear,Medium,Night,Car,13,7.6,93.7
9923,15.52,Rainy,High,Night,Bike,32,2.3,147.0
9924,15.74,Rainy,High,Night,Bike,34,4.3,150.9
9925,13.77,Clear,Medium,Evening,Car,28,1.9,78.0
9926,3.2,Rainy,Low,Afternoon,Scooter,8,1.8,19.1
9927,11.68,Stormy,Low,Evening,Bike,20,7.3,81.2
9928,24.99,Clear,High,Evening,Car,5,5.5,130.0
9929,21.05,Foggy,Medium,Afternoon,Bike,14,6.2,123.3
9930,22.44,Stormy,High,Evening,Bike,20,7.5,219.2
9931,20.76,Clear,Medium,Evening,Scooter,25,3.1,107.9
9932,3.47,Rainy,High,Night,Bike,31,4.3,64.5
9933,6.46,Clear,High,Night,Bike,27,6.3,68.5
9934,1.07,Rainy,Medium,Afternoon,Car,25,1.4,33.8
9935,8.28,Rainy,Low,Night,Bike,31,8.4,63.1
9936,3.61,Clear,Medium,Afternoon,Scooter,9,3.8,15.2
9937,12.35,Rainy,High,Afternoon,Bike,25,6.8,107.6
9938,17.25,Foggy,High,Morning,Bike,7,10.0,120.5
9939,21.99,Clear,Low,Afternoon,Scooter,26,5.0,86.8
9940,18.98,Clear,Medium,Evening,Scooter,31,2.5,108.6
9941,23.53,Clear,High,Afternoon,Car,8,2.6,142.8
9942,2.29,Rainy,Medium,Morning,Car,14,1.1,24.5
9943,1.29,Stormy,High,Evening,Bike,6,7.8,23.5
9944,16.87,Foggy,High,Morning,Bike,24,3.3,158.4
9945,7.94,Clear,High,Night,Bike,26,2.1,75.7
9946,7.08,Clear,Low,Evening,Bike,33,7.3,45.8
9947,8.94,Clear,Low,Afternoon,Bike,10,3.4,32.2
9948,7.48,Clear,Low,Morning,Bike,18,6.2,40.5
9949,13.27,Clear,High,Afternoon,Scooter,31,4.5,100.0
9950,11.56,Clear,Medium,Night,Bike,29,3.7,77.1
9951,13.3,Clear,Low,Evening,Car,28,5.1,61.1
9952,17.15,Stormy,Medium,Afternoon,Bike,9,3.5,125.4
9953,10.29,Rainy,Medium,Night,Bike,30,8.8,77.1
9954,7.03,Rainy,High,Afternoon,Scooter,23,1.2,83.6
9955,4.99,Clear,Medium,Evening,Scooter,24,0.8,53.1
9956,9.39,Stormy,Medium,Night,Bike,34,4.4,112.8
9957,18.8,Rainy,Low,Night,Bike,25,2.1,96.1
9958,19.16,Foggy,High,Morning,Bike,19,7.6,144.4
9959,17.01,Clear,Low,Evening,Scooter,21,3.9,77.7
9960,6.62,Clear,Medium,Night,Car,33,3.0,60.1
9961,15.11,Clear,Low,Evening,Bike,16,3.9,60.7
9962,14.7,Clear,Low,Afternoon,Bike,29,2.6,72.0
9963,12.62,Rainy,Low,Evening,Bike,17,3.3,69.7
9964,14.2,Foggy,Medium,Morning,Bike,24,5.9,100.0
9965,12.8,Clear,Medium,Evening,Bike,28,8.7,69.7
9966,14.57,Clear,Low,Evening,Bike,25,4.0,60.2
9967,18.17,Rainy,Low,Afternoon,Bike,20,3.5,85.1
9968,3.63,Clear,High,Morning,Bike,19,7.9,37.6
9969,18.99,Rainy,Low,Afternoon,Bike,15,0.7,98.5
9970,4.26,Rainy,Low,Night,Bike,9,3.4,22.6
9971,2.6,Clear,Medium,Afternoon,Scooter,34,4.8,43.4
9972,24.43,Foggy,High,Morning,Car,32,6.2,215.2
9973,23.97,Clear,Low,Morning,Bike,22,2.0,100.4
9974,2.45,Foggy,High,Evening,Bike,28,4.6,69.9
9975,11.64,Rainy,Medium,Morning,Bike,32,5.9,91.0
9976,5.47,Foggy,Medium,Afternoon,Bike,17,5.3,48.2
9977,12.65,Clear,Low,Morning,Bike,15,6.0,49.3
9978,20.92,Clear,Medium,Night,Scooter,14,6.8,104.7
9979,23.81,Clear,Low,Morning,Bike,19,4.1,98.6
9980,16.22,Clear,Medium,Morning,Bike,11,1.1,73.3
9981,9.49,Foggy,Low,Afternoon,Scooter,34,1.0,87.9
9982,15.48,Clear,Medium,Evening,Bike,16,8.7,75.3
9983,8.49,Foggy,High,Evening,Bike,22,6.9,88.9
9984,22.84,Clear,Medium,Afternoon,Scooter,31,7.8,118.2
9985,21.89,Clear,Low,Evening,Bike,10,9.3,68.0
9986,14.4,Foggy,Medium,Night,Scooter,13,7.6,88.5
9987,8.8,Clear,Medium,Night,Car,20,7.1,50.7
9988,8.04,Rainy,Low,Evening,Scooter,12,6.7,38.9
9989,1.8,Clear,Medium,Afternoon,Bike,30,3.0,41.0
9990,20.58,Foggy,Low,Afternoon,Bike,16,9.6,93.1
9991,11.81,Rainy,Medium,Evening,Bike,23,5.6,82.6
9992,8.8,Rainy,High,Morning,Car,27,2.6,98.3
9993,12.31,Clear,Low,Evening,Car,20,2.5,61.6
9994,20.65,Clear,Low,Night,Bike,8,8.2,75.3
9995,3.99,Foggy,Low,Night,Car,31,2.9,48.3
9996,21.58,Foggy,High,Morning,Bike,24,0.9,192.5
9997,22.54,Clear,Medium,Night,Bike,20,4.6,119.9
9998,23.72,Clear,Low,Afternoon,Bike,11,8.3,67.5
9999,10.54,Clear,Medium,Morning,Bike,31,4.4,76.4
10000,6.21,Clear,Low,Morning,Car,17,8.1,30.3
